ISO-10303-21;
HEADER;
FILE_DESCRIPTION(('FreeCAD Model'),'2;1');
FILE_NAME('Open CASCADE Shape Model','2026-08-16T17:34:37',('Author'),(
    ''),'Open CASCADE STEP processor 7.8','FreeCAD','Unknown');
FILE_SCHEMA(('AUTOMOTIVE_DESIGN { 1 0 10303 214 1 1 1 1 }'));
ENDSEC;
DATA;
#1 = APPLICATION_PROTOCOL_DEFINITION('international standard',
  'automotive_design',2000,#2);
#2 = APPLICATION_CONTEXT(
  'core data for automotive mechanical design processes');
#3 = SHAPE_DEFINITION_REPRESENTATION(#4,#10);
#4 = PRODUCT_DEFINITION_SHAPE('','',#5);
#5 = PRODUCT_DEFINITION('design','',#6,#9);
#6 = PRODUCT_DEFINITION_FORMATION('','',#7);
#7 = PRODUCT('CoasterMechanism','CoasterMechanism','',(#8));
#8 = PRODUCT_CONTEXT('',#2,'mechanical');
#9 = PRODUCT_DEFINITION_CONTEXT('part definition',#2,'design');
#10 = SHAPE_REPRESENTATION('',(#11,#15,#19,#23,#27,#31,#35,#39),#43);
#11 = AXIS2_PLACEMENT_3D('',#12,#13,#14);
#12 = CARTESIAN_POINT('',(0.,0.,0.));
#13 = DIRECTION('',(0.,0.,1.));
#14 = DIRECTION('',(1.,0.,-0.));
#15 = AXIS2_PLACEMENT_3D('',#16,#17,#18);
#16 = CARTESIAN_POINT('',(0.,0.,0.));
#17 = DIRECTION('',(0.,0.,1.));
#18 = DIRECTION('',(1.,0.,0.));
#19 = AXIS2_PLACEMENT_3D('',#20,#21,#22);
#20 = CARTESIAN_POINT('',(0.,0.,0.6));
#21 = DIRECTION('',(0.,0.,1.));
#22 = DIRECTION('',(1.,0.,0.));
#23 = AXIS2_PLACEMENT_3D('',#24,#25,#26);
#24 = CARTESIAN_POINT('',(0.,0.,0.));
#25 = DIRECTION('',(0.,0.,1.));
#26 = DIRECTION('',(1.,0.,0.));
#27 = AXIS2_PLACEMENT_3D('',#28,#29,#30);
#28 = CARTESIAN_POINT('',(0.,0.,2.));
#29 = DIRECTION('',(0.,0.,1.));
#30 = DIRECTION('',(1.,0.,0.));
#31 = AXIS2_PLACEMENT_3D('',#32,#33,#34);
#32 = CARTESIAN_POINT('',(0.,0.,0.));
#33 = DIRECTION('',(0.,0.,1.));
#34 = DIRECTION('',(1.,0.,0.));
#35 = AXIS2_PLACEMENT_3D('',#36,#37,#38);
#36 = CARTESIAN_POINT('',(-2.,0.,3.5));
#37 = DIRECTION('',(0.,0.,1.));
#38 = DIRECTION('',(1.,0.,0.));
#39 = AXIS2_PLACEMENT_3D('',#40,#41,#42);
#40 = CARTESIAN_POINT('',(0.,0.,3.5));
#41 = DIRECTION('',(0.,0.,1.));
#42 = DIRECTION('',(1.,0.,0.));
#43 = ( GEOMETRIC_REPRESENTATION_CONTEXT(3) 
GLOBAL_UNCERTAINTY_ASSIGNED_CONTEXT((#47)) GLOBAL_UNIT_ASSIGNED_CONTEXT(
(#44,#45,#46)) REPRESENTATION_CONTEXT('Context #1',
  '3D Context with UNIT and UNCERTAINTY') );
#44 = ( LENGTH_UNIT() NAMED_UNIT(*) SI_UNIT(.MILLI.,.METRE.) );
#45 = ( NAMED_UNIT(*) PLANE_ANGLE_UNIT() SI_UNIT($,.RADIAN.) );
#46 = ( NAMED_UNIT(*) SI_UNIT($,.STERADIAN.) SOLID_ANGLE_UNIT() );
#47 = UNCERTAINTY_MEASURE_WITH_UNIT(LENGTH_MEASURE(1.E-05),#44,
  'distance_accuracy_value','confusion accuracy');
#48 = PRODUCT_RELATED_PRODUCT_CATEGORY('part',$,(#7));
#49 = SHAPE_DEFINITION_REPRESENTATION(#50,#56);
#50 = PRODUCT_DEFINITION_SHAPE('','',#51);
#51 = PRODUCT_DEFINITION('design','',#52,#55);
#52 = PRODUCT_DEFINITION_FORMATION('','',#53);
#53 = PRODUCT('Schieber','Schieber','',(#54));
#54 = PRODUCT_CONTEXT('',#2,'mechanical');
#55 = PRODUCT_DEFINITION_CONTEXT('part definition',#2,'design');
#56 = ADVANCED_BREP_SHAPE_REPRESENTATION('',(#11,#57),#710);
#57 = MANIFOLD_SOLID_BREP('',#58);
#58 = CLOSED_SHELL('',(#59,#101,#132,#164,#224,#248,#272,#290,#314,#390,
    #421,#446,#470,#503,#515,#552,#576,#600,#631,#655,#674,#688,#698));
#59 = ADVANCED_FACE('',(#60),#96,.F.);
#60 = FACE_BOUND('',#61,.T.);
#61 = EDGE_LOOP('',(#62,#72,#81,#89));
#62 = ORIENTED_EDGE('',*,*,#63,.T.);
#63 = EDGE_CURVE('',#64,#66,#68,.T.);
#64 = VERTEX_POINT('',#65);
#65 = CARTESIAN_POINT('',(77.602068451467,46.63,-2.42));
#66 = VERTEX_POINT('',#67);
#67 = CARTESIAN_POINT('',(77.602068451467,46.63,-4.92));
#68 = LINE('',#69,#70);
#69 = CARTESIAN_POINT('',(77.602068451467,46.63,-2.42));
#70 = VECTOR('',#71,1.);
#71 = DIRECTION('',(0.,0.,-1.));
#72 = ORIENTED_EDGE('',*,*,#73,.F.);
#73 = EDGE_CURVE('',#74,#66,#76,.T.);
#74 = VERTEX_POINT('',#75);
#75 = CARTESIAN_POINT('',(74.602068451467,46.63,-4.92));
#76 = CIRCLE('',#77,1.5);
#77 = AXIS2_PLACEMENT_3D('',#78,#79,#80);
#78 = CARTESIAN_POINT('',(76.102068451467,46.63,-4.92));
#79 = DIRECTION('',(0.,-0.,1.));
#80 = DIRECTION('',(-1.,0.,0.));
#81 = ORIENTED_EDGE('',*,*,#82,.F.);
#82 = EDGE_CURVE('',#83,#74,#85,.T.);
#83 = VERTEX_POINT('',#84);
#84 = CARTESIAN_POINT('',(74.602068451467,46.63,-2.42));
#85 = LINE('',#86,#87);
#86 = CARTESIAN_POINT('',(74.602068451467,46.63,-2.42));
#87 = VECTOR('',#88,1.);
#88 = DIRECTION('',(0.,0.,-1.));
#89 = ORIENTED_EDGE('',*,*,#90,.F.);
#90 = EDGE_CURVE('',#64,#83,#91,.T.);
#91 = CIRCLE('',#92,1.5);
#92 = AXIS2_PLACEMENT_3D('',#93,#94,#95);
#93 = CARTESIAN_POINT('',(76.102068451467,46.63,-2.42));
#94 = DIRECTION('',(0.,0.,-1.));
#95 = DIRECTION('',(1.,0.,0.));
#96 = CYLINDRICAL_SURFACE('',#97,1.5);
#97 = AXIS2_PLACEMENT_3D('',#98,#99,#100);
#98 = CARTESIAN_POINT('',(76.102068451467,46.63,-2.42));
#99 = DIRECTION('',(0.,0.,1.));
#100 = DIRECTION('',(1.,0.,0.));
#101 = ADVANCED_FACE('',(#102),#127,.F.);
#102 = FACE_BOUND('',#103,.F.);
#103 = EDGE_LOOP('',(#104,#105,#113,#121));
#104 = ORIENTED_EDGE('',*,*,#63,.T.);
#105 = ORIENTED_EDGE('',*,*,#106,.T.);
#106 = EDGE_CURVE('',#66,#107,#109,.T.);
#107 = VERTEX_POINT('',#108);
#108 = CARTESIAN_POINT('',(77.602068451467,52.63,-4.92));
#109 = LINE('',#110,#111);
#110 = CARTESIAN_POINT('',(77.602068451467,46.63,-4.92));
#111 = VECTOR('',#112,1.);
#112 = DIRECTION('',(0.,1.,0.));
#113 = ORIENTED_EDGE('',*,*,#114,.F.);
#114 = EDGE_CURVE('',#115,#107,#117,.T.);
#115 = VERTEX_POINT('',#116);
#116 = CARTESIAN_POINT('',(77.602068451467,52.63,-2.42));
#117 = LINE('',#118,#119);
#118 = CARTESIAN_POINT('',(77.602068451467,52.63,-2.42));
#119 = VECTOR('',#120,1.);
#120 = DIRECTION('',(0.,0.,-1.));
#121 = ORIENTED_EDGE('',*,*,#122,.F.);
#122 = EDGE_CURVE('',#64,#115,#123,.T.);
#123 = LINE('',#124,#125);
#124 = CARTESIAN_POINT('',(77.602068451467,46.63,-2.42));
#125 = VECTOR('',#126,1.);
#126 = DIRECTION('',(0.,1.,0.));
#127 = PLANE('',#128);
#128 = AXIS2_PLACEMENT_3D('',#129,#130,#131);
#129 = CARTESIAN_POINT('',(77.602068451467,46.63,-2.42));
#130 = DIRECTION('',(1.,0.,0.));
#131 = DIRECTION('',(0.,1.,0.));
#132 = ADVANCED_FACE('',(#133),#159,.F.);
#133 = FACE_BOUND('',#134,.T.);
#134 = EDGE_LOOP('',(#135,#143,#144,#152));
#135 = ORIENTED_EDGE('',*,*,#136,.F.);
#136 = EDGE_CURVE('',#74,#137,#139,.T.);
#137 = VERTEX_POINT('',#138);
#138 = CARTESIAN_POINT('',(73.343419004701,46.63,-6.42));
#139 = LINE('',#140,#141);
#140 = CARTESIAN_POINT('',(73.972743728084,46.63,-5.67));
#141 = VECTOR('',#142,1.);
#142 = DIRECTION('',(-0.642787609687,0.,-0.766044443119));
#143 = ORIENTED_EDGE('',*,*,#73,.T.);
#144 = ORIENTED_EDGE('',*,*,#145,.T.);
#145 = EDGE_CURVE('',#66,#146,#148,.T.);
#146 = VERTEX_POINT('',#147);
#147 = CARTESIAN_POINT('',(78.860717898233,46.63,-6.42));
#148 = LINE('',#149,#150);
#149 = CARTESIAN_POINT('',(78.23139317485,46.63,-5.67));
#150 = VECTOR('',#151,1.);
#151 = DIRECTION('',(0.642787609687,0.,-0.766044443119));
#152 = ORIENTED_EDGE('',*,*,#153,.F.);
#153 = EDGE_CURVE('',#137,#146,#154,.T.);
#154 = CIRCLE('',#155,2.758649446766);
#155 = AXIS2_PLACEMENT_3D('',#156,#157,#158);
#156 = CARTESIAN_POINT('',(76.102068451467,46.63,-6.42));
#157 = DIRECTION('',(0.,-0.,1.));
#158 = DIRECTION('',(-1.,0.,0.));
#159 = CONICAL_SURFACE('',#160,1.5,0.698131700798);
#160 = AXIS2_PLACEMENT_3D('',#161,#162,#163);
#161 = CARTESIAN_POINT('',(76.102068451467,46.63,-4.92));
#162 = DIRECTION('',(0.,0.,-1.));
#163 = DIRECTION('',(-1.,0.,0.));
#164 = ADVANCED_FACE('',(#165,#200),#219,.T.);
#165 = FACE_BOUND('',#166,.T.);
#166 = EDGE_LOOP('',(#167,#177,#185,#193));
#167 = ORIENTED_EDGE('',*,*,#168,.F.);
#168 = EDGE_CURVE('',#169,#171,#173,.T.);
#169 = VERTEX_POINT('',#170);
#170 = CARTESIAN_POINT('',(72.952813231387,42.416352695198,-2.42));
#171 = VERTEX_POINT('',#172);
#172 = CARTESIAN_POINT('',(73.605792351098,54.366402458803,-2.42));
#173 = LINE('',#174,#175);
#174 = CARTESIAN_POINT('',(72.952813231387,42.416352695198,-2.42));
#175 = VECTOR('',#176,1.);
#176 = DIRECTION('',(5.456098352107E-02,0.998510440144,0.));
#177 = ORIENTED_EDGE('',*,*,#178,.T.);
#178 = EDGE_CURVE('',#169,#179,#181,.T.);
#179 = VERTEX_POINT('',#180);
#180 = CARTESIAN_POINT('',(79.251323671548,42.416352695189,-2.42));
#181 = B_SPLINE_CURVE_WITH_KNOTS('',2,(#182,#183,#184),.UNSPECIFIED.,.F.
  ,.F.,(3,3),(0.,1.),.PIECEWISE_BEZIER_KNOTS.);
#182 = CARTESIAN_POINT('',(72.952813231387,42.416352695198,-2.42));
#183 = CARTESIAN_POINT('',(76.102068451467,46.63,-2.42));
#184 = CARTESIAN_POINT('',(79.251323671548,42.416352695189,-2.42));
#185 = ORIENTED_EDGE('',*,*,#186,.F.);
#186 = EDGE_CURVE('',#187,#179,#189,.T.);
#187 = VERTEX_POINT('',#188);
#188 = CARTESIAN_POINT('',(78.598344551836,54.366402458803,-2.42));
#189 = LINE('',#190,#191);
#190 = CARTESIAN_POINT('',(78.598344551836,54.366402458803,-2.42));
#191 = VECTOR('',#192,1.);
#192 = DIRECTION('',(5.456098352107E-02,-0.998510440144,0.));
#193 = ORIENTED_EDGE('',*,*,#194,.F.);
#194 = EDGE_CURVE('',#171,#187,#195,.T.);
#195 = CIRCLE('',#196,2.500000000008);
#196 = AXIS2_PLACEMENT_3D('',#197,#198,#199);
#197 = CARTESIAN_POINT('',(76.102068451467,54.23,-2.42));
#198 = DIRECTION('',(0.,0.,-1.));
#199 = DIRECTION('',(1.,0.,0.));
#200 = FACE_BOUND('',#201,.T.);
#201 = EDGE_LOOP('',(#202,#203,#211,#218));
#202 = ORIENTED_EDGE('',*,*,#90,.T.);
#203 = ORIENTED_EDGE('',*,*,#204,.T.);
#204 = EDGE_CURVE('',#83,#205,#207,.T.);
#205 = VERTEX_POINT('',#206);
#206 = CARTESIAN_POINT('',(74.602068451467,52.63,-2.42));
#207 = LINE('',#208,#209);
#208 = CARTESIAN_POINT('',(74.602068451467,46.63,-2.42));
#209 = VECTOR('',#210,1.);
#210 = DIRECTION('',(0.,1.,0.));
#211 = ORIENTED_EDGE('',*,*,#212,.T.);
#212 = EDGE_CURVE('',#205,#115,#213,.T.);
#213 = CIRCLE('',#214,1.5);
#214 = AXIS2_PLACEMENT_3D('',#215,#216,#217);
#215 = CARTESIAN_POINT('',(76.102068451467,52.63,-2.42));
#216 = DIRECTION('',(0.,0.,-1.));
#217 = DIRECTION('',(1.,0.,0.));
#218 = ORIENTED_EDGE('',*,*,#122,.F.);
#219 = PLANE('',#220);
#220 = AXIS2_PLACEMENT_3D('',#221,#222,#223);
#221 = CARTESIAN_POINT('',(64.637199216029,47.310947174838,-2.42));
#222 = DIRECTION('',(0.,0.,1.));
#223 = DIRECTION('',(1.,0.,0.));
#224 = ADVANCED_FACE('',(#225),#243,.T.);
#225 = FACE_BOUND('',#226,.T.);
#226 = EDGE_LOOP('',(#227,#228,#236,#242));
#227 = ORIENTED_EDGE('',*,*,#82,.T.);
#228 = ORIENTED_EDGE('',*,*,#229,.F.);
#229 = EDGE_CURVE('',#230,#74,#232,.T.);
#230 = VERTEX_POINT('',#231);
#231 = CARTESIAN_POINT('',(74.602068451467,52.63,-4.92));
#232 = LINE('',#233,#234);
#233 = CARTESIAN_POINT('',(74.602068451467,52.63,-4.92));
#234 = VECTOR('',#235,1.);
#235 = DIRECTION('',(-0.,-1.,-0.));
#236 = ORIENTED_EDGE('',*,*,#237,.F.);
#237 = EDGE_CURVE('',#205,#230,#238,.T.);
#238 = LINE('',#239,#240);
#239 = CARTESIAN_POINT('',(74.602068451467,52.63,-2.42));
#240 = VECTOR('',#241,1.);
#241 = DIRECTION('',(0.,0.,-1.));
#242 = ORIENTED_EDGE('',*,*,#204,.F.);
#243 = PLANE('',#244);
#244 = AXIS2_PLACEMENT_3D('',#245,#246,#247);
#245 = CARTESIAN_POINT('',(74.602068451467,46.63,-2.42));
#246 = DIRECTION('',(1.,0.,0.));
#247 = DIRECTION('',(0.,1.,0.));
#248 = ADVANCED_FACE('',(#249),#267,.F.);
#249 = FACE_BOUND('',#250,.T.);
#250 = EDGE_LOOP('',(#251,#252,#253,#261));
#251 = ORIENTED_EDGE('',*,*,#145,.F.);
#252 = ORIENTED_EDGE('',*,*,#106,.T.);
#253 = ORIENTED_EDGE('',*,*,#254,.T.);
#254 = EDGE_CURVE('',#107,#255,#257,.T.);
#255 = VERTEX_POINT('',#256);
#256 = CARTESIAN_POINT('',(78.860717898233,52.63,-6.42));
#257 = LINE('',#258,#259);
#258 = CARTESIAN_POINT('',(78.23139317485,52.63,-5.67));
#259 = VECTOR('',#260,1.);
#260 = DIRECTION('',(0.642787609687,0.,-0.766044443119));
#261 = ORIENTED_EDGE('',*,*,#262,.F.);
#262 = EDGE_CURVE('',#146,#255,#263,.T.);
#263 = LINE('',#264,#265);
#264 = CARTESIAN_POINT('',(78.860717898233,46.63,-6.42));
#265 = VECTOR('',#266,1.);
#266 = DIRECTION('',(0.,1.,0.));
#267 = PLANE('',#268);
#268 = AXIS2_PLACEMENT_3D('',#269,#270,#271);
#269 = CARTESIAN_POINT('',(78.23139317485,46.63,-5.67));
#270 = DIRECTION('',(0.766044443119,0.,0.642787609687));
#271 = DIRECTION('',(-0.,-1.,-0.));
#272 = ADVANCED_FACE('',(#273),#285,.F.);
#273 = FACE_BOUND('',#274,.T.);
#274 = EDGE_LOOP('',(#275,#276,#283,#284));
#275 = ORIENTED_EDGE('',*,*,#237,.T.);
#276 = ORIENTED_EDGE('',*,*,#277,.F.);
#277 = EDGE_CURVE('',#107,#230,#278,.T.);
#278 = CIRCLE('',#279,1.5);
#279 = AXIS2_PLACEMENT_3D('',#280,#281,#282);
#280 = CARTESIAN_POINT('',(76.102068451467,52.63,-4.92));
#281 = DIRECTION('',(0.,0.,1.));
#282 = DIRECTION('',(1.,0.,0.));
#283 = ORIENTED_EDGE('',*,*,#114,.F.);
#284 = ORIENTED_EDGE('',*,*,#212,.F.);
#285 = CYLINDRICAL_SURFACE('',#286,1.5);
#286 = AXIS2_PLACEMENT_3D('',#287,#288,#289);
#287 = CARTESIAN_POINT('',(76.102068451467,52.63,-2.42));
#288 = DIRECTION('',(0.,0.,1.));
#289 = DIRECTION('',(1.,0.,0.));
#290 = ADVANCED_FACE('',(#291),#309,.T.);
#291 = FACE_BOUND('',#292,.T.);
#292 = EDGE_LOOP('',(#293,#301,#302,#303));
#293 = ORIENTED_EDGE('',*,*,#294,.F.);
#294 = EDGE_CURVE('',#230,#295,#297,.T.);
#295 = VERTEX_POINT('',#296);
#296 = CARTESIAN_POINT('',(73.343419004701,52.63,-6.42));
#297 = LINE('',#298,#299);
#298 = CARTESIAN_POINT('',(74.602068451467,52.63,-4.92));
#299 = VECTOR('',#300,1.);
#300 = DIRECTION('',(-0.642787609687,7.871877887342E-17,-0.766044443119)
  );
#301 = ORIENTED_EDGE('',*,*,#229,.T.);
#302 = ORIENTED_EDGE('',*,*,#136,.T.);
#303 = ORIENTED_EDGE('',*,*,#304,.F.);
#304 = EDGE_CURVE('',#295,#137,#305,.T.);
#305 = LINE('',#306,#307);
#306 = CARTESIAN_POINT('',(73.343419004701,52.63,-6.42));
#307 = VECTOR('',#308,1.);
#308 = DIRECTION('',(-0.,-1.,-0.));
#309 = PLANE('',#310);
#310 = AXIS2_PLACEMENT_3D('',#311,#312,#313);
#311 = CARTESIAN_POINT('',(73.972743728084,52.63,-5.67));
#312 = DIRECTION('',(0.766044443119,0.,-0.642787609687));
#313 = DIRECTION('',(0.,-1.,0.));
#314 = ADVANCED_FACE('',(#315,#327),#385,.T.);
#315 = FACE_BOUND('',#316,.T.);
#316 = EDGE_LOOP('',(#317,#318,#325,#326));
#317 = ORIENTED_EDGE('',*,*,#262,.T.);
#318 = ORIENTED_EDGE('',*,*,#319,.T.);
#319 = EDGE_CURVE('',#255,#295,#320,.T.);
#320 = CIRCLE('',#321,2.758649446766);
#321 = AXIS2_PLACEMENT_3D('',#322,#323,#324);
#322 = CARTESIAN_POINT('',(76.102068451467,52.63,-6.42));
#323 = DIRECTION('',(0.,0.,1.));
#324 = DIRECTION('',(1.,0.,0.));
#325 = ORIENTED_EDGE('',*,*,#304,.T.);
#326 = ORIENTED_EDGE('',*,*,#153,.T.);
#327 = FACE_BOUND('',#328,.T.);
#328 = EDGE_LOOP('',(#329,#339,#347,#355,#363,#371,#379));
#329 = ORIENTED_EDGE('',*,*,#330,.T.);
#330 = EDGE_CURVE('',#331,#333,#335,.T.);
#331 = VERTEX_POINT('',#332);
#332 = CARTESIAN_POINT('',(72.95281323139,42.416352695205,-6.42));
#333 = VERTEX_POINT('',#334);
#334 = CARTESIAN_POINT('',(39.251323671548,42.416352695198,-6.42));
#335 = LINE('',#336,#337);
#336 = CARTESIAN_POINT('',(72.952813231387,42.416352695198,-6.42));
#337 = VECTOR('',#338,1.);
#338 = DIRECTION('',(-1.,0.,0.));
#339 = ORIENTED_EDGE('',*,*,#340,.T.);
#340 = EDGE_CURVE('',#333,#341,#343,.T.);
#341 = VERTEX_POINT('',#342);
#342 = CARTESIAN_POINT('',(39.251323671548,47.416352695198,-6.42));
#343 = LINE('',#344,#345);
#344 = CARTESIAN_POINT('',(39.251323671548,42.416352695198,-6.42));
#345 = VECTOR('',#346,1.);
#346 = DIRECTION('',(0.,1.,0.));
#347 = ORIENTED_EDGE('',*,*,#348,.T.);
#348 = EDGE_CURVE('',#341,#349,#351,.T.);
#349 = VERTEX_POINT('',#350);
#350 = CARTESIAN_POINT('',(72.952813231395,47.416352695198,-6.42));
#351 = LINE('',#352,#353);
#352 = CARTESIAN_POINT('',(39.251323671548,47.416352695198,-6.42));
#353 = VECTOR('',#354,1.);
#354 = DIRECTION('',(1.,0.,0.));
#355 = ORIENTED_EDGE('',*,*,#356,.T.);
#356 = EDGE_CURVE('',#349,#357,#359,.T.);
#357 = VERTEX_POINT('',#358);
#358 = CARTESIAN_POINT('',(72.952813231395,57.416352695189,-6.42));
#359 = LINE('',#360,#361);
#360 = CARTESIAN_POINT('',(72.952813231395,47.416352695198,-6.42));
#361 = VECTOR('',#362,1.);
#362 = DIRECTION('',(0.,1.,0.));
#363 = ORIENTED_EDGE('',*,*,#364,.T.);
#364 = EDGE_CURVE('',#357,#365,#367,.T.);
#365 = VERTEX_POINT('',#366);
#366 = CARTESIAN_POINT('',(79.251323671548,57.416352695189,-6.42));
#367 = LINE('',#368,#369);
#368 = CARTESIAN_POINT('',(72.952813231395,57.416352695189,-6.42));
#369 = VECTOR('',#370,1.);
#370 = DIRECTION('',(1.,0.,0.));
#371 = ORIENTED_EDGE('',*,*,#372,.T.);
#372 = EDGE_CURVE('',#365,#373,#375,.T.);
#373 = VERTEX_POINT('',#374);
#374 = CARTESIAN_POINT('',(79.251323671545,42.416352695193,-6.42));
#375 = LINE('',#376,#377);
#376 = CARTESIAN_POINT('',(79.251323671548,57.416352695189,-6.42));
#377 = VECTOR('',#378,1.);
#378 = DIRECTION('',(-1.894780628694E-15,-1.,0.));
#379 = ORIENTED_EDGE('',*,*,#380,.F.);
#380 = EDGE_CURVE('',#331,#373,#381,.T.);
#381 = LINE('',#382,#383);
#382 = CARTESIAN_POINT('',(72.952813231395,42.416352695219,-6.42));
#383 = VECTOR('',#384,1.);
#384 = DIRECTION('',(1.,-2.745825438055E-12,0.));
#385 = PLANE('',#386);
#386 = AXIS2_PLACEMENT_3D('',#387,#388,#389);
#387 = CARTESIAN_POINT('',(62.315095449713,46.852580917029,-6.42));
#388 = DIRECTION('',(-0.,-0.,-1.));
#389 = DIRECTION('',(-1.,0.,0.));
#390 = ADVANCED_FACE('',(#391),#416,.F.);
#391 = FACE_BOUND('',#392,.F.);
#392 = EDGE_LOOP('',(#393,#401,#409,#415));
#393 = ORIENTED_EDGE('',*,*,#394,.T.);
#394 = EDGE_CURVE('',#169,#395,#397,.T.);
#395 = VERTEX_POINT('',#396);
#396 = CARTESIAN_POINT('',(72.952813231387,42.416352695198,-0.42));
#397 = LINE('',#398,#399);
#398 = CARTESIAN_POINT('',(72.952813231387,42.416352695198,-2.42));
#399 = VECTOR('',#400,1.);
#400 = DIRECTION('',(0.,0.,1.));
#401 = ORIENTED_EDGE('',*,*,#402,.T.);
#402 = EDGE_CURVE('',#395,#403,#405,.T.);
#403 = VERTEX_POINT('',#404);
#404 = CARTESIAN_POINT('',(73.605792351098,54.366402458803,-0.42));
#405 = LINE('',#406,#407);
#406 = CARTESIAN_POINT('',(72.952813231387,42.416352695198,-0.42));
#407 = VECTOR('',#408,1.);
#408 = DIRECTION('',(5.456098352107E-02,0.998510440144,0.));
#409 = ORIENTED_EDGE('',*,*,#410,.F.);
#410 = EDGE_CURVE('',#171,#403,#411,.T.);
#411 = LINE('',#412,#413);
#412 = CARTESIAN_POINT('',(73.605792351098,54.366402458803,-2.42));
#413 = VECTOR('',#414,1.);
#414 = DIRECTION('',(0.,0.,1.));
#415 = ORIENTED_EDGE('',*,*,#168,.F.);
#416 = PLANE('',#417);
#417 = AXIS2_PLACEMENT_3D('',#418,#419,#420);
#418 = CARTESIAN_POINT('',(72.952813231387,42.416352695198,-2.42));
#419 = DIRECTION('',(-0.998510440144,5.456098352107E-02,0.));
#420 = DIRECTION('',(5.456098352107E-02,0.998510440144,0.));
#421 = ADVANCED_FACE('',(#422),#441,.F.);
#422 = FACE_BOUND('',#423,.F.);
#423 = EDGE_LOOP('',(#424,#425,#434,#440));
#424 = ORIENTED_EDGE('',*,*,#410,.T.);
#425 = ORIENTED_EDGE('',*,*,#426,.T.);
#426 = EDGE_CURVE('',#403,#427,#429,.T.);
#427 = VERTEX_POINT('',#428);
#428 = CARTESIAN_POINT('',(78.598344551836,54.366402458803,-0.42));
#429 = CIRCLE('',#430,2.500000000008);
#430 = AXIS2_PLACEMENT_3D('',#431,#432,#433);
#431 = CARTESIAN_POINT('',(76.102068451467,54.23,-0.42));
#432 = DIRECTION('',(0.,0.,-1.));
#433 = DIRECTION('',(1.,0.,0.));
#434 = ORIENTED_EDGE('',*,*,#435,.F.);
#435 = EDGE_CURVE('',#187,#427,#436,.T.);
#436 = LINE('',#437,#438);
#437 = CARTESIAN_POINT('',(78.598344551836,54.366402458803,-2.42));
#438 = VECTOR('',#439,1.);
#439 = DIRECTION('',(0.,0.,1.));
#440 = ORIENTED_EDGE('',*,*,#194,.F.);
#441 = CYLINDRICAL_SURFACE('',#442,2.500000000008);
#442 = AXIS2_PLACEMENT_3D('',#443,#444,#445);
#443 = CARTESIAN_POINT('',(76.102068451467,54.23,-2.42));
#444 = DIRECTION('',(0.,0.,-1.));
#445 = DIRECTION('',(1.,0.,0.));
#446 = ADVANCED_FACE('',(#447),#465,.F.);
#447 = FACE_BOUND('',#448,.F.);
#448 = EDGE_LOOP('',(#449,#450,#458,#464));
#449 = ORIENTED_EDGE('',*,*,#435,.T.);
#450 = ORIENTED_EDGE('',*,*,#451,.T.);
#451 = EDGE_CURVE('',#427,#452,#454,.T.);
#452 = VERTEX_POINT('',#453);
#453 = CARTESIAN_POINT('',(79.251323671548,42.416352695189,-0.42));
#454 = LINE('',#455,#456);
#455 = CARTESIAN_POINT('',(78.598344551836,54.366402458803,-0.42));
#456 = VECTOR('',#457,1.);
#457 = DIRECTION('',(5.456098352107E-02,-0.998510440144,0.));
#458 = ORIENTED_EDGE('',*,*,#459,.F.);
#459 = EDGE_CURVE('',#179,#452,#460,.T.);
#460 = LINE('',#461,#462);
#461 = CARTESIAN_POINT('',(79.251323671548,42.416352695189,-2.42));
#462 = VECTOR('',#463,1.);
#463 = DIRECTION('',(0.,0.,1.));
#464 = ORIENTED_EDGE('',*,*,#186,.F.);
#465 = PLANE('',#466);
#466 = AXIS2_PLACEMENT_3D('',#467,#468,#469);
#467 = CARTESIAN_POINT('',(78.598344551836,54.366402458803,-2.42));
#468 = DIRECTION('',(0.998510440144,5.456098352107E-02,0.));
#469 = DIRECTION('',(5.456098352107E-02,-0.998510440144,0.));
#470 = ADVANCED_FACE('',(#471),#496,.T.);
#471 = FACE_BOUND('',#472,.T.);
#472 = EDGE_LOOP('',(#473,#474,#482,#490));
#473 = ORIENTED_EDGE('',*,*,#178,.F.);
#474 = ORIENTED_EDGE('',*,*,#475,.T.);
#475 = EDGE_CURVE('',#169,#476,#478,.T.);
#476 = VERTEX_POINT('',#477);
#477 = CARTESIAN_POINT('',(72.952813231391,42.416352695209,-3.92));
#478 = LINE('',#479,#480);
#479 = CARTESIAN_POINT('',(72.952813231387,42.416352695198,-2.42));
#480 = VECTOR('',#481,1.);
#481 = DIRECTION('',(0.,0.,-1.));
#482 = ORIENTED_EDGE('',*,*,#483,.T.);
#483 = EDGE_CURVE('',#476,#484,#486,.T.);
#484 = VERTEX_POINT('',#485);
#485 = CARTESIAN_POINT('',(79.251323671544,42.416352695196,-3.92));
#486 = B_SPLINE_CURVE_WITH_KNOTS('',2,(#487,#488,#489),.UNSPECIFIED.,.F.
  ,.F.,(3,3),(0.,1.),.PIECEWISE_BEZIER_KNOTS.);
#487 = CARTESIAN_POINT('',(72.952813231387,42.416352695198,-3.92));
#488 = CARTESIAN_POINT('',(76.102068451467,46.63,-3.92));
#489 = CARTESIAN_POINT('',(79.251323671548,42.416352695189,-3.92));
#490 = ORIENTED_EDGE('',*,*,#491,.F.);
#491 = EDGE_CURVE('',#179,#484,#492,.T.);
#492 = LINE('',#493,#494);
#493 = CARTESIAN_POINT('',(79.251323671548,42.416352695189,-2.42));
#494 = VECTOR('',#495,1.);
#495 = DIRECTION('',(0.,0.,-1.));
#496 = SURFACE_OF_LINEAR_EXTRUSION('',#497,#501);
#497 = B_SPLINE_CURVE_WITH_KNOTS('',2,(#498,#499,#500),.UNSPECIFIED.,.F.
  ,.F.,(3,3),(0.,1.),.PIECEWISE_BEZIER_KNOTS.);
#498 = CARTESIAN_POINT('',(72.952813231387,42.416352695198,-2.42));
#499 = CARTESIAN_POINT('',(76.102068451467,46.63,-2.42));
#500 = CARTESIAN_POINT('',(79.251323671548,42.416352695189,-2.42));
#501 = VECTOR('',#502,1.);
#502 = DIRECTION('',(0.,0.,1.));
#503 = ADVANCED_FACE('',(#504),#510,.F.);
#504 = FACE_BOUND('',#505,.T.);
#505 = EDGE_LOOP('',(#506,#507,#508,#509));
#506 = ORIENTED_EDGE('',*,*,#254,.F.);
#507 = ORIENTED_EDGE('',*,*,#277,.T.);
#508 = ORIENTED_EDGE('',*,*,#294,.T.);
#509 = ORIENTED_EDGE('',*,*,#319,.F.);
#510 = CONICAL_SURFACE('',#511,1.5,0.698131700798);
#511 = AXIS2_PLACEMENT_3D('',#512,#513,#514);
#512 = CARTESIAN_POINT('',(76.102068451467,52.63,-4.92));
#513 = DIRECTION('',(0.,0.,-1.));
#514 = DIRECTION('',(1.,0.,0.));
#515 = ADVANCED_FACE('',(#516),#547,.T.);
#516 = FACE_BOUND('',#517,.T.);
#517 = EDGE_LOOP('',(#518,#524,#530,#531,#539,#545,#546));
#518 = ORIENTED_EDGE('',*,*,#519,.F.);
#519 = EDGE_CURVE('',#484,#373,#520,.T.);
#520 = LINE('',#521,#522);
#521 = CARTESIAN_POINT('',(79.251323671548,42.416352695189,-2.42));
#522 = VECTOR('',#523,1.);
#523 = DIRECTION('',(0.,0.,-1.));
#524 = ORIENTED_EDGE('',*,*,#525,.F.);
#525 = EDGE_CURVE('',#476,#484,#526,.T.);
#526 = LINE('',#527,#528);
#527 = CARTESIAN_POINT('',(72.952813231395,42.416352695219,-3.92));
#528 = VECTOR('',#529,1.);
#529 = DIRECTION('',(1.,-2.745825438055E-12,0.));
#530 = ORIENTED_EDGE('',*,*,#475,.F.);
#531 = ORIENTED_EDGE('',*,*,#532,.T.);
#532 = EDGE_CURVE('',#169,#533,#535,.T.);
#533 = VERTEX_POINT('',#534);
#534 = CARTESIAN_POINT('',(39.251323671548,42.416352695198,-2.42));
#535 = LINE('',#536,#537);
#536 = CARTESIAN_POINT('',(72.952813231387,42.416352695198,-2.42));
#537 = VECTOR('',#538,1.);
#538 = DIRECTION('',(-1.,0.,0.));
#539 = ORIENTED_EDGE('',*,*,#540,.T.);
#540 = EDGE_CURVE('',#533,#333,#541,.T.);
#541 = LINE('',#542,#543);
#542 = CARTESIAN_POINT('',(39.251323671548,42.416352695198,-2.42));
#543 = VECTOR('',#544,1.);
#544 = DIRECTION('',(0.,0.,-1.));
#545 = ORIENTED_EDGE('',*,*,#330,.F.);
#546 = ORIENTED_EDGE('',*,*,#380,.T.);
#547 = PLANE('',#548);
#548 = AXIS2_PLACEMENT_3D('',#549,#550,#551);
#549 = CARTESIAN_POINT('',(59.14396269813,42.4163526952,-4.527360973412)
  );
#550 = DIRECTION('',(6.407356940408E-14,-1.,-2.19377024905E-13));
#551 = DIRECTION('',(0.,2.19377024905E-13,-1.));
#552 = ADVANCED_FACE('',(#553),#571,.F.);
#553 = FACE_BOUND('',#554,.F.);
#554 = EDGE_LOOP('',(#555,#556,#557,#565));
#555 = ORIENTED_EDGE('',*,*,#540,.T.);
#556 = ORIENTED_EDGE('',*,*,#340,.T.);
#557 = ORIENTED_EDGE('',*,*,#558,.F.);
#558 = EDGE_CURVE('',#559,#341,#561,.T.);
#559 = VERTEX_POINT('',#560);
#560 = CARTESIAN_POINT('',(39.251323671548,47.416352695198,-2.42));
#561 = LINE('',#562,#563);
#562 = CARTESIAN_POINT('',(39.251323671548,47.416352695198,-2.42));
#563 = VECTOR('',#564,1.);
#564 = DIRECTION('',(0.,0.,-1.));
#565 = ORIENTED_EDGE('',*,*,#566,.F.);
#566 = EDGE_CURVE('',#533,#559,#567,.T.);
#567 = LINE('',#568,#569);
#568 = CARTESIAN_POINT('',(39.251323671548,42.416352695198,-2.42));
#569 = VECTOR('',#570,1.);
#570 = DIRECTION('',(0.,1.,0.));
#571 = PLANE('',#572);
#572 = AXIS2_PLACEMENT_3D('',#573,#574,#575);
#573 = CARTESIAN_POINT('',(39.251323671548,42.416352695198,-2.42));
#574 = DIRECTION('',(1.,0.,0.));
#575 = DIRECTION('',(0.,1.,0.));
#576 = ADVANCED_FACE('',(#577),#595,.F.);
#577 = FACE_BOUND('',#578,.F.);
#578 = EDGE_LOOP('',(#579,#580,#581,#589));
#579 = ORIENTED_EDGE('',*,*,#558,.T.);
#580 = ORIENTED_EDGE('',*,*,#348,.T.);
#581 = ORIENTED_EDGE('',*,*,#582,.F.);
#582 = EDGE_CURVE('',#583,#349,#585,.T.);
#583 = VERTEX_POINT('',#584);
#584 = CARTESIAN_POINT('',(72.952813231395,47.416352695198,-2.42));
#585 = LINE('',#586,#587);
#586 = CARTESIAN_POINT('',(72.952813231395,47.416352695198,-2.42));
#587 = VECTOR('',#588,1.);
#588 = DIRECTION('',(0.,0.,-1.));
#589 = ORIENTED_EDGE('',*,*,#590,.F.);
#590 = EDGE_CURVE('',#559,#583,#591,.T.);
#591 = LINE('',#592,#593);
#592 = CARTESIAN_POINT('',(39.251323671548,47.416352695198,-2.42));
#593 = VECTOR('',#594,1.);
#594 = DIRECTION('',(1.,0.,0.));
#595 = PLANE('',#596);
#596 = AXIS2_PLACEMENT_3D('',#597,#598,#599);
#597 = CARTESIAN_POINT('',(39.251323671548,47.416352695198,-2.42));
#598 = DIRECTION('',(0.,-1.,0.));
#599 = DIRECTION('',(1.,0.,0.));
#600 = ADVANCED_FACE('',(#601),#626,.T.);
#601 = FACE_BOUND('',#602,.T.);
#602 = EDGE_LOOP('',(#603,#604,#612,#618,#619,#620));
#603 = ORIENTED_EDGE('',*,*,#394,.T.);
#604 = ORIENTED_EDGE('',*,*,#605,.T.);
#605 = EDGE_CURVE('',#395,#606,#608,.T.);
#606 = VERTEX_POINT('',#607);
#607 = CARTESIAN_POINT('',(72.952813231387,57.416352695189,-0.42));
#608 = LINE('',#609,#610);
#609 = CARTESIAN_POINT('',(72.952813231387,42.416352695198,-0.42));
#610 = VECTOR('',#611,1.);
#611 = DIRECTION('',(0.,1.,0.));
#612 = ORIENTED_EDGE('',*,*,#613,.T.);
#613 = EDGE_CURVE('',#606,#357,#614,.T.);
#614 = LINE('',#615,#616);
#615 = CARTESIAN_POINT('',(72.952813231395,57.416352695189,-2.42));
#616 = VECTOR('',#617,1.);
#617 = DIRECTION('',(0.,0.,-1.));
#618 = ORIENTED_EDGE('',*,*,#356,.F.);
#619 = ORIENTED_EDGE('',*,*,#582,.F.);
#620 = ORIENTED_EDGE('',*,*,#621,.F.);
#621 = EDGE_CURVE('',#169,#583,#622,.T.);
#622 = LINE('',#623,#624);
#623 = CARTESIAN_POINT('',(72.952813231387,42.416352695198,-2.42));
#624 = VECTOR('',#625,1.);
#625 = DIRECTION('',(0.,1.,0.));
#626 = PLANE('',#627);
#627 = AXIS2_PLACEMENT_3D('',#628,#629,#630);
#628 = CARTESIAN_POINT('',(72.95281323139,50.392543171385,
    -2.943809523809));
#629 = DIRECTION('',(-1.,7.096563104448E-14,-1.324014878209E-12));
#630 = DIRECTION('',(1.324014878209E-12,0.,-1.));
#631 = ADVANCED_FACE('',(#632),#650,.T.);
#632 = FACE_BOUND('',#633,.T.);
#633 = EDGE_LOOP('',(#634,#642,#648,#649));
#634 = ORIENTED_EDGE('',*,*,#635,.T.);
#635 = EDGE_CURVE('',#606,#636,#638,.T.);
#636 = VERTEX_POINT('',#637);
#637 = CARTESIAN_POINT('',(79.251323671548,57.416352695189,-0.42));
#638 = LINE('',#639,#640);
#639 = CARTESIAN_POINT('',(72.952813231387,57.416352695189,-0.42));
#640 = VECTOR('',#641,1.);
#641 = DIRECTION('',(1.,0.,0.));
#642 = ORIENTED_EDGE('',*,*,#643,.T.);
#643 = EDGE_CURVE('',#636,#365,#644,.T.);
#644 = LINE('',#645,#646);
#645 = CARTESIAN_POINT('',(79.251323671548,57.416352695189,-2.42));
#646 = VECTOR('',#647,1.);
#647 = DIRECTION('',(0.,0.,-1.));
#648 = ORIENTED_EDGE('',*,*,#364,.F.);
#649 = ORIENTED_EDGE('',*,*,#613,.F.);
#650 = PLANE('',#651);
#651 = AXIS2_PLACEMENT_3D('',#652,#653,#654);
#652 = CARTESIAN_POINT('',(76.10206845147,57.416352695189,
    -3.419999999999));
#653 = DIRECTION('',(0.,1.,0.));
#654 = DIRECTION('',(0.,0.,1.));
#655 = ADVANCED_FACE('',(#656),#669,.T.);
#656 = FACE_BOUND('',#657,.T.);
#657 = EDGE_LOOP('',(#658,#664,#665,#666,#667,#668));
#658 = ORIENTED_EDGE('',*,*,#659,.T.);
#659 = EDGE_CURVE('',#636,#452,#660,.T.);
#660 = LINE('',#661,#662);
#661 = CARTESIAN_POINT('',(79.251323671548,57.416352695189,-0.42));
#662 = VECTOR('',#663,1.);
#663 = DIRECTION('',(0.,-1.,0.));
#664 = ORIENTED_EDGE('',*,*,#459,.F.);
#665 = ORIENTED_EDGE('',*,*,#491,.T.);
#666 = ORIENTED_EDGE('',*,*,#519,.T.);
#667 = ORIENTED_EDGE('',*,*,#372,.F.);
#668 = ORIENTED_EDGE('',*,*,#643,.F.);
#669 = PLANE('',#670);
#670 = AXIS2_PLACEMENT_3D('',#671,#672,#673);
#671 = CARTESIAN_POINT('',(79.251323671548,49.916352695189,-3.42));
#672 = DIRECTION('',(1.,-1.037617963332E-15,2.282349393654E-15));
#673 = DIRECTION('',(-2.282349393654E-15,0.,1.));
#674 = ADVANCED_FACE('',(#675),#683,.T.);
#675 = FACE_BOUND('',#676,.T.);
#676 = EDGE_LOOP('',(#677,#678,#679,#680,#681,#682));
#677 = ORIENTED_EDGE('',*,*,#451,.T.);
#678 = ORIENTED_EDGE('',*,*,#659,.F.);
#679 = ORIENTED_EDGE('',*,*,#635,.F.);
#680 = ORIENTED_EDGE('',*,*,#605,.F.);
#681 = ORIENTED_EDGE('',*,*,#402,.T.);
#682 = ORIENTED_EDGE('',*,*,#426,.T.);
#683 = PLANE('',#684);
#684 = AXIS2_PLACEMENT_3D('',#685,#686,#687);
#685 = CARTESIAN_POINT('',(76.102068451468,50.701365989942,-0.42));
#686 = DIRECTION('',(0.,0.,1.));
#687 = DIRECTION('',(1.,0.,0.));
#688 = ADVANCED_FACE('',(#689),#693,.T.);
#689 = FACE_BOUND('',#690,.T.);
#690 = EDGE_LOOP('',(#691,#692));
#691 = ORIENTED_EDGE('',*,*,#525,.T.);
#692 = ORIENTED_EDGE('',*,*,#483,.F.);
#693 = PLANE('',#694);
#694 = AXIS2_PLACEMENT_3D('',#695,#696,#697);
#695 = CARTESIAN_POINT('',(76.102068451468,42.991623690989,-3.92));
#696 = DIRECTION('',(0.,0.,1.));
#697 = DIRECTION('',(1.,0.,0.));
#698 = ADVANCED_FACE('',(#699),#705,.T.);
#699 = FACE_BOUND('',#700,.T.);
#700 = EDGE_LOOP('',(#701,#702,#703,#704));
#701 = ORIENTED_EDGE('',*,*,#532,.F.);
#702 = ORIENTED_EDGE('',*,*,#621,.T.);
#703 = ORIENTED_EDGE('',*,*,#590,.F.);
#704 = ORIENTED_EDGE('',*,*,#566,.F.);
#705 = PLANE('',#706);
#706 = AXIS2_PLACEMENT_3D('',#707,#708,#709);
#707 = CARTESIAN_POINT('',(64.637199216029,47.310947174838,-2.42));
#708 = DIRECTION('',(0.,0.,1.));
#709 = DIRECTION('',(1.,0.,0.));
#710 = ( GEOMETRIC_REPRESENTATION_CONTEXT(3) 
GLOBAL_UNCERTAINTY_ASSIGNED_CONTEXT((#714)) GLOBAL_UNIT_ASSIGNED_CONTEXT
((#711,#712,#713)) REPRESENTATION_CONTEXT('Context #1',
  '3D Context with UNIT and UNCERTAINTY') );
#711 = ( LENGTH_UNIT() NAMED_UNIT(*) SI_UNIT(.MILLI.,.METRE.) );
#712 = ( NAMED_UNIT(*) PLANE_ANGLE_UNIT() SI_UNIT($,.RADIAN.) );
#713 = ( NAMED_UNIT(*) SI_UNIT($,.STERADIAN.) SOLID_ANGLE_UNIT() );
#714 = UNCERTAINTY_MEASURE_WITH_UNIT(LENGTH_MEASURE(1.E-07),#711,
  'distance_accuracy_value','confusion accuracy');
#715 = CONTEXT_DEPENDENT_SHAPE_REPRESENTATION(#716,#718);
#716 = ( REPRESENTATION_RELATIONSHIP('','',#56,#10) 
REPRESENTATION_RELATIONSHIP_WITH_TRANSFORMATION(#717) 
SHAPE_REPRESENTATION_RELATIONSHIP() );
#717 = ITEM_DEFINED_TRANSFORMATION('','',#11,#15);
#718 = PRODUCT_DEFINITION_SHAPE('Placement','Placement of an item',#719
  );
#719 = NEXT_ASSEMBLY_USAGE_OCCURRENCE('1','Schieber','',#5,#51,$);
#720 = PRODUCT_RELATED_PRODUCT_CATEGORY('part',$,(#53));
#721 = SHAPE_DEFINITION_REPRESENTATION(#722,#728);
#722 = PRODUCT_DEFINITION_SHAPE('','',#723);
#723 = PRODUCT_DEFINITION('design','',#724,#727);
#724 = PRODUCT_DEFINITION_FORMATION('','',#725);
#725 = PRODUCT('Führung','Führung','',(#726));
#726 = PRODUCT_CONTEXT('',#2,'mechanical');
#727 = PRODUCT_DEFINITION_CONTEXT('part definition',#2,'design');
#728 = SHAPE_REPRESENTATION('',(#11,#729,#1171,#1613,#2055,#2467),#2879
  );
#729 = MANIFOLD_SOLID_BREP('',#730);
#730 = CLOSED_SHELL('',(#731,#773,#867,#891,#978,#995,#1017,#1029,#1046,
    #1063,#1080,#1097,#1109,#1134,#1159));
#731 = ADVANCED_FACE('',(#732),#768,.F.);
#732 = FACE_BOUND('',#733,.F.);
#733 = EDGE_LOOP('',(#734,#745,#753,#762));
#734 = ORIENTED_EDGE('',*,*,#735,.F.);
#735 = EDGE_CURVE('',#736,#738,#740,.T.);
#736 = VERTEX_POINT('',#737);
#737 = CARTESIAN_POINT('',(-15.66227061364,31.389999999999,
    11.900327871983));
#738 = VERTEX_POINT('',#739);
#739 = CARTESIAN_POINT('',(-15.41897421801,29.031802800873,
    11.900327871983));
#740 = CIRCLE('',#741,42.2);
#741 = AXIS2_PLACEMENT_3D('',#742,#743,#744);
#742 = CARTESIAN_POINT('',(26.42,34.54,11.900327871983));
#743 = DIRECTION('',(0.,0.,1.));
#744 = DIRECTION('',(1.,0.,0.));
#745 = ORIENTED_EDGE('',*,*,#746,.F.);
#746 = EDGE_CURVE('',#747,#736,#749,.T.);
#747 = VERTEX_POINT('',#748);
#748 = CARTESIAN_POINT('',(-15.66227061364,31.389999999999,
    7.900327871983));
#749 = LINE('',#750,#751);
#750 = CARTESIAN_POINT('',(-15.66227061364,31.39,11.900327871983));
#751 = VECTOR('',#752,1.);
#752 = DIRECTION('',(0.,0.,1.));
#753 = ORIENTED_EDGE('',*,*,#754,.T.);
#754 = EDGE_CURVE('',#747,#755,#757,.T.);
#755 = VERTEX_POINT('',#756);
#756 = CARTESIAN_POINT('',(-15.41897421801,29.031802800873,
    7.900327871983));
#757 = CIRCLE('',#758,42.2);
#758 = AXIS2_PLACEMENT_3D('',#759,#760,#761);
#759 = CARTESIAN_POINT('',(26.42,34.54,7.900327871983));
#760 = DIRECTION('',(0.,0.,1.));
#761 = DIRECTION('',(1.,0.,0.));
#762 = ORIENTED_EDGE('',*,*,#763,.F.);
#763 = EDGE_CURVE('',#738,#755,#764,.T.);
#764 = LINE('',#765,#766);
#765 = CARTESIAN_POINT('',(-15.41897421801,29.031802800873,
    11.900327871983));
#766 = VECTOR('',#767,1.);
#767 = DIRECTION('',(-0.,-0.,-1.));
#768 = CYLINDRICAL_SURFACE('',#769,42.2);
#769 = AXIS2_PLACEMENT_3D('',#770,#771,#772);
#770 = CARTESIAN_POINT('',(26.42,34.54,11.900327871983));
#771 = DIRECTION('',(0.,0.,1.));
#772 = DIRECTION('',(1.,0.,0.));
#773 = ADVANCED_FACE('',(#774,#851),#862,.T.);
#774 = FACE_BOUND('',#775,.T.);
#775 = EDGE_LOOP('',(#776,#786,#794,#803,#812,#820,#829,#835,#836,#845)
  );
#776 = ORIENTED_EDGE('',*,*,#777,.F.);
#777 = EDGE_CURVE('',#778,#780,#782,.T.);
#778 = VERTEX_POINT('',#779);
#779 = CARTESIAN_POINT('',(0.,37.189999999937,11.900327871983));
#780 = VERTEX_POINT('',#781);
#781 = CARTESIAN_POINT('',(0.,31.489999999999,11.900327871983));
#782 = LINE('',#783,#784);
#783 = CARTESIAN_POINT('',(0.,37.29,11.900327871983));
#784 = VECTOR('',#785,1.);
#785 = DIRECTION('',(0.,-1.,0.));
#786 = ORIENTED_EDGE('',*,*,#787,.F.);
#787 = EDGE_CURVE('',#788,#778,#790,.T.);
#788 = VERTEX_POINT('',#789);
#789 = CARTESIAN_POINT('',(-15.68935941941,37.189999999937,
    11.900327871983));
#790 = LINE('',#791,#792);
#791 = CARTESIAN_POINT('',(-15.68935941941,37.189999999937,
    11.900327871983));
#792 = VECTOR('',#793,1.);
#793 = DIRECTION('',(1.,0.,0.));
#794 = ORIENTED_EDGE('',*,*,#795,.T.);
#795 = EDGE_CURVE('',#788,#796,#798,.T.);
#796 = VERTEX_POINT('',#797);
#797 = CARTESIAN_POINT('',(-15.69030158999,37.289999999969,
    11.900327871983));
#798 = CIRCLE('',#799,620.93423547982);
#799 = AXIS2_PLACEMENT_3D('',#800,#801,#802);
#800 = CARTESIAN_POINT('',(-636.5965060934,31.39,11.900327871983));
#801 = DIRECTION('',(0.,0.,1.));
#802 = DIRECTION('',(1.,0.,0.));
#803 = ORIENTED_EDGE('',*,*,#804,.F.);
#804 = EDGE_CURVE('',#805,#796,#807,.T.);
#805 = VERTEX_POINT('',#806);
#806 = CARTESIAN_POINT('',(-15.41897421801,40.048197199127,
    11.900327871983));
#807 = CIRCLE('',#808,42.2);
#808 = AXIS2_PLACEMENT_3D('',#809,#810,#811);
#809 = CARTESIAN_POINT('',(26.42,34.54,11.900327871983));
#810 = DIRECTION('',(0.,0.,1.));
#811 = DIRECTION('',(1.,0.,0.));
#812 = ORIENTED_EDGE('',*,*,#813,.F.);
#813 = EDGE_CURVE('',#814,#805,#816,.T.);
#814 = VERTEX_POINT('',#815);
#815 = CARTESIAN_POINT('',(-16.21213012735,40.15261799911,
    11.900327871983));
#816 = LINE('',#817,#818);
#817 = CARTESIAN_POINT('',(-16.21213012735,40.15261799911,
    11.900327871983));
#818 = VECTOR('',#819,1.);
#819 = DIRECTION('',(0.991444886683,-0.130525999979,0.));
#820 = ORIENTED_EDGE('',*,*,#821,.T.);
#821 = EDGE_CURVE('',#814,#822,#824,.T.);
#822 = VERTEX_POINT('',#823);
#823 = CARTESIAN_POINT('',(-16.21213012735,28.92738200089,
    11.900327871983));
#824 = CIRCLE('',#825,43.);
#825 = AXIS2_PLACEMENT_3D('',#826,#827,#828);
#826 = CARTESIAN_POINT('',(26.42,34.54,11.900327871983));
#827 = DIRECTION('',(0.,0.,1.));
#828 = DIRECTION('',(1.,0.,0.));
#829 = ORIENTED_EDGE('',*,*,#830,.T.);
#830 = EDGE_CURVE('',#822,#738,#831,.T.);
#831 = LINE('',#832,#833);
#832 = CARTESIAN_POINT('',(-16.21213012735,28.92738200089,
    11.900327871983));
#833 = VECTOR('',#834,1.);
#834 = DIRECTION('',(0.991444886683,0.130525999979,0.));
#835 = ORIENTED_EDGE('',*,*,#735,.F.);
#836 = ORIENTED_EDGE('',*,*,#837,.T.);
#837 = EDGE_CURVE('',#736,#838,#840,.T.);
#838 = VERTEX_POINT('',#839);
#839 = CARTESIAN_POINT('',(-15.66227866602,31.489999999999,
    11.900327871983));
#840 = CIRCLE('',#841,620.93423547982);
#841 = AXIS2_PLACEMENT_3D('',#842,#843,#844);
#842 = CARTESIAN_POINT('',(-636.5965060934,31.39,11.900327871983));
#843 = DIRECTION('',(0.,0.,1.));
#844 = DIRECTION('',(1.,0.,0.));
#845 = ORIENTED_EDGE('',*,*,#846,.F.);
#846 = EDGE_CURVE('',#780,#838,#847,.T.);
#847 = LINE('',#848,#849);
#848 = CARTESIAN_POINT('',(0.,31.489999999999,11.900327871983));
#849 = VECTOR('',#850,1.);
#850 = DIRECTION('',(-1.,0.,0.));
#851 = FACE_BOUND('',#852,.T.);
#852 = EDGE_LOOP('',(#853));
#853 = ORIENTED_EDGE('',*,*,#854,.F.);
#854 = EDGE_CURVE('',#855,#855,#857,.T.);
#855 = VERTEX_POINT('',#856);
#856 = CARTESIAN_POINT('',(-2.5,34.39,11.900327871983));
#857 = CIRCLE('',#858,2.);
#858 = AXIS2_PLACEMENT_3D('',#859,#860,#861);
#859 = CARTESIAN_POINT('',(-4.5,34.39,11.900327871983));
#860 = DIRECTION('',(0.,0.,1.));
#861 = DIRECTION('',(1.,0.,0.));
#862 = PLANE('',#863);
#863 = AXIS2_PLACEMENT_3D('',#864,#865,#866);
#864 = CARTESIAN_POINT('',(-9.701039252886,34.428050136646,
    11.900327871983));
#865 = DIRECTION('',(0.,0.,1.));
#866 = DIRECTION('',(1.,0.,0.));
#867 = ADVANCED_FACE('',(#868),#886,.T.);
#868 = FACE_BOUND('',#869,.T.);
#869 = EDGE_LOOP('',(#870,#871,#879,#885));
#870 = ORIENTED_EDGE('',*,*,#830,.F.);
#871 = ORIENTED_EDGE('',*,*,#872,.T.);
#872 = EDGE_CURVE('',#822,#873,#875,.T.);
#873 = VERTEX_POINT('',#874);
#874 = CARTESIAN_POINT('',(-16.21213012735,28.92738200089,7.900327871983
    ));
#875 = LINE('',#876,#877);
#876 = CARTESIAN_POINT('',(-16.21213012735,28.92738200089,
    11.900327871983));
#877 = VECTOR('',#878,1.);
#878 = DIRECTION('',(-0.,-0.,-1.));
#879 = ORIENTED_EDGE('',*,*,#880,.T.);
#880 = EDGE_CURVE('',#873,#755,#881,.T.);
#881 = LINE('',#882,#883);
#882 = CARTESIAN_POINT('',(-8.084825512293,29.997360348922,
    7.900327871983));
#883 = VECTOR('',#884,1.);
#884 = DIRECTION('',(0.991444886683,0.130525999979,0.));
#885 = ORIENTED_EDGE('',*,*,#763,.F.);
#886 = PLANE('',#887);
#887 = AXIS2_PLACEMENT_3D('',#888,#889,#890);
#888 = CARTESIAN_POINT('',(-16.21213012735,28.92738200089,
    11.900327871983));
#889 = DIRECTION('',(0.130525999979,-0.991444886683,0.));
#890 = DIRECTION('',(0.991444886683,0.130525999979,0.));
#891 = ADVANCED_FACE('',(#892,#962),#973,.T.);
#892 = FACE_BOUND('',#893,.T.);
#893 = EDGE_LOOP('',(#894,#904,#912,#919,#920,#921,#930,#938,#947,#956)
  );
#894 = ORIENTED_EDGE('',*,*,#895,.F.);
#895 = EDGE_CURVE('',#896,#898,#900,.T.);
#896 = VERTEX_POINT('',#897);
#897 = CARTESIAN_POINT('',(0.,31.489999999999,7.900327871983));
#898 = VERTEX_POINT('',#899);
#899 = CARTESIAN_POINT('',(0.,37.189999999937,7.900327871983));
#900 = LINE('',#901,#902);
#901 = CARTESIAN_POINT('',(0.,31.39,7.900327871983));
#902 = VECTOR('',#903,1.);
#903 = DIRECTION('',(0.,1.,0.));
#904 = ORIENTED_EDGE('',*,*,#905,.F.);
#905 = EDGE_CURVE('',#906,#896,#908,.T.);
#906 = VERTEX_POINT('',#907);
#907 = CARTESIAN_POINT('',(-15.66227866602,31.489999999999,
    7.900327871983));
#908 = LINE('',#909,#910);
#909 = CARTESIAN_POINT('',(13.210005688359,31.489999999999,
    7.900327871983));
#910 = VECTOR('',#911,1.);
#911 = DIRECTION('',(1.,0.,0.));
#912 = ORIENTED_EDGE('',*,*,#913,.F.);
#913 = EDGE_CURVE('',#747,#906,#914,.T.);
#914 = CIRCLE('',#915,620.93423547982);
#915 = AXIS2_PLACEMENT_3D('',#916,#917,#918);
#916 = CARTESIAN_POINT('',(-636.5965060934,31.39,7.900327871983));
#917 = DIRECTION('',(0.,0.,1.));
#918 = DIRECTION('',(1.,0.,-0.));
#919 = ORIENTED_EDGE('',*,*,#754,.T.);
#920 = ORIENTED_EDGE('',*,*,#880,.F.);
#921 = ORIENTED_EDGE('',*,*,#922,.F.);
#922 = EDGE_CURVE('',#923,#873,#925,.T.);
#923 = VERTEX_POINT('',#924);
#924 = CARTESIAN_POINT('',(-16.21213012735,40.15261799911,7.900327871983
    ));
#925 = CIRCLE('',#926,43.);
#926 = AXIS2_PLACEMENT_3D('',#927,#928,#929);
#927 = CARTESIAN_POINT('',(26.42,34.54,7.900327871983));
#928 = DIRECTION('',(0.,0.,1.));
#929 = DIRECTION('',(1.,0.,0.));
#930 = ORIENTED_EDGE('',*,*,#931,.T.);
#931 = EDGE_CURVE('',#923,#932,#934,.T.);
#932 = VERTEX_POINT('',#933);
#933 = CARTESIAN_POINT('',(-15.41897421801,40.048197199127,
    7.900327871983));
#934 = LINE('',#935,#936);
#935 = CARTESIAN_POINT('',(-7.677186106228,39.028972985566,
    7.900327871983));
#936 = VECTOR('',#937,1.);
#937 = DIRECTION('',(0.991444886683,-0.130525999979,0.));
#938 = ORIENTED_EDGE('',*,*,#939,.T.);
#939 = EDGE_CURVE('',#932,#940,#942,.T.);
#940 = VERTEX_POINT('',#941);
#941 = CARTESIAN_POINT('',(-15.69030158999,37.289999999969,
    7.900327871983));
#942 = CIRCLE('',#943,42.2);
#943 = AXIS2_PLACEMENT_3D('',#944,#945,#946);
#944 = CARTESIAN_POINT('',(26.42,34.54,7.900327871983));
#945 = DIRECTION('',(0.,0.,1.));
#946 = DIRECTION('',(1.,0.,0.));
#947 = ORIENTED_EDGE('',*,*,#948,.F.);
#948 = EDGE_CURVE('',#949,#940,#951,.T.);
#949 = VERTEX_POINT('',#950);
#950 = CARTESIAN_POINT('',(-15.68935941941,37.189999999937,
    7.900327871983));
#951 = CIRCLE('',#952,620.93423547982);
#952 = AXIS2_PLACEMENT_3D('',#953,#954,#955);
#953 = CARTESIAN_POINT('',(-636.5965060934,31.39,7.900327871983));
#954 = DIRECTION('',(0.,0.,1.));
#955 = DIRECTION('',(1.,0.,-0.));
#956 = ORIENTED_EDGE('',*,*,#957,.F.);
#957 = EDGE_CURVE('',#898,#949,#958,.T.);
#958 = LINE('',#959,#960);
#959 = CARTESIAN_POINT('',(5.365325978651,37.189999999937,7.900327871983
    ));
#960 = VECTOR('',#961,1.);
#961 = DIRECTION('',(-1.,0.,0.));
#962 = FACE_BOUND('',#963,.T.);
#963 = EDGE_LOOP('',(#964));
#964 = ORIENTED_EDGE('',*,*,#965,.F.);
#965 = EDGE_CURVE('',#966,#966,#968,.T.);
#966 = VERTEX_POINT('',#967);
#967 = CARTESIAN_POINT('',(-3.,34.39,7.900327871983));
#968 = CIRCLE('',#969,1.5);
#969 = AXIS2_PLACEMENT_3D('',#970,#971,#972);
#970 = CARTESIAN_POINT('',(-4.5,34.39,7.900327871983));
#971 = DIRECTION('',(0.,0.,-1.));
#972 = DIRECTION('',(1.,0.,0.));
#973 = PLANE('',#974);
#974 = AXIS2_PLACEMENT_3D('',#975,#976,#977);
#975 = CARTESIAN_POINT('',(-9.701039252886,34.428050136646,
    7.900327871983));
#976 = DIRECTION('',(-0.,-0.,-1.));
#977 = DIRECTION('',(-1.,0.,0.));
#978 = ADVANCED_FACE('',(#979),#990,.T.);
#979 = FACE_BOUND('',#980,.T.);
#980 = EDGE_LOOP('',(#981,#982,#983,#984));
#981 = ORIENTED_EDGE('',*,*,#837,.F.);
#982 = ORIENTED_EDGE('',*,*,#746,.F.);
#983 = ORIENTED_EDGE('',*,*,#913,.T.);
#984 = ORIENTED_EDGE('',*,*,#985,.F.);
#985 = EDGE_CURVE('',#838,#906,#986,.T.);
#986 = LINE('',#987,#988);
#987 = CARTESIAN_POINT('',(-15.66227866602,31.489999999999,
    11.900327871983));
#988 = VECTOR('',#989,1.);
#989 = DIRECTION('',(-0.,-0.,-1.));
#990 = CYLINDRICAL_SURFACE('',#991,620.93423547982);
#991 = AXIS2_PLACEMENT_3D('',#992,#993,#994);
#992 = CARTESIAN_POINT('',(-636.5965060934,31.39,11.900327871983));
#993 = DIRECTION('',(0.,0.,1.));
#994 = DIRECTION('',(1.,0.,-0.));
#995 = ADVANCED_FACE('',(#996),#1012,.T.);
#996 = FACE_BOUND('',#997,.T.);
#997 = EDGE_LOOP('',(#998,#999,#1005,#1006));
#998 = ORIENTED_EDGE('',*,*,#777,.T.);
#999 = ORIENTED_EDGE('',*,*,#1000,.T.);
#1000 = EDGE_CURVE('',#780,#896,#1001,.T.);
#1001 = LINE('',#1002,#1003);
#1002 = CARTESIAN_POINT('',(0.,31.489999999999,11.900327871983));
#1003 = VECTOR('',#1004,1.);
#1004 = DIRECTION('',(-0.,-0.,-1.));
#1005 = ORIENTED_EDGE('',*,*,#895,.T.);
#1006 = ORIENTED_EDGE('',*,*,#1007,.F.);
#1007 = EDGE_CURVE('',#778,#898,#1008,.T.);
#1008 = LINE('',#1009,#1010);
#1009 = CARTESIAN_POINT('',(0.,37.189999999937,11.900327871983));
#1010 = VECTOR('',#1011,1.);
#1011 = DIRECTION('',(-0.,-0.,-1.));
#1012 = PLANE('',#1013);
#1013 = AXIS2_PLACEMENT_3D('',#1014,#1015,#1016);
#1014 = CARTESIAN_POINT('',(0.,34.34,9.900327871983));
#1015 = DIRECTION('',(1.,0.,0.));
#1016 = DIRECTION('',(0.,0.,1.));
#1017 = ADVANCED_FACE('',(#1018),#1024,.F.);
#1018 = FACE_BOUND('',#1019,.F.);
#1019 = EDGE_LOOP('',(#1020,#1021,#1022,#1023));
#1020 = ORIENTED_EDGE('',*,*,#846,.F.);
#1021 = ORIENTED_EDGE('',*,*,#1000,.T.);
#1022 = ORIENTED_EDGE('',*,*,#905,.F.);
#1023 = ORIENTED_EDGE('',*,*,#985,.F.);
#1024 = PLANE('',#1025);
#1025 = AXIS2_PLACEMENT_3D('',#1026,#1027,#1028);
#1026 = CARTESIAN_POINT('',(0.,31.489999999999,11.900327871983));
#1027 = DIRECTION('',(0.,1.,0.));
#1028 = DIRECTION('',(-1.,0.,0.));
#1029 = ADVANCED_FACE('',(#1030),#1041,.T.);
#1030 = FACE_BOUND('',#1031,.T.);
#1031 = EDGE_LOOP('',(#1032,#1033,#1039,#1040));
#1032 = ORIENTED_EDGE('',*,*,#821,.F.);
#1033 = ORIENTED_EDGE('',*,*,#1034,.T.);
#1034 = EDGE_CURVE('',#814,#923,#1035,.T.);
#1035 = LINE('',#1036,#1037);
#1036 = CARTESIAN_POINT('',(-16.21213012735,40.15261799911,
    11.900327871983));
#1037 = VECTOR('',#1038,1.);
#1038 = DIRECTION('',(-0.,-0.,-1.));
#1039 = ORIENTED_EDGE('',*,*,#922,.T.);
#1040 = ORIENTED_EDGE('',*,*,#872,.F.);
#1041 = CYLINDRICAL_SURFACE('',#1042,43.);
#1042 = AXIS2_PLACEMENT_3D('',#1043,#1044,#1045);
#1043 = CARTESIAN_POINT('',(26.42,34.54,11.900327871983));
#1044 = DIRECTION('',(0.,0.,1.));
#1045 = DIRECTION('',(1.,0.,0.));
#1046 = ADVANCED_FACE('',(#1047),#1058,.F.);
#1047 = FACE_BOUND('',#1048,.F.);
#1048 = EDGE_LOOP('',(#1049,#1050,#1051,#1052));
#1049 = ORIENTED_EDGE('',*,*,#813,.F.);
#1050 = ORIENTED_EDGE('',*,*,#1034,.T.);
#1051 = ORIENTED_EDGE('',*,*,#931,.T.);
#1052 = ORIENTED_EDGE('',*,*,#1053,.F.);
#1053 = EDGE_CURVE('',#805,#932,#1054,.T.);
#1054 = LINE('',#1055,#1056);
#1055 = CARTESIAN_POINT('',(-15.41897421801,40.048197199127,
    11.900327871983));
#1056 = VECTOR('',#1057,1.);
#1057 = DIRECTION('',(-0.,-0.,-1.));
#1058 = PLANE('',#1059);
#1059 = AXIS2_PLACEMENT_3D('',#1060,#1061,#1062);
#1060 = CARTESIAN_POINT('',(-16.21213012735,40.15261799911,
    11.900327871983));
#1061 = DIRECTION('',(-0.130525999979,-0.991444886683,0.));
#1062 = DIRECTION('',(0.991444886683,-0.130525999979,0.));
#1063 = ADVANCED_FACE('',(#1064),#1075,.F.);
#1064 = FACE_BOUND('',#1065,.F.);
#1065 = EDGE_LOOP('',(#1066,#1067,#1068,#1069));
#1066 = ORIENTED_EDGE('',*,*,#804,.F.);
#1067 = ORIENTED_EDGE('',*,*,#1053,.T.);
#1068 = ORIENTED_EDGE('',*,*,#939,.T.);
#1069 = ORIENTED_EDGE('',*,*,#1070,.T.);
#1070 = EDGE_CURVE('',#940,#796,#1071,.T.);
#1071 = LINE('',#1072,#1073);
#1072 = CARTESIAN_POINT('',(-15.69030158999,37.29,11.900327871983));
#1073 = VECTOR('',#1074,1.);
#1074 = DIRECTION('',(0.,0.,1.));
#1075 = CYLINDRICAL_SURFACE('',#1076,42.2);
#1076 = AXIS2_PLACEMENT_3D('',#1077,#1078,#1079);
#1077 = CARTESIAN_POINT('',(26.42,34.54,11.900327871983));
#1078 = DIRECTION('',(0.,0.,1.));
#1079 = DIRECTION('',(1.,0.,0.));
#1080 = ADVANCED_FACE('',(#1081),#1092,.T.);
#1081 = FACE_BOUND('',#1082,.T.);
#1082 = EDGE_LOOP('',(#1083,#1084,#1090,#1091));
#1083 = ORIENTED_EDGE('',*,*,#795,.F.);
#1084 = ORIENTED_EDGE('',*,*,#1085,.T.);
#1085 = EDGE_CURVE('',#788,#949,#1086,.T.);
#1086 = LINE('',#1087,#1088);
#1087 = CARTESIAN_POINT('',(-15.68935941941,37.189999999937,
    11.900327871983));
#1088 = VECTOR('',#1089,1.);
#1089 = DIRECTION('',(-0.,-0.,-1.));
#1090 = ORIENTED_EDGE('',*,*,#948,.T.);
#1091 = ORIENTED_EDGE('',*,*,#1070,.T.);
#1092 = CYLINDRICAL_SURFACE('',#1093,620.93423547982);
#1093 = AXIS2_PLACEMENT_3D('',#1094,#1095,#1096);
#1094 = CARTESIAN_POINT('',(-636.5965060934,31.39,11.900327871983));
#1095 = DIRECTION('',(0.,0.,1.));
#1096 = DIRECTION('',(1.,0.,-0.));
#1097 = ADVANCED_FACE('',(#1098),#1104,.F.);
#1098 = FACE_BOUND('',#1099,.F.);
#1099 = EDGE_LOOP('',(#1100,#1101,#1102,#1103));
#1100 = ORIENTED_EDGE('',*,*,#787,.F.);
#1101 = ORIENTED_EDGE('',*,*,#1085,.T.);
#1102 = ORIENTED_EDGE('',*,*,#957,.F.);
#1103 = ORIENTED_EDGE('',*,*,#1007,.F.);
#1104 = PLANE('',#1105);
#1105 = AXIS2_PLACEMENT_3D('',#1106,#1107,#1108);
#1106 = CARTESIAN_POINT('',(-15.68935941941,37.189999999937,
    11.900327871983));
#1107 = DIRECTION('',(0.,-1.,0.));
#1108 = DIRECTION('',(1.,0.,0.));
#1109 = ADVANCED_FACE('',(#1110),#1129,.F.);
#1110 = FACE_BOUND('',#1111,.T.);
#1111 = EDGE_LOOP('',(#1112,#1120,#1121,#1122));
#1112 = ORIENTED_EDGE('',*,*,#1113,.F.);
#1113 = EDGE_CURVE('',#855,#1114,#1116,.T.);
#1114 = VERTEX_POINT('',#1115);
#1115 = CARTESIAN_POINT('',(-2.5,34.39,9.900327871983));
#1116 = LINE('',#1117,#1118);
#1117 = CARTESIAN_POINT('',(-2.5,34.39,11.900327871983));
#1118 = VECTOR('',#1119,1.);
#1119 = DIRECTION('',(0.,0.,-1.));
#1120 = ORIENTED_EDGE('',*,*,#854,.T.);
#1121 = ORIENTED_EDGE('',*,*,#1113,.T.);
#1122 = ORIENTED_EDGE('',*,*,#1123,.F.);
#1123 = EDGE_CURVE('',#1114,#1114,#1124,.T.);
#1124 = CIRCLE('',#1125,2.);
#1125 = AXIS2_PLACEMENT_3D('',#1126,#1127,#1128);
#1126 = CARTESIAN_POINT('',(-4.5,34.39,9.900327871983));
#1127 = DIRECTION('',(0.,0.,1.));
#1128 = DIRECTION('',(1.,0.,0.));
#1129 = CYLINDRICAL_SURFACE('',#1130,2.);
#1130 = AXIS2_PLACEMENT_3D('',#1131,#1132,#1133);
#1131 = CARTESIAN_POINT('',(-4.5,34.39,11.900327871983));
#1132 = DIRECTION('',(-0.,-0.,-1.));
#1133 = DIRECTION('',(1.,0.,0.));
#1134 = ADVANCED_FACE('',(#1135),#1154,.F.);
#1135 = FACE_BOUND('',#1136,.T.);
#1136 = EDGE_LOOP('',(#1137,#1145,#1152,#1153));
#1137 = ORIENTED_EDGE('',*,*,#1138,.F.);
#1138 = EDGE_CURVE('',#1139,#966,#1141,.T.);
#1139 = VERTEX_POINT('',#1140);
#1140 = CARTESIAN_POINT('',(-3.,34.39,9.900327871983));
#1141 = LINE('',#1142,#1143);
#1142 = CARTESIAN_POINT('',(-3.,34.39,9.900327871983));
#1143 = VECTOR('',#1144,1.);
#1144 = DIRECTION('',(-7.E-17,0.,-1.));
#1145 = ORIENTED_EDGE('',*,*,#1146,.T.);
#1146 = EDGE_CURVE('',#1139,#1139,#1147,.T.);
#1147 = CIRCLE('',#1148,1.5);
#1148 = AXIS2_PLACEMENT_3D('',#1149,#1150,#1151);
#1149 = CARTESIAN_POINT('',(-4.5,34.39,9.900327871983));
#1150 = DIRECTION('',(0.,0.,1.));
#1151 = DIRECTION('',(1.,0.,0.));
#1152 = ORIENTED_EDGE('',*,*,#1138,.T.);
#1153 = ORIENTED_EDGE('',*,*,#965,.T.);
#1154 = CYLINDRICAL_SURFACE('',#1155,1.5);
#1155 = AXIS2_PLACEMENT_3D('',#1156,#1157,#1158);
#1156 = CARTESIAN_POINT('',(-4.5,34.39,9.900327871983));
#1157 = DIRECTION('',(-0.,-0.,-1.));
#1158 = DIRECTION('',(1.,0.,0.));
#1159 = ADVANCED_FACE('',(#1160,#1163),#1166,.T.);
#1160 = FACE_BOUND('',#1161,.T.);
#1161 = EDGE_LOOP('',(#1162));
#1162 = ORIENTED_EDGE('',*,*,#1123,.T.);
#1163 = FACE_BOUND('',#1164,.T.);
#1164 = EDGE_LOOP('',(#1165));
#1165 = ORIENTED_EDGE('',*,*,#1146,.F.);
#1166 = PLANE('',#1167);
#1167 = AXIS2_PLACEMENT_3D('',#1168,#1169,#1170);
#1168 = CARTESIAN_POINT('',(-4.5,34.39,9.900327871983));
#1169 = DIRECTION('',(0.,0.,1.));
#1170 = DIRECTION('',(1.,0.,0.));
#1171 = MANIFOLD_SOLID_BREP('',#1172);
#1172 = CLOSED_SHELL('',(#1173,#1215,#1309,#1333,#1420,#1437,#1454,#1471
    ,#1488,#1505,#1522,#1539,#1551,#1576,#1601));
#1173 = ADVANCED_FACE('',(#1174),#1210,.F.);
#1174 = FACE_BOUND('',#1175,.F.);
#1175 = EDGE_LOOP('',(#1176,#1187,#1195,#1204));
#1176 = ORIENTED_EDGE('',*,*,#1177,.F.);
#1177 = EDGE_CURVE('',#1178,#1180,#1182,.T.);
#1178 = VERTEX_POINT('',#1179);
#1179 = CARTESIAN_POINT('',(15.974033922553,75.426694568146,
    7.900327871983));
#1180 = VERTEX_POINT('',#1181);
#1181 = CARTESIAN_POINT('',(18.729643856549,76.033353954421,
    7.900327871983));
#1182 = CIRCLE('',#1183,42.2);
#1183 = AXIS2_PLACEMENT_3D('',#1184,#1185,#1186);
#1184 = CARTESIAN_POINT('',(26.42,34.54,7.900327871983));
#1185 = DIRECTION('',(0.,0.,-1.));
#1186 = DIRECTION('',(1.,0.,0.));
#1187 = ORIENTED_EDGE('',*,*,#1188,.T.);
#1188 = EDGE_CURVE('',#1178,#1189,#1191,.T.);
#1189 = VERTEX_POINT('',#1190);
#1190 = CARTESIAN_POINT('',(15.974033922553,75.426694568146,
    11.900327871983));
#1191 = LINE('',#1192,#1193);
#1192 = CARTESIAN_POINT('',(15.974033922553,75.426694568146,
    7.900327871983));
#1193 = VECTOR('',#1194,1.);
#1194 = DIRECTION('',(0.,0.,1.));
#1195 = ORIENTED_EDGE('',*,*,#1196,.T.);
#1196 = EDGE_CURVE('',#1189,#1197,#1199,.T.);
#1197 = VERTEX_POINT('',#1198);
#1198 = CARTESIAN_POINT('',(18.729643856549,76.033353954421,
    11.900327871983));
#1199 = CIRCLE('',#1200,42.2);
#1200 = AXIS2_PLACEMENT_3D('',#1201,#1202,#1203);
#1201 = CARTESIAN_POINT('',(26.42,34.54,11.900327871983));
#1202 = DIRECTION('',(0.,0.,-1.));
#1203 = DIRECTION('',(1.,0.,0.));
#1204 = ORIENTED_EDGE('',*,*,#1205,.F.);
#1205 = EDGE_CURVE('',#1180,#1197,#1206,.T.);
#1206 = LINE('',#1207,#1208);
#1207 = CARTESIAN_POINT('',(18.729643856549,76.033353954421,
    7.900327871983));
#1208 = VECTOR('',#1209,1.);
#1209 = DIRECTION('',(0.,0.,1.));
#1210 = CYLINDRICAL_SURFACE('',#1211,42.2);
#1211 = AXIS2_PLACEMENT_3D('',#1212,#1213,#1214);
#1212 = CARTESIAN_POINT('',(26.42,34.54,7.900327871983));
#1213 = DIRECTION('',(0.,0.,-1.));
#1214 = DIRECTION('',(1.,0.,0.));
#1215 = ADVANCED_FACE('',(#1216,#1293),#1304,.F.);
#1216 = FACE_BOUND('',#1217,.F.);
#1217 = EDGE_LOOP('',(#1218,#1227,#1228,#1236,#1245,#1253,#1262,#1271,
    #1279,#1287));
#1218 = ORIENTED_EDGE('',*,*,#1219,.T.);
#1219 = EDGE_CURVE('',#1220,#1178,#1222,.T.);
#1220 = VERTEX_POINT('',#1221);
#1221 = CARTESIAN_POINT('',(15.879284975272,75.394695048423,
    7.900327871983));
#1222 = CIRCLE('',#1223,505.94912141244);
#1223 = AXIS2_PLACEMENT_3D('',#1224,#1225,#1226);
#1224 = CARTESIAN_POINT('',(-145.9638448914,554.76022861645,
    7.900327871983));
#1225 = DIRECTION('',(0.,0.,1.));
#1226 = DIRECTION('',(1.,0.,-0.));
#1227 = ORIENTED_EDGE('',*,*,#1177,.T.);
#1228 = ORIENTED_EDGE('',*,*,#1229,.F.);
#1229 = EDGE_CURVE('',#1230,#1180,#1232,.T.);
#1230 = VERTEX_POINT('',#1231);
#1231 = CARTESIAN_POINT('',(18.583855114493,76.819957820856,
    7.900327871983));
#1232 = LINE('',#1233,#1234);
#1233 = CARTESIAN_POINT('',(18.583855114493,76.819957820856,
    7.900327871983));
#1234 = VECTOR('',#1235,1.);
#1235 = DIRECTION('',(0.18223592757,-0.983254833043,0.));
#1236 = ORIENTED_EDGE('',*,*,#1237,.F.);
#1237 = EDGE_CURVE('',#1238,#1230,#1240,.T.);
#1238 = VERTEX_POINT('',#1239);
#1239 = CARTESIAN_POINT('',(7.908022017313,73.351166835957,
    7.900327871983));
#1240 = CIRCLE('',#1241,43.);
#1241 = AXIS2_PLACEMENT_3D('',#1242,#1243,#1244);
#1242 = CARTESIAN_POINT('',(26.42,34.54,7.900327871983));
#1243 = DIRECTION('',(0.,0.,-1.));
#1244 = DIRECTION('',(1.,0.,0.));
#1245 = ORIENTED_EDGE('',*,*,#1246,.T.);
#1246 = EDGE_CURVE('',#1238,#1247,#1249,.T.);
#1247 = VERTEX_POINT('',#1248);
#1248 = CARTESIAN_POINT('',(8.252430910015,72.629096,7.900327871983));
#1249 = LINE('',#1250,#1251);
#1250 = CARTESIAN_POINT('',(7.908022017313,73.351166835957,
    7.900327871983));
#1251 = VECTOR('',#1252,1.);
#1252 = DIRECTION('',(0.430509845366,-0.902585881256,0.));
#1253 = ORIENTED_EDGE('',*,*,#1254,.T.);
#1254 = EDGE_CURVE('',#1247,#1255,#1257,.T.);
#1255 = VERTEX_POINT('',#1256);
#1256 = CARTESIAN_POINT('',(10.382919380489,73.573983218984,
    7.900327871983));
#1257 = CIRCLE('',#1258,42.199997639059);
#1258 = AXIS2_PLACEMENT_3D('',#1259,#1260,#1261);
#1259 = CARTESIAN_POINT('',(26.42,34.54,7.900327871983));
#1260 = DIRECTION('',(0.,0.,-1.));
#1261 = DIRECTION('',(1.,0.,0.));
#1262 = ORIENTED_EDGE('',*,*,#1263,.T.);
#1263 = EDGE_CURVE('',#1255,#1264,#1266,.T.);
#1264 = VERTEX_POINT('',#1265);
#1265 = CARTESIAN_POINT('',(10.478021985513,73.604894294917,
    7.900327871983));
#1266 = CIRCLE('',#1267,505.94912141244);
#1267 = AXIS2_PLACEMENT_3D('',#1268,#1269,#1270);
#1268 = CARTESIAN_POINT('',(-145.9638448914,554.76022861645,
    7.900327871983));
#1269 = DIRECTION('',(0.,0.,1.));
#1270 = DIRECTION('',(1.,0.,-0.));
#1271 = ORIENTED_EDGE('',*,*,#1272,.F.);
#1272 = EDGE_CURVE('',#1273,#1264,#1275,.T.);
#1273 = VERTEX_POINT('',#1274);
#1274 = CARTESIAN_POINT('',(15.316997642326,58.712046728069,
    7.900327871983));
#1275 = LINE('',#1276,#1277);
#1276 = CARTESIAN_POINT('',(16.979620910396,53.595014395495,
    7.900327871983));
#1277 = VECTOR('',#1278,1.);
#1278 = DIRECTION('',(-0.309016771954,0.951056588564,0.));
#1279 = ORIENTED_EDGE('',*,*,#1280,.T.);
#1280 = EDGE_CURVE('',#1273,#1281,#1283,.T.);
#1281 = VERTEX_POINT('',#1282);
#1282 = CARTESIAN_POINT('',(20.728509357674,60.470355271931,
    7.900327871983));
#1283 = LINE('',#1284,#1285);
#1284 = CARTESIAN_POINT('',(15.221892,58.681145,7.900327871983));
#1285 = VECTOR('',#1286,1.);
#1286 = DIRECTION('',(0.951056423264,0.309017280694,0.));
#1287 = ORIENTED_EDGE('',*,*,#1288,.F.);
#1288 = EDGE_CURVE('',#1220,#1281,#1289,.T.);
#1289 = LINE('',#1290,#1291);
#1290 = CARTESIAN_POINT('',(24.81063293476,47.906902960842,
    7.900327871983));
#1291 = VECTOR('',#1292,1.);
#1292 = DIRECTION('',(0.309017711171,-0.951056283394,0.));
#1293 = FACE_BOUND('',#1294,.F.);
#1294 = EDGE_LOOP('',(#1295));
#1295 = ORIENTED_EDGE('',*,*,#1296,.T.);
#1296 = EDGE_CURVE('',#1297,#1297,#1299,.T.);
#1297 = VERTEX_POINT('',#1298);
#1298 = CARTESIAN_POINT('',(18.174973,63.884861,7.900327871983));
#1299 = CIRCLE('',#1300,1.5);
#1300 = AXIS2_PLACEMENT_3D('',#1301,#1302,#1303);
#1301 = CARTESIAN_POINT('',(16.674973,63.884861,7.900327871983));
#1302 = DIRECTION('',(0.,0.,-1.));
#1303 = DIRECTION('',(1.,0.,0.));
#1304 = PLANE('',#1305);
#1305 = AXIS2_PLACEMENT_3D('',#1306,#1307,#1308);
#1306 = CARTESIAN_POINT('',(26.420011376718,34.540004991163,
    7.900327871983));
#1307 = DIRECTION('',(0.,0.,1.));
#1308 = DIRECTION('',(1.,0.,0.));
#1309 = ADVANCED_FACE('',(#1310),#1328,.T.);
#1310 = FACE_BOUND('',#1311,.T.);
#1311 = EDGE_LOOP('',(#1312,#1313,#1321,#1327));
#1312 = ORIENTED_EDGE('',*,*,#1229,.F.);
#1313 = ORIENTED_EDGE('',*,*,#1314,.T.);
#1314 = EDGE_CURVE('',#1230,#1315,#1317,.T.);
#1315 = VERTEX_POINT('',#1316);
#1316 = CARTESIAN_POINT('',(18.583855114493,76.819957820856,
    11.900327871983));
#1317 = LINE('',#1318,#1319);
#1318 = CARTESIAN_POINT('',(18.583855114493,76.819957820856,
    7.900327871983));
#1319 = VECTOR('',#1320,1.);
#1320 = DIRECTION('',(0.,0.,1.));
#1321 = ORIENTED_EDGE('',*,*,#1322,.T.);
#1322 = EDGE_CURVE('',#1315,#1197,#1323,.T.);
#1323 = LINE('',#1324,#1325);
#1324 = CARTESIAN_POINT('',(21.912168737253,58.862025490491,
    11.900327871983));
#1325 = VECTOR('',#1326,1.);
#1326 = DIRECTION('',(0.18223592757,-0.983254833043,0.));
#1327 = ORIENTED_EDGE('',*,*,#1205,.F.);
#1328 = PLANE('',#1329);
#1329 = AXIS2_PLACEMENT_3D('',#1330,#1331,#1332);
#1330 = CARTESIAN_POINT('',(18.583855114493,76.819957820856,
    7.900327871983));
#1331 = DIRECTION('',(0.983254833043,0.18223592757,0.));
#1332 = DIRECTION('',(0.18223592757,-0.983254833043,0.));
#1333 = ADVANCED_FACE('',(#1334,#1404),#1415,.T.);
#1334 = FACE_BOUND('',#1335,.T.);
#1335 = EDGE_LOOP('',(#1336,#1346,#1354,#1362,#1369,#1370,#1371,#1380,
    #1388,#1397));
#1336 = ORIENTED_EDGE('',*,*,#1337,.T.);
#1337 = EDGE_CURVE('',#1338,#1340,#1342,.T.);
#1338 = VERTEX_POINT('',#1339);
#1339 = CARTESIAN_POINT('',(10.478021985513,73.604894294917,
    11.900327871983));
#1340 = VERTEX_POINT('',#1341);
#1341 = CARTESIAN_POINT('',(15.316997642326,58.712046728069,
    11.900327871983));
#1342 = LINE('',#1343,#1344);
#1343 = CARTESIAN_POINT('',(10.478021985513,73.604894294917,
    11.900327871983));
#1344 = VECTOR('',#1345,1.);
#1345 = DIRECTION('',(0.309016771954,-0.951056588564,0.));
#1346 = ORIENTED_EDGE('',*,*,#1347,.T.);
#1347 = EDGE_CURVE('',#1340,#1348,#1350,.T.);
#1348 = VERTEX_POINT('',#1349);
#1349 = CARTESIAN_POINT('',(20.728509357674,60.470355271931,
    11.900327871983));
#1350 = LINE('',#1351,#1352);
#1351 = CARTESIAN_POINT('',(0.386486834298,53.8608247223,11.900327871983
    ));
#1352 = VECTOR('',#1353,1.);
#1353 = DIRECTION('',(0.951056423264,0.309017280694,0.));
#1354 = ORIENTED_EDGE('',*,*,#1355,.T.);
#1355 = EDGE_CURVE('',#1348,#1356,#1358,.T.);
#1356 = VERTEX_POINT('',#1357);
#1357 = CARTESIAN_POINT('',(15.879284975272,75.394695048423,
    11.900327871983));
#1358 = LINE('',#1359,#1360);
#1359 = CARTESIAN_POINT('',(20.728509357674,60.470355271931,
    11.900327871983));
#1360 = VECTOR('',#1361,1.);
#1361 = DIRECTION('',(-0.309017711171,0.951056283394,0.));
#1362 = ORIENTED_EDGE('',*,*,#1363,.T.);
#1363 = EDGE_CURVE('',#1356,#1189,#1364,.T.);
#1364 = CIRCLE('',#1365,505.94912141244);
#1365 = AXIS2_PLACEMENT_3D('',#1366,#1367,#1368);
#1366 = CARTESIAN_POINT('',(-145.9638448914,554.76022861645,
    11.900327871983));
#1367 = DIRECTION('',(0.,0.,1.));
#1368 = DIRECTION('',(1.,0.,0.));
#1369 = ORIENTED_EDGE('',*,*,#1196,.T.);
#1370 = ORIENTED_EDGE('',*,*,#1322,.F.);
#1371 = ORIENTED_EDGE('',*,*,#1372,.F.);
#1372 = EDGE_CURVE('',#1373,#1315,#1375,.T.);
#1373 = VERTEX_POINT('',#1374);
#1374 = CARTESIAN_POINT('',(7.908022017313,73.351166835957,
    11.900327871983));
#1375 = CIRCLE('',#1376,43.);
#1376 = AXIS2_PLACEMENT_3D('',#1377,#1378,#1379);
#1377 = CARTESIAN_POINT('',(26.42,34.54,11.900327871983));
#1378 = DIRECTION('',(0.,0.,-1.));
#1379 = DIRECTION('',(1.,0.,0.));
#1380 = ORIENTED_EDGE('',*,*,#1381,.T.);
#1381 = EDGE_CURVE('',#1373,#1382,#1384,.T.);
#1382 = VERTEX_POINT('',#1383);
#1383 = CARTESIAN_POINT('',(8.252430910015,72.629096,11.900327871983));
#1384 = LINE('',#1385,#1386);
#1385 = CARTESIAN_POINT('',(13.83842027413,60.917783965743,
    11.900327871983));
#1386 = VECTOR('',#1387,1.);
#1387 = DIRECTION('',(0.430509845366,-0.902585881256,0.));
#1388 = ORIENTED_EDGE('',*,*,#1389,.T.);
#1389 = EDGE_CURVE('',#1382,#1390,#1392,.T.);
#1390 = VERTEX_POINT('',#1391);
#1391 = CARTESIAN_POINT('',(10.382919380489,73.573983218984,
    11.900327871983));
#1392 = CIRCLE('',#1393,42.199997639059);
#1393 = AXIS2_PLACEMENT_3D('',#1394,#1395,#1396);
#1394 = CARTESIAN_POINT('',(26.42,34.54,11.900327871983));
#1395 = DIRECTION('',(0.,0.,-1.));
#1396 = DIRECTION('',(1.,0.,0.));
#1397 = ORIENTED_EDGE('',*,*,#1398,.T.);
#1398 = EDGE_CURVE('',#1390,#1338,#1399,.T.);
#1399 = CIRCLE('',#1400,505.94912141244);
#1400 = AXIS2_PLACEMENT_3D('',#1401,#1402,#1403);
#1401 = CARTESIAN_POINT('',(-145.9638448914,554.76022861645,
    11.900327871983));
#1402 = DIRECTION('',(0.,0.,1.));
#1403 = DIRECTION('',(1.,0.,0.));
#1404 = FACE_BOUND('',#1405,.T.);
#1405 = EDGE_LOOP('',(#1406));
#1406 = ORIENTED_EDGE('',*,*,#1407,.F.);
#1407 = EDGE_CURVE('',#1408,#1408,#1410,.T.);
#1408 = VERTEX_POINT('',#1409);
#1409 = CARTESIAN_POINT('',(18.674973,63.884861,11.900327871983));
#1410 = CIRCLE('',#1411,2.);
#1411 = AXIS2_PLACEMENT_3D('',#1412,#1413,#1414);
#1412 = CARTESIAN_POINT('',(16.674973,63.884861,11.900327871983));
#1413 = DIRECTION('',(0.,0.,1.));
#1414 = DIRECTION('',(1.,0.,0.));
#1415 = PLANE('',#1416);
#1416 = AXIS2_PLACEMENT_3D('',#1417,#1418,#1419);
#1417 = CARTESIAN_POINT('',(-9.701039252886,34.428050136646,
    11.900327871983));
#1418 = DIRECTION('',(0.,0.,1.));
#1419 = DIRECTION('',(1.,0.,0.));
#1420 = ADVANCED_FACE('',(#1421),#1432,.T.);
#1421 = FACE_BOUND('',#1422,.T.);
#1422 = EDGE_LOOP('',(#1423,#1424,#1430,#1431));
#1423 = ORIENTED_EDGE('',*,*,#1363,.F.);
#1424 = ORIENTED_EDGE('',*,*,#1425,.T.);
#1425 = EDGE_CURVE('',#1356,#1220,#1426,.T.);
#1426 = LINE('',#1427,#1428);
#1427 = CARTESIAN_POINT('',(15.879284975272,75.394695048423,
    11.900327871983));
#1428 = VECTOR('',#1429,1.);
#1429 = DIRECTION('',(-0.,-0.,-1.));
#1430 = ORIENTED_EDGE('',*,*,#1219,.T.);
#1431 = ORIENTED_EDGE('',*,*,#1188,.T.);
#1432 = CYLINDRICAL_SURFACE('',#1433,505.94912141244);
#1433 = AXIS2_PLACEMENT_3D('',#1434,#1435,#1436);
#1434 = CARTESIAN_POINT('',(-145.9638448914,554.76022861645,
    11.900327871983));
#1435 = DIRECTION('',(0.,0.,1.));
#1436 = DIRECTION('',(1.,0.,-0.));
#1437 = ADVANCED_FACE('',(#1438),#1449,.T.);
#1438 = FACE_BOUND('',#1439,.T.);
#1439 = EDGE_LOOP('',(#1440,#1441,#1447,#1448));
#1440 = ORIENTED_EDGE('',*,*,#1355,.F.);
#1441 = ORIENTED_EDGE('',*,*,#1442,.T.);
#1442 = EDGE_CURVE('',#1348,#1281,#1443,.T.);
#1443 = LINE('',#1444,#1445);
#1444 = CARTESIAN_POINT('',(20.728509357674,60.470355271931,
    11.900327871983));
#1445 = VECTOR('',#1446,1.);
#1446 = DIRECTION('',(-0.,-0.,-1.));
#1447 = ORIENTED_EDGE('',*,*,#1288,.F.);
#1448 = ORIENTED_EDGE('',*,*,#1425,.F.);
#1449 = PLANE('',#1450);
#1450 = AXIS2_PLACEMENT_3D('',#1451,#1452,#1453);
#1451 = CARTESIAN_POINT('',(20.728509357674,60.470355271931,
    11.900327871983));
#1452 = DIRECTION('',(0.951056283394,0.309017711171,0.));
#1453 = DIRECTION('',(-0.309017711171,0.951056283394,0.));
#1454 = ADVANCED_FACE('',(#1455),#1466,.F.);
#1455 = FACE_BOUND('',#1456,.F.);
#1456 = EDGE_LOOP('',(#1457,#1458,#1464,#1465));
#1457 = ORIENTED_EDGE('',*,*,#1280,.F.);
#1458 = ORIENTED_EDGE('',*,*,#1459,.F.);
#1459 = EDGE_CURVE('',#1340,#1273,#1460,.T.);
#1460 = LINE('',#1461,#1462);
#1461 = CARTESIAN_POINT('',(15.316997642326,58.712046728069,
    11.900327871983));
#1462 = VECTOR('',#1463,1.);
#1463 = DIRECTION('',(-0.,-0.,-1.));
#1464 = ORIENTED_EDGE('',*,*,#1347,.T.);
#1465 = ORIENTED_EDGE('',*,*,#1442,.T.);
#1466 = PLANE('',#1467);
#1467 = AXIS2_PLACEMENT_3D('',#1468,#1469,#1470);
#1468 = CARTESIAN_POINT('',(15.221892,58.681145,7.900327871983));
#1469 = DIRECTION('',(-0.309017280694,0.951056423264,0.));
#1470 = DIRECTION('',(0.951056423264,0.309017280694,0.));
#1471 = ADVANCED_FACE('',(#1472),#1483,.T.);
#1472 = FACE_BOUND('',#1473,.T.);
#1473 = EDGE_LOOP('',(#1474,#1475,#1481,#1482));
#1474 = ORIENTED_EDGE('',*,*,#1337,.F.);
#1475 = ORIENTED_EDGE('',*,*,#1476,.T.);
#1476 = EDGE_CURVE('',#1338,#1264,#1477,.T.);
#1477 = LINE('',#1478,#1479);
#1478 = CARTESIAN_POINT('',(10.478021985513,73.604894294917,
    11.900327871983));
#1479 = VECTOR('',#1480,1.);
#1480 = DIRECTION('',(-0.,-0.,-1.));
#1481 = ORIENTED_EDGE('',*,*,#1272,.F.);
#1482 = ORIENTED_EDGE('',*,*,#1459,.F.);
#1483 = PLANE('',#1484);
#1484 = AXIS2_PLACEMENT_3D('',#1485,#1486,#1487);
#1485 = CARTESIAN_POINT('',(10.478021985513,73.604894294917,
    11.900327871983));
#1486 = DIRECTION('',(-0.951056588564,-0.309016771954,0.));
#1487 = DIRECTION('',(0.309016771954,-0.951056588564,0.));
#1488 = ADVANCED_FACE('',(#1489),#1500,.T.);
#1489 = FACE_BOUND('',#1490,.T.);
#1490 = EDGE_LOOP('',(#1491,#1492,#1498,#1499));
#1491 = ORIENTED_EDGE('',*,*,#1398,.F.);
#1492 = ORIENTED_EDGE('',*,*,#1493,.F.);
#1493 = EDGE_CURVE('',#1255,#1390,#1494,.T.);
#1494 = LINE('',#1495,#1496);
#1495 = CARTESIAN_POINT('',(10.382919380489,73.573983218984,
    7.900327871983));
#1496 = VECTOR('',#1497,1.);
#1497 = DIRECTION('',(0.,0.,1.));
#1498 = ORIENTED_EDGE('',*,*,#1263,.T.);
#1499 = ORIENTED_EDGE('',*,*,#1476,.F.);
#1500 = CYLINDRICAL_SURFACE('',#1501,505.94912141244);
#1501 = AXIS2_PLACEMENT_3D('',#1502,#1503,#1504);
#1502 = CARTESIAN_POINT('',(-145.9638448914,554.76022861645,
    11.900327871983));
#1503 = DIRECTION('',(0.,0.,1.));
#1504 = DIRECTION('',(1.,0.,-0.));
#1505 = ADVANCED_FACE('',(#1506),#1517,.F.);
#1506 = FACE_BOUND('',#1507,.F.);
#1507 = EDGE_LOOP('',(#1508,#1509,#1515,#1516));
#1508 = ORIENTED_EDGE('',*,*,#1254,.F.);
#1509 = ORIENTED_EDGE('',*,*,#1510,.T.);
#1510 = EDGE_CURVE('',#1247,#1382,#1511,.T.);
#1511 = LINE('',#1512,#1513);
#1512 = CARTESIAN_POINT('',(8.252430910015,72.629096,7.900327871983));
#1513 = VECTOR('',#1514,1.);
#1514 = DIRECTION('',(0.,0.,1.));
#1515 = ORIENTED_EDGE('',*,*,#1389,.T.);
#1516 = ORIENTED_EDGE('',*,*,#1493,.F.);
#1517 = CYLINDRICAL_SURFACE('',#1518,42.199997639059);
#1518 = AXIS2_PLACEMENT_3D('',#1519,#1520,#1521);
#1519 = CARTESIAN_POINT('',(26.42,34.54,7.900327871983));
#1520 = DIRECTION('',(0.,0.,-1.));
#1521 = DIRECTION('',(1.,0.,0.));
#1522 = ADVANCED_FACE('',(#1523),#1534,.F.);
#1523 = FACE_BOUND('',#1524,.F.);
#1524 = EDGE_LOOP('',(#1525,#1526,#1532,#1533));
#1525 = ORIENTED_EDGE('',*,*,#1246,.F.);
#1526 = ORIENTED_EDGE('',*,*,#1527,.T.);
#1527 = EDGE_CURVE('',#1238,#1373,#1528,.T.);
#1528 = LINE('',#1529,#1530);
#1529 = CARTESIAN_POINT('',(7.908022017313,73.351166835957,
    7.900327871983));
#1530 = VECTOR('',#1531,1.);
#1531 = DIRECTION('',(0.,0.,1.));
#1532 = ORIENTED_EDGE('',*,*,#1381,.T.);
#1533 = ORIENTED_EDGE('',*,*,#1510,.F.);
#1534 = PLANE('',#1535);
#1535 = AXIS2_PLACEMENT_3D('',#1536,#1537,#1538);
#1536 = CARTESIAN_POINT('',(7.908022017313,73.351166835957,
    7.900327871983));
#1537 = DIRECTION('',(0.902585881256,0.430509845366,0.));
#1538 = DIRECTION('',(0.430509845366,-0.902585881256,0.));
#1539 = ADVANCED_FACE('',(#1540),#1546,.T.);
#1540 = FACE_BOUND('',#1541,.T.);
#1541 = EDGE_LOOP('',(#1542,#1543,#1544,#1545));
#1542 = ORIENTED_EDGE('',*,*,#1237,.F.);
#1543 = ORIENTED_EDGE('',*,*,#1527,.T.);
#1544 = ORIENTED_EDGE('',*,*,#1372,.T.);
#1545 = ORIENTED_EDGE('',*,*,#1314,.F.);
#1546 = CYLINDRICAL_SURFACE('',#1547,43.);
#1547 = AXIS2_PLACEMENT_3D('',#1548,#1549,#1550);
#1548 = CARTESIAN_POINT('',(26.42,34.54,7.900327871983));
#1549 = DIRECTION('',(0.,0.,-1.));
#1550 = DIRECTION('',(1.,0.,0.));
#1551 = ADVANCED_FACE('',(#1552),#1571,.F.);
#1552 = FACE_BOUND('',#1553,.F.);
#1553 = EDGE_LOOP('',(#1554,#1562,#1563,#1564));
#1554 = ORIENTED_EDGE('',*,*,#1555,.F.);
#1555 = EDGE_CURVE('',#1297,#1556,#1558,.T.);
#1556 = VERTEX_POINT('',#1557);
#1557 = CARTESIAN_POINT('',(18.174973,63.884861,9.900327871983));
#1558 = LINE('',#1559,#1560);
#1559 = CARTESIAN_POINT('',(18.174973,63.884861,7.900327871983));
#1560 = VECTOR('',#1561,1.);
#1561 = DIRECTION('',(0.,0.,1.));
#1562 = ORIENTED_EDGE('',*,*,#1296,.F.);
#1563 = ORIENTED_EDGE('',*,*,#1555,.T.);
#1564 = ORIENTED_EDGE('',*,*,#1565,.F.);
#1565 = EDGE_CURVE('',#1556,#1556,#1566,.T.);
#1566 = CIRCLE('',#1567,1.5);
#1567 = AXIS2_PLACEMENT_3D('',#1568,#1569,#1570);
#1568 = CARTESIAN_POINT('',(16.674973,63.884861,9.900327871983));
#1569 = DIRECTION('',(0.,0.,1.));
#1570 = DIRECTION('',(1.,0.,0.));
#1571 = CYLINDRICAL_SURFACE('',#1572,1.5);
#1572 = AXIS2_PLACEMENT_3D('',#1573,#1574,#1575);
#1573 = CARTESIAN_POINT('',(16.674973,63.884861,7.900327871983));
#1574 = DIRECTION('',(0.,0.,-1.));
#1575 = DIRECTION('',(1.,0.,0.));
#1576 = ADVANCED_FACE('',(#1577),#1596,.F.);
#1577 = FACE_BOUND('',#1578,.T.);
#1578 = EDGE_LOOP('',(#1579,#1587,#1588,#1589));
#1579 = ORIENTED_EDGE('',*,*,#1580,.F.);
#1580 = EDGE_CURVE('',#1408,#1581,#1583,.T.);
#1581 = VERTEX_POINT('',#1582);
#1582 = CARTESIAN_POINT('',(18.674973,63.884861,9.900327871983));
#1583 = LINE('',#1584,#1585);
#1584 = CARTESIAN_POINT('',(18.674973,63.884861,11.900327871983));
#1585 = VECTOR('',#1586,1.);
#1586 = DIRECTION('',(0.,0.,-1.));
#1587 = ORIENTED_EDGE('',*,*,#1407,.T.);
#1588 = ORIENTED_EDGE('',*,*,#1580,.T.);
#1589 = ORIENTED_EDGE('',*,*,#1590,.F.);
#1590 = EDGE_CURVE('',#1581,#1581,#1591,.T.);
#1591 = CIRCLE('',#1592,2.);
#1592 = AXIS2_PLACEMENT_3D('',#1593,#1594,#1595);
#1593 = CARTESIAN_POINT('',(16.674973,63.884861,9.900327871983));
#1594 = DIRECTION('',(0.,0.,1.));
#1595 = DIRECTION('',(1.,0.,0.));
#1596 = CYLINDRICAL_SURFACE('',#1597,2.);
#1597 = AXIS2_PLACEMENT_3D('',#1598,#1599,#1600);
#1598 = CARTESIAN_POINT('',(16.674973,63.884861,11.900327871983));
#1599 = DIRECTION('',(-0.,-0.,-1.));
#1600 = DIRECTION('',(1.,0.,0.));
#1601 = ADVANCED_FACE('',(#1602,#1605),#1608,.T.);
#1602 = FACE_BOUND('',#1603,.T.);
#1603 = EDGE_LOOP('',(#1604));
#1604 = ORIENTED_EDGE('',*,*,#1590,.T.);
#1605 = FACE_BOUND('',#1606,.T.);
#1606 = EDGE_LOOP('',(#1607));
#1607 = ORIENTED_EDGE('',*,*,#1565,.F.);
#1608 = PLANE('',#1609);
#1609 = AXIS2_PLACEMENT_3D('',#1610,#1611,#1612);
#1610 = CARTESIAN_POINT('',(16.674973,63.884861,9.900327871983));
#1611 = DIRECTION('',(0.,0.,1.));
#1612 = DIRECTION('',(1.,0.,0.));
#1613 = MANIFOLD_SOLID_BREP('',#1614);
#1614 = CLOSED_SHELL('',(#1615,#1657,#1751,#1775,#1862,#1879,#1896,#1913
    ,#1930,#1947,#1964,#1981,#1993,#2018,#2043));
#1615 = ADVANCED_FACE('',(#1616),#1652,.F.);
#1616 = FACE_BOUND('',#1617,.F.);
#1617 = EDGE_LOOP('',(#1618,#1629,#1637,#1646));
#1618 = ORIENTED_EDGE('',*,*,#1619,.F.);
#1619 = EDGE_CURVE('',#1620,#1622,#1624,.T.);
#1620 = VERTEX_POINT('',#1621);
#1621 = CARTESIAN_POINT('',(36.865996000001,-6.346690949551,
    7.900327871983));
#1622 = VERTEX_POINT('',#1623);
#1623 = CARTESIAN_POINT('',(34.110412010519,-6.953347567346,
    7.900327871983));
#1624 = CIRCLE('',#1625,42.200003900902);
#1625 = AXIS2_PLACEMENT_3D('',#1626,#1627,#1628);
#1626 = CARTESIAN_POINT('',(26.42,34.54,7.900327871983));
#1627 = DIRECTION('',(0.,0.,-1.));
#1628 = DIRECTION('',(1.,0.,0.));
#1629 = ORIENTED_EDGE('',*,*,#1630,.T.);
#1630 = EDGE_CURVE('',#1620,#1631,#1633,.T.);
#1631 = VERTEX_POINT('',#1632);
#1632 = CARTESIAN_POINT('',(36.865996000001,-6.346690949551,
    11.900327871983));
#1633 = LINE('',#1634,#1635);
#1634 = CARTESIAN_POINT('',(36.865996000001,-6.346690949551,
    7.900327871983));
#1635 = VECTOR('',#1636,1.);
#1636 = DIRECTION('',(0.,0.,1.));
#1637 = ORIENTED_EDGE('',*,*,#1638,.T.);
#1638 = EDGE_CURVE('',#1631,#1639,#1641,.T.);
#1639 = VERTEX_POINT('',#1640);
#1640 = CARTESIAN_POINT('',(34.110412010519,-6.953347567346,
    11.900327871983));
#1641 = CIRCLE('',#1642,42.200003900902);
#1642 = AXIS2_PLACEMENT_3D('',#1643,#1644,#1645);
#1643 = CARTESIAN_POINT('',(26.42,34.54,11.900327871983));
#1644 = DIRECTION('',(0.,0.,-1.));
#1645 = DIRECTION('',(1.,0.,0.));
#1646 = ORIENTED_EDGE('',*,*,#1647,.F.);
#1647 = EDGE_CURVE('',#1622,#1639,#1648,.T.);
#1648 = LINE('',#1649,#1650);
#1649 = CARTESIAN_POINT('',(34.110412010519,-6.953347567346,
    7.900327871983));
#1650 = VECTOR('',#1651,1.);
#1651 = DIRECTION('',(0.,0.,1.));
#1652 = CYLINDRICAL_SURFACE('',#1653,42.200003900902);
#1653 = AXIS2_PLACEMENT_3D('',#1654,#1655,#1656);
#1654 = CARTESIAN_POINT('',(26.42,34.54,7.900327871983));
#1655 = DIRECTION('',(0.,0.,-1.));
#1656 = DIRECTION('',(1.,0.,0.));
#1657 = ADVANCED_FACE('',(#1658,#1735),#1746,.F.);
#1658 = FACE_BOUND('',#1659,.F.);
#1659 = EDGE_LOOP('',(#1660,#1669,#1670,#1678,#1687,#1695,#1704,#1713,
    #1721,#1729));
#1660 = ORIENTED_EDGE('',*,*,#1661,.F.);
#1661 = EDGE_CURVE('',#1620,#1662,#1664,.T.);
#1662 = VERTEX_POINT('',#1663);
#1663 = CARTESIAN_POINT('',(36.96304592415,-6.321773082305,
    7.900327871983));
#1664 = CIRCLE('',#1665,42.200449438068);
#1665 = AXIS2_PLACEMENT_3D('',#1666,#1667,#1668);
#1666 = CARTESIAN_POINT('',(26.419829018441,34.540416164652,
    7.900327871983));
#1667 = DIRECTION('',(0.,0.,1.));
#1668 = DIRECTION('',(1.,0.,-0.));
#1669 = ORIENTED_EDGE('',*,*,#1619,.T.);
#1670 = ORIENTED_EDGE('',*,*,#1671,.F.);
#1671 = EDGE_CURVE('',#1672,#1622,#1674,.T.);
#1672 = VERTEX_POINT('',#1673);
#1673 = CARTESIAN_POINT('',(34.256201811666,-7.739947270152,
    7.900327871983));
#1674 = LINE('',#1675,#1676);
#1675 = CARTESIAN_POINT('',(34.256201811666,-7.739947270152,
    7.900327871983));
#1676 = VECTOR('',#1677,1.);
#1677 = DIRECTION('',(-0.18223814005,0.983254422981,-0.));
#1678 = ORIENTED_EDGE('',*,*,#1679,.F.);
#1679 = EDGE_CURVE('',#1680,#1672,#1682,.T.);
#1680 = VERTEX_POINT('',#1681);
#1681 = CARTESIAN_POINT('',(44.932030238421,-4.271141911206,
    7.900327871983));
#1682 = CIRCLE('',#1683,43.);
#1683 = AXIS2_PLACEMENT_3D('',#1684,#1685,#1686);
#1684 = CARTESIAN_POINT('',(26.42,34.54,7.900327871983));
#1685 = DIRECTION('',(0.,0.,-1.));
#1686 = DIRECTION('',(1.,0.,0.));
#1687 = ORIENTED_EDGE('',*,*,#1688,.T.);
#1688 = EDGE_CURVE('',#1680,#1689,#1691,.T.);
#1689 = VERTEX_POINT('',#1690);
#1690 = CARTESIAN_POINT('',(44.587606999999,-3.549079999998,
    7.900327871983));
#1691 = LINE('',#1692,#1693);
#1692 = CARTESIAN_POINT('',(44.932030238421,-4.271141911206,
    7.900327871983));
#1693 = VECTOR('',#1694,1.);
#1694 = DIRECTION('',(-0.430528788774,0.902576845502,-0.));
#1695 = ORIENTED_EDGE('',*,*,#1696,.T.);
#1696 = EDGE_CURVE('',#1689,#1697,#1699,.T.);
#1697 = VERTEX_POINT('',#1698);
#1698 = CARTESIAN_POINT('',(42.457133175253,-4.493963658227,
    7.900327871983));
#1699 = CIRCLE('',#1700,42.199999518396);
#1700 = AXIS2_PLACEMENT_3D('',#1701,#1702,#1703);
#1701 = CARTESIAN_POINT('',(26.42,34.54,7.900327871983));
#1702 = DIRECTION('',(0.,0.,-1.));
#1703 = DIRECTION('',(1.,0.,0.));
#1704 = ORIENTED_EDGE('',*,*,#1705,.F.);
#1705 = EDGE_CURVE('',#1706,#1697,#1708,.T.);
#1706 = VERTEX_POINT('',#1707);
#1707 = CARTESIAN_POINT('',(42.364333296731,-4.53196175242,
    7.900327871983));
#1708 = CIRCLE('',#1709,42.200449438068);
#1709 = AXIS2_PLACEMENT_3D('',#1710,#1711,#1712);
#1710 = CARTESIAN_POINT('',(26.419829018441,34.540416164652,
    7.900327871983));
#1711 = DIRECTION('',(0.,0.,1.));
#1712 = DIRECTION('',(1.,0.,-0.));
#1713 = ORIENTED_EDGE('',*,*,#1714,.F.);
#1714 = EDGE_CURVE('',#1715,#1706,#1717,.T.);
#1715 = VERTEX_POINT('',#1716);
#1716 = CARTESIAN_POINT('',(37.523023385865,10.367963185168,
    7.900327871983));
#1717 = LINE('',#1718,#1719);
#1718 = CARTESIAN_POINT('',(35.861539863485,15.481451109776,
    7.900327871983));
#1719 = VECTOR('',#1720,1.);
#1720 = DIRECTION('',(0.30901877411,-0.951055938022,0.));
#1721 = ORIENTED_EDGE('',*,*,#1722,.T.);
#1722 = EDGE_CURVE('',#1715,#1723,#1725,.T.);
#1723 = VERTEX_POINT('',#1724);
#1724 = CARTESIAN_POINT('',(32.111513614135,8.609649814832,
    7.900327871983));
#1725 = LINE('',#1726,#1727);
#1726 = CARTESIAN_POINT('',(37.618129,10.398865,7.900327871983));
#1727 = VECTOR('',#1728,1.);
#1728 = DIRECTION('',(-0.951056141354,-0.309018148321,0.));
#1729 = ORIENTED_EDGE('',*,*,#1730,.F.);
#1730 = EDGE_CURVE('',#1662,#1723,#1731,.T.);
#1731 = LINE('',#1732,#1733);
#1732 = CARTESIAN_POINT('',(28.02938453597,21.173102285504,
    7.900327871983));
#1733 = VECTOR('',#1734,1.);
#1734 = DIRECTION('',(-0.309018084287,0.95105616216,0.));
#1735 = FACE_BOUND('',#1736,.F.);
#1736 = EDGE_LOOP('',(#1737));
#1737 = ORIENTED_EDGE('',*,*,#1738,.T.);
#1738 = EDGE_CURVE('',#1739,#1739,#1741,.T.);
#1739 = VERTEX_POINT('',#1740);
#1740 = CARTESIAN_POINT('',(37.665053,5.195148,7.900327871983));
#1741 = CIRCLE('',#1742,1.5);
#1742 = AXIS2_PLACEMENT_3D('',#1743,#1744,#1745);
#1743 = CARTESIAN_POINT('',(36.165053,5.195148,7.900327871983));
#1744 = DIRECTION('',(0.,0.,-1.));
#1745 = DIRECTION('',(1.,0.,0.));
#1746 = PLANE('',#1747);
#1747 = AXIS2_PLACEMENT_3D('',#1748,#1749,#1750);
#1748 = CARTESIAN_POINT('',(26.420011376718,34.540004991163,
    7.900327871983));
#1749 = DIRECTION('',(0.,0.,1.));
#1750 = DIRECTION('',(1.,0.,0.));
#1751 = ADVANCED_FACE('',(#1752),#1770,.T.);
#1752 = FACE_BOUND('',#1753,.T.);
#1753 = EDGE_LOOP('',(#1754,#1755,#1763,#1769));
#1754 = ORIENTED_EDGE('',*,*,#1671,.F.);
#1755 = ORIENTED_EDGE('',*,*,#1756,.T.);
#1756 = EDGE_CURVE('',#1672,#1757,#1759,.T.);
#1757 = VERTEX_POINT('',#1758);
#1758 = CARTESIAN_POINT('',(34.256201811666,-7.739947270152,
    11.900327871983));
#1759 = LINE('',#1760,#1761);
#1760 = CARTESIAN_POINT('',(34.256201811666,-7.739947270152,
    7.900327871983));
#1761 = VECTOR('',#1762,1.);
#1762 = DIRECTION('',(0.,0.,1.));
#1763 = ORIENTED_EDGE('',*,*,#1764,.T.);
#1764 = EDGE_CURVE('',#1757,#1639,#1765,.T.);
#1765 = LINE('',#1766,#1767);
#1766 = CARTESIAN_POINT('',(29.748308534322,16.582107388913,
    11.900327871983));
#1767 = VECTOR('',#1768,1.);
#1768 = DIRECTION('',(-0.18223814005,0.983254422981,0.));
#1769 = ORIENTED_EDGE('',*,*,#1647,.F.);
#1770 = PLANE('',#1771);
#1771 = AXIS2_PLACEMENT_3D('',#1772,#1773,#1774);
#1772 = CARTESIAN_POINT('',(34.256201811666,-7.739947270152,
    7.900327871983));
#1773 = DIRECTION('',(-0.983254422981,-0.18223814005,-0.));
#1774 = DIRECTION('',(-0.18223814005,0.983254422981,0.));
#1775 = ADVANCED_FACE('',(#1776,#1846),#1857,.T.);
#1776 = FACE_BOUND('',#1777,.T.);
#1777 = EDGE_LOOP('',(#1778,#1788,#1796,#1804,#1811,#1812,#1813,#1822,
    #1830,#1839));
#1778 = ORIENTED_EDGE('',*,*,#1779,.T.);
#1779 = EDGE_CURVE('',#1780,#1782,#1784,.T.);
#1780 = VERTEX_POINT('',#1781);
#1781 = CARTESIAN_POINT('',(42.364333296731,-4.53196175242,
    11.900327871983));
#1782 = VERTEX_POINT('',#1783);
#1783 = CARTESIAN_POINT('',(37.523023385865,10.367963185168,
    11.900327871983));
#1784 = LINE('',#1785,#1786);
#1785 = CARTESIAN_POINT('',(42.364333296731,-4.53196175242,
    11.900327871983));
#1786 = VECTOR('',#1787,1.);
#1787 = DIRECTION('',(-0.30901877411,0.951055938022,0.));
#1788 = ORIENTED_EDGE('',*,*,#1789,.T.);
#1789 = EDGE_CURVE('',#1782,#1790,#1792,.T.);
#1790 = VERTEX_POINT('',#1791);
#1791 = CARTESIAN_POINT('',(32.111513614135,8.609649814832,
    11.900327871983));
#1792 = LINE('',#1793,#1794);
#1793 = CARTESIAN_POINT('',(19.748862946806,4.592764531779,
    11.900327871983));
#1794 = VECTOR('',#1795,1.);
#1795 = DIRECTION('',(-0.951056141354,-0.309018148321,0.));
#1796 = ORIENTED_EDGE('',*,*,#1797,.T.);
#1797 = EDGE_CURVE('',#1790,#1798,#1800,.T.);
#1798 = VERTEX_POINT('',#1799);
#1799 = CARTESIAN_POINT('',(36.96304592415,-6.321773082305,
    11.900327871983));
#1800 = LINE('',#1801,#1802);
#1801 = CARTESIAN_POINT('',(32.111513614135,8.609649814832,
    11.900327871983));
#1802 = VECTOR('',#1803,1.);
#1803 = DIRECTION('',(0.309018084287,-0.95105616216,0.));
#1804 = ORIENTED_EDGE('',*,*,#1805,.F.);
#1805 = EDGE_CURVE('',#1631,#1798,#1806,.T.);
#1806 = CIRCLE('',#1807,42.200449438068);
#1807 = AXIS2_PLACEMENT_3D('',#1808,#1809,#1810);
#1808 = CARTESIAN_POINT('',(26.419829018441,34.540416164652,
    11.900327871983));
#1809 = DIRECTION('',(0.,0.,1.));
#1810 = DIRECTION('',(1.,0.,0.));
#1811 = ORIENTED_EDGE('',*,*,#1638,.T.);
#1812 = ORIENTED_EDGE('',*,*,#1764,.F.);
#1813 = ORIENTED_EDGE('',*,*,#1814,.F.);
#1814 = EDGE_CURVE('',#1815,#1757,#1817,.T.);
#1815 = VERTEX_POINT('',#1816);
#1816 = CARTESIAN_POINT('',(44.932030238421,-4.271141911206,
    11.900327871983));
#1817 = CIRCLE('',#1818,43.);
#1818 = AXIS2_PLACEMENT_3D('',#1819,#1820,#1821);
#1819 = CARTESIAN_POINT('',(26.42,34.54,11.900327871983));
#1820 = DIRECTION('',(0.,0.,-1.));
#1821 = DIRECTION('',(1.,0.,0.));
#1822 = ORIENTED_EDGE('',*,*,#1823,.T.);
#1823 = EDGE_CURVE('',#1815,#1824,#1826,.T.);
#1824 = VERTEX_POINT('',#1825);
#1825 = CARTESIAN_POINT('',(44.587606999999,-3.549079999998,
    11.900327871983));
#1826 = LINE('',#1827,#1828);
#1827 = CARTESIAN_POINT('',(32.349804016835,22.106713295197,
    11.900327871983));
#1828 = VECTOR('',#1829,1.);
#1829 = DIRECTION('',(-0.430528788774,0.902576845502,0.));
#1830 = ORIENTED_EDGE('',*,*,#1831,.T.);
#1831 = EDGE_CURVE('',#1824,#1832,#1834,.T.);
#1832 = VERTEX_POINT('',#1833);
#1833 = CARTESIAN_POINT('',(42.457133175253,-4.493963658227,
    11.900327871983));
#1834 = CIRCLE('',#1835,42.199999518396);
#1835 = AXIS2_PLACEMENT_3D('',#1836,#1837,#1838);
#1836 = CARTESIAN_POINT('',(26.42,34.54,11.900327871983));
#1837 = DIRECTION('',(0.,0.,-1.));
#1838 = DIRECTION('',(1.,0.,0.));
#1839 = ORIENTED_EDGE('',*,*,#1840,.F.);
#1840 = EDGE_CURVE('',#1780,#1832,#1841,.T.);
#1841 = CIRCLE('',#1842,42.200449438068);
#1842 = AXIS2_PLACEMENT_3D('',#1843,#1844,#1845);
#1843 = CARTESIAN_POINT('',(26.419829018441,34.540416164652,
    11.900327871983));
#1844 = DIRECTION('',(0.,0.,1.));
#1845 = DIRECTION('',(1.,0.,0.));
#1846 = FACE_BOUND('',#1847,.T.);
#1847 = EDGE_LOOP('',(#1848));
#1848 = ORIENTED_EDGE('',*,*,#1849,.F.);
#1849 = EDGE_CURVE('',#1850,#1850,#1852,.T.);
#1850 = VERTEX_POINT('',#1851);
#1851 = CARTESIAN_POINT('',(38.165053,5.195148,11.900327871983));
#1852 = CIRCLE('',#1853,2.);
#1853 = AXIS2_PLACEMENT_3D('',#1854,#1855,#1856);
#1854 = CARTESIAN_POINT('',(36.165053,5.195148,11.900327871983));
#1855 = DIRECTION('',(0.,0.,1.));
#1856 = DIRECTION('',(1.,0.,0.));
#1857 = PLANE('',#1858);
#1858 = AXIS2_PLACEMENT_3D('',#1859,#1860,#1861);
#1859 = CARTESIAN_POINT('',(-9.701039252886,34.428050136646,
    11.900327871983));
#1860 = DIRECTION('',(0.,0.,1.));
#1861 = DIRECTION('',(1.,0.,0.));
#1862 = ADVANCED_FACE('',(#1863),#1874,.F.);
#1863 = FACE_BOUND('',#1864,.F.);
#1864 = EDGE_LOOP('',(#1865,#1866,#1867,#1868));
#1865 = ORIENTED_EDGE('',*,*,#1805,.F.);
#1866 = ORIENTED_EDGE('',*,*,#1630,.F.);
#1867 = ORIENTED_EDGE('',*,*,#1661,.T.);
#1868 = ORIENTED_EDGE('',*,*,#1869,.F.);
#1869 = EDGE_CURVE('',#1798,#1662,#1870,.T.);
#1870 = LINE('',#1871,#1872);
#1871 = CARTESIAN_POINT('',(36.96304592415,-6.321773082305,
    11.900327871983));
#1872 = VECTOR('',#1873,1.);
#1873 = DIRECTION('',(-0.,-0.,-1.));
#1874 = CYLINDRICAL_SURFACE('',#1875,42.200449438068);
#1875 = AXIS2_PLACEMENT_3D('',#1876,#1877,#1878);
#1876 = CARTESIAN_POINT('',(26.419829018441,34.540416164652,
    11.900327871983));
#1877 = DIRECTION('',(0.,0.,1.));
#1878 = DIRECTION('',(1.,0.,-0.));
#1879 = ADVANCED_FACE('',(#1880),#1891,.T.);
#1880 = FACE_BOUND('',#1881,.T.);
#1881 = EDGE_LOOP('',(#1882,#1883,#1889,#1890));
#1882 = ORIENTED_EDGE('',*,*,#1797,.F.);
#1883 = ORIENTED_EDGE('',*,*,#1884,.T.);
#1884 = EDGE_CURVE('',#1790,#1723,#1885,.T.);
#1885 = LINE('',#1886,#1887);
#1886 = CARTESIAN_POINT('',(32.111513614135,8.609649814832,
    11.900327871983));
#1887 = VECTOR('',#1888,1.);
#1888 = DIRECTION('',(-0.,-0.,-1.));
#1889 = ORIENTED_EDGE('',*,*,#1730,.F.);
#1890 = ORIENTED_EDGE('',*,*,#1869,.F.);
#1891 = PLANE('',#1892);
#1892 = AXIS2_PLACEMENT_3D('',#1893,#1894,#1895);
#1893 = CARTESIAN_POINT('',(32.111513614135,8.609649814832,
    11.900327871983));
#1894 = DIRECTION('',(-0.95105616216,-0.309018084287,0.));
#1895 = DIRECTION('',(0.309018084287,-0.95105616216,0.));
#1896 = ADVANCED_FACE('',(#1897),#1908,.F.);
#1897 = FACE_BOUND('',#1898,.F.);
#1898 = EDGE_LOOP('',(#1899,#1900,#1906,#1907));
#1899 = ORIENTED_EDGE('',*,*,#1722,.F.);
#1900 = ORIENTED_EDGE('',*,*,#1901,.F.);
#1901 = EDGE_CURVE('',#1782,#1715,#1902,.T.);
#1902 = LINE('',#1903,#1904);
#1903 = CARTESIAN_POINT('',(37.523023385865,10.367963185168,
    11.900327871983));
#1904 = VECTOR('',#1905,1.);
#1905 = DIRECTION('',(-0.,-0.,-1.));
#1906 = ORIENTED_EDGE('',*,*,#1789,.T.);
#1907 = ORIENTED_EDGE('',*,*,#1884,.T.);
#1908 = PLANE('',#1909);
#1909 = AXIS2_PLACEMENT_3D('',#1910,#1911,#1912);
#1910 = CARTESIAN_POINT('',(37.618129,10.398865,7.900327871983));
#1911 = DIRECTION('',(0.309018148321,-0.951056141354,0.));
#1912 = DIRECTION('',(-0.951056141354,-0.309018148321,0.));
#1913 = ADVANCED_FACE('',(#1914),#1925,.T.);
#1914 = FACE_BOUND('',#1915,.T.);
#1915 = EDGE_LOOP('',(#1916,#1917,#1923,#1924));
#1916 = ORIENTED_EDGE('',*,*,#1779,.F.);
#1917 = ORIENTED_EDGE('',*,*,#1918,.T.);
#1918 = EDGE_CURVE('',#1780,#1706,#1919,.T.);
#1919 = LINE('',#1920,#1921);
#1920 = CARTESIAN_POINT('',(42.364333296731,-4.53196175242,
    11.900327871983));
#1921 = VECTOR('',#1922,1.);
#1922 = DIRECTION('',(-0.,-0.,-1.));
#1923 = ORIENTED_EDGE('',*,*,#1714,.F.);
#1924 = ORIENTED_EDGE('',*,*,#1901,.F.);
#1925 = PLANE('',#1926);
#1926 = AXIS2_PLACEMENT_3D('',#1927,#1928,#1929);
#1927 = CARTESIAN_POINT('',(42.364333296731,-4.53196175242,
    11.900327871983));
#1928 = DIRECTION('',(0.951055938022,0.30901877411,0.));
#1929 = DIRECTION('',(-0.30901877411,0.951055938022,0.));
#1930 = ADVANCED_FACE('',(#1931),#1942,.F.);
#1931 = FACE_BOUND('',#1932,.F.);
#1932 = EDGE_LOOP('',(#1933,#1934,#1935,#1936));
#1933 = ORIENTED_EDGE('',*,*,#1840,.F.);
#1934 = ORIENTED_EDGE('',*,*,#1918,.T.);
#1935 = ORIENTED_EDGE('',*,*,#1705,.T.);
#1936 = ORIENTED_EDGE('',*,*,#1937,.T.);
#1937 = EDGE_CURVE('',#1697,#1832,#1938,.T.);
#1938 = LINE('',#1939,#1940);
#1939 = CARTESIAN_POINT('',(42.457133175253,-4.493963658227,
    7.900327871983));
#1940 = VECTOR('',#1941,1.);
#1941 = DIRECTION('',(0.,0.,1.));
#1942 = CYLINDRICAL_SURFACE('',#1943,42.200449438068);
#1943 = AXIS2_PLACEMENT_3D('',#1944,#1945,#1946);
#1944 = CARTESIAN_POINT('',(26.419829018441,34.540416164652,
    11.900327871983));
#1945 = DIRECTION('',(0.,0.,1.));
#1946 = DIRECTION('',(1.,0.,-0.));
#1947 = ADVANCED_FACE('',(#1948),#1959,.F.);
#1948 = FACE_BOUND('',#1949,.F.);
#1949 = EDGE_LOOP('',(#1950,#1951,#1957,#1958));
#1950 = ORIENTED_EDGE('',*,*,#1696,.F.);
#1951 = ORIENTED_EDGE('',*,*,#1952,.T.);
#1952 = EDGE_CURVE('',#1689,#1824,#1953,.T.);
#1953 = LINE('',#1954,#1955);
#1954 = CARTESIAN_POINT('',(44.587606999999,-3.549079999998,
    7.900327871983));
#1955 = VECTOR('',#1956,1.);
#1956 = DIRECTION('',(0.,0.,1.));
#1957 = ORIENTED_EDGE('',*,*,#1831,.T.);
#1958 = ORIENTED_EDGE('',*,*,#1937,.F.);
#1959 = CYLINDRICAL_SURFACE('',#1960,42.199999518396);
#1960 = AXIS2_PLACEMENT_3D('',#1961,#1962,#1963);
#1961 = CARTESIAN_POINT('',(26.42,34.54,7.900327871983));
#1962 = DIRECTION('',(0.,0.,-1.));
#1963 = DIRECTION('',(1.,0.,0.));
#1964 = ADVANCED_FACE('',(#1965),#1976,.F.);
#1965 = FACE_BOUND('',#1966,.F.);
#1966 = EDGE_LOOP('',(#1967,#1968,#1974,#1975));
#1967 = ORIENTED_EDGE('',*,*,#1688,.F.);
#1968 = ORIENTED_EDGE('',*,*,#1969,.T.);
#1969 = EDGE_CURVE('',#1680,#1815,#1970,.T.);
#1970 = LINE('',#1971,#1972);
#1971 = CARTESIAN_POINT('',(44.932030238421,-4.271141911206,
    7.900327871983));
#1972 = VECTOR('',#1973,1.);
#1973 = DIRECTION('',(0.,0.,1.));
#1974 = ORIENTED_EDGE('',*,*,#1823,.T.);
#1975 = ORIENTED_EDGE('',*,*,#1952,.F.);
#1976 = PLANE('',#1977);
#1977 = AXIS2_PLACEMENT_3D('',#1978,#1979,#1980);
#1978 = CARTESIAN_POINT('',(44.932030238421,-4.271141911206,
    7.900327871983));
#1979 = DIRECTION('',(-0.902576845502,-0.430528788774,-0.));
#1980 = DIRECTION('',(-0.430528788774,0.902576845502,0.));
#1981 = ADVANCED_FACE('',(#1982),#1988,.T.);
#1982 = FACE_BOUND('',#1983,.T.);
#1983 = EDGE_LOOP('',(#1984,#1985,#1986,#1987));
#1984 = ORIENTED_EDGE('',*,*,#1679,.F.);
#1985 = ORIENTED_EDGE('',*,*,#1969,.T.);
#1986 = ORIENTED_EDGE('',*,*,#1814,.T.);
#1987 = ORIENTED_EDGE('',*,*,#1756,.F.);
#1988 = CYLINDRICAL_SURFACE('',#1989,43.);
#1989 = AXIS2_PLACEMENT_3D('',#1990,#1991,#1992);
#1990 = CARTESIAN_POINT('',(26.42,34.54,7.900327871983));
#1991 = DIRECTION('',(0.,0.,-1.));
#1992 = DIRECTION('',(1.,0.,0.));
#1993 = ADVANCED_FACE('',(#1994),#2013,.F.);
#1994 = FACE_BOUND('',#1995,.F.);
#1995 = EDGE_LOOP('',(#1996,#2004,#2005,#2006));
#1996 = ORIENTED_EDGE('',*,*,#1997,.F.);
#1997 = EDGE_CURVE('',#1739,#1998,#2000,.T.);
#1998 = VERTEX_POINT('',#1999);
#1999 = CARTESIAN_POINT('',(37.665053,5.195148,9.900327871983));
#2000 = LINE('',#2001,#2002);
#2001 = CARTESIAN_POINT('',(37.665053,5.195148,7.900327871983));
#2002 = VECTOR('',#2003,1.);
#2003 = DIRECTION('',(0.,0.,1.));
#2004 = ORIENTED_EDGE('',*,*,#1738,.F.);
#2005 = ORIENTED_EDGE('',*,*,#1997,.T.);
#2006 = ORIENTED_EDGE('',*,*,#2007,.F.);
#2007 = EDGE_CURVE('',#1998,#1998,#2008,.T.);
#2008 = CIRCLE('',#2009,1.5);
#2009 = AXIS2_PLACEMENT_3D('',#2010,#2011,#2012);
#2010 = CARTESIAN_POINT('',(36.165053,5.195148,9.900327871983));
#2011 = DIRECTION('',(0.,0.,1.));
#2012 = DIRECTION('',(1.,0.,0.));
#2013 = CYLINDRICAL_SURFACE('',#2014,1.5);
#2014 = AXIS2_PLACEMENT_3D('',#2015,#2016,#2017);
#2015 = CARTESIAN_POINT('',(36.165053,5.195148,7.900327871983));
#2016 = DIRECTION('',(0.,0.,-1.));
#2017 = DIRECTION('',(1.,0.,0.));
#2018 = ADVANCED_FACE('',(#2019),#2038,.F.);
#2019 = FACE_BOUND('',#2020,.T.);
#2020 = EDGE_LOOP('',(#2021,#2029,#2030,#2031));
#2021 = ORIENTED_EDGE('',*,*,#2022,.F.);
#2022 = EDGE_CURVE('',#1850,#2023,#2025,.T.);
#2023 = VERTEX_POINT('',#2024);
#2024 = CARTESIAN_POINT('',(38.165053,5.195148,9.900327871983));
#2025 = LINE('',#2026,#2027);
#2026 = CARTESIAN_POINT('',(38.165053,5.195148,11.900327871983));
#2027 = VECTOR('',#2028,1.);
#2028 = DIRECTION('',(0.,0.,-1.));
#2029 = ORIENTED_EDGE('',*,*,#1849,.T.);
#2030 = ORIENTED_EDGE('',*,*,#2022,.T.);
#2031 = ORIENTED_EDGE('',*,*,#2032,.F.);
#2032 = EDGE_CURVE('',#2023,#2023,#2033,.T.);
#2033 = CIRCLE('',#2034,2.);
#2034 = AXIS2_PLACEMENT_3D('',#2035,#2036,#2037);
#2035 = CARTESIAN_POINT('',(36.165053,5.195148,9.900327871983));
#2036 = DIRECTION('',(0.,0.,1.));
#2037 = DIRECTION('',(1.,0.,0.));
#2038 = CYLINDRICAL_SURFACE('',#2039,2.);
#2039 = AXIS2_PLACEMENT_3D('',#2040,#2041,#2042);
#2040 = CARTESIAN_POINT('',(36.165053,5.195148,11.900327871983));
#2041 = DIRECTION('',(-0.,-0.,-1.));
#2042 = DIRECTION('',(1.,0.,0.));
#2043 = ADVANCED_FACE('',(#2044,#2047),#2050,.T.);
#2044 = FACE_BOUND('',#2045,.T.);
#2045 = EDGE_LOOP('',(#2046));
#2046 = ORIENTED_EDGE('',*,*,#2032,.T.);
#2047 = FACE_BOUND('',#2048,.T.);
#2048 = EDGE_LOOP('',(#2049));
#2049 = ORIENTED_EDGE('',*,*,#2007,.F.);
#2050 = PLANE('',#2051);
#2051 = AXIS2_PLACEMENT_3D('',#2052,#2053,#2054);
#2052 = CARTESIAN_POINT('',(36.165053,5.195148,9.900327871983));
#2053 = DIRECTION('',(0.,0.,1.));
#2054 = DIRECTION('',(1.,0.,0.));
#2055 = MANIFOLD_SOLID_BREP('',#2056);
#2056 = CLOSED_SHELL('',(#2057,#2161,#2192,#2287,#2309,#2326,#2343,#2365
    ,#2377,#2402,#2427,#2439,#2453));
#2057 = ADVANCED_FACE('',(#2058,#2145),#2156,.F.);
#2058 = FACE_BOUND('',#2059,.F.);
#2059 = EDGE_LOOP('',(#2060,#2071,#2080,#2088,#2097,#2105,#2114,#2123,
    #2131,#2139));
#2060 = ORIENTED_EDGE('',*,*,#2061,.F.);
#2061 = EDGE_CURVE('',#2062,#2064,#2066,.T.);
#2062 = VERTEX_POINT('',#2063);
#2063 = CARTESIAN_POINT('',(42.001630999998,73.758015954149,
    7.900327871983));
#2064 = VERTEX_POINT('',#2065);
#2065 = CARTESIAN_POINT('',(41.908469677742,73.794901694459,
    7.900327871983));
#2066 = CIRCLE('',#2067,42.200000000001);
#2067 = AXIS2_PLACEMENT_3D('',#2068,#2069,#2070);
#2068 = CARTESIAN_POINT('',(26.42,34.539999999999,7.900327871983));
#2069 = DIRECTION('',(0.,0.,1.));
#2070 = DIRECTION('',(1.,0.,-0.));
#2071 = ORIENTED_EDGE('',*,*,#2072,.T.);
#2072 = EDGE_CURVE('',#2062,#2073,#2075,.T.);
#2073 = VERTEX_POINT('',#2074);
#2074 = CARTESIAN_POINT('',(44.587532495138,72.62911607058,
    7.900327871983));
#2075 = CIRCLE('',#2076,42.2);
#2076 = AXIS2_PLACEMENT_3D('',#2077,#2078,#2079);
#2077 = CARTESIAN_POINT('',(26.42,34.54,7.900327871983));
#2078 = DIRECTION('',(0.,0.,-1.));
#2079 = DIRECTION('',(1.,0.,0.));
#2080 = ORIENTED_EDGE('',*,*,#2081,.F.);
#2081 = EDGE_CURVE('',#2082,#2073,#2084,.T.);
#2082 = VERTEX_POINT('',#2083);
#2083 = CARTESIAN_POINT('',(44.931940694097,73.351184621681,
    7.900327871983));
#2084 = LINE('',#2085,#2086);
#2085 = CARTESIAN_POINT('',(44.931940694097,73.351184621681,
    7.900327871983));
#2086 = VECTOR('',#2087,1.);
#2087 = DIRECTION('',(-0.4305102487,-0.902585688876,0.));
#2088 = ORIENTED_EDGE('',*,*,#2089,.F.);
#2089 = EDGE_CURVE('',#2090,#2082,#2092,.T.);
#2090 = VERTEX_POINT('',#2091);
#2091 = CARTESIAN_POINT('',(34.256104264214,76.819965349564,
    7.900327871983));
#2092 = CIRCLE('',#2093,43.);
#2093 = AXIS2_PLACEMENT_3D('',#2094,#2095,#2096);
#2094 = CARTESIAN_POINT('',(26.42,34.54,7.900327871983));
#2095 = DIRECTION('',(0.,0.,-1.));
#2096 = DIRECTION('',(1.,0.,0.));
#2097 = ORIENTED_EDGE('',*,*,#2098,.T.);
#2098 = EDGE_CURVE('',#2090,#2099,#2101,.T.);
#2099 = VERTEX_POINT('',#2100);
#2100 = CARTESIAN_POINT('',(34.110325,76.03335972652,7.900327871983));
#2101 = LINE('',#2102,#2103);
#2102 = CARTESIAN_POINT('',(34.256104264214,76.819965349564,
    7.900327871983));
#2103 = VECTOR('',#2104,1.);
#2104 = DIRECTION('',(-0.182224080257,-0.983257028744,0.));
#2105 = ORIENTED_EDGE('',*,*,#2106,.T.);
#2106 = EDGE_CURVE('',#2099,#2107,#2109,.T.);
#2107 = VERTEX_POINT('',#2108);
#2108 = CARTESIAN_POINT('',(36.389308650923,75.545522616138,
    7.900327871983));
#2109 = CIRCLE('',#2110,42.2);
#2110 = AXIS2_PLACEMENT_3D('',#2111,#2112,#2113);
#2111 = CARTESIAN_POINT('',(26.42,34.54,7.900327871983));
#2112 = DIRECTION('',(0.,0.,-1.));
#2113 = DIRECTION('',(1.,0.,0.));
#2114 = ORIENTED_EDGE('',*,*,#2115,.F.);
#2115 = EDGE_CURVE('',#2116,#2107,#2118,.T.);
#2116 = VERTEX_POINT('',#2117);
#2117 = CARTESIAN_POINT('',(36.486720030528,75.521717238629,
    7.900327871983));
#2118 = CIRCLE('',#2119,42.200000000001);
#2119 = AXIS2_PLACEMENT_3D('',#2120,#2121,#2122);
#2120 = CARTESIAN_POINT('',(26.42,34.539999999999,7.900327871983));
#2121 = DIRECTION('',(0.,0.,1.));
#2122 = DIRECTION('',(1.,0.,-0.));
#2123 = ORIENTED_EDGE('',*,*,#2124,.F.);
#2124 = EDGE_CURVE('',#2125,#2116,#2127,.T.);
#2125 = VERTEX_POINT('',#2126);
#2126 = CARTESIAN_POINT('',(31.645450668896,60.621778353704,
    7.900327871983));
#2127 = LINE('',#2128,#2129);
#2128 = CARTESIAN_POINT('',(29.983982848788,55.508291139983,
    7.900327871983));
#2129 = VECTOR('',#2130,1.);
#2130 = DIRECTION('',(0.309016171386,0.9510567837,0.));
#2131 = ORIENTED_EDGE('',*,*,#2132,.T.);
#2132 = EDGE_CURVE('',#2125,#2133,#2135,.T.);
#2133 = VERTEX_POINT('',#2134);
#2134 = CARTESIAN_POINT('',(37.056963331104,58.863474646296,
    7.900327871983));
#2135 = LINE('',#2136,#2137);
#2136 = CARTESIAN_POINT('',(31.550345,60.65268,7.900327871983));
#2137 = VECTOR('',#2138,1.);
#2138 = DIRECTION('',(0.951056688961,-0.309016462963,0.));
#2139 = ORIENTED_EDGE('',*,*,#2140,.T.);
#2140 = EDGE_CURVE('',#2133,#2064,#2141,.T.);
#2141 = LINE('',#2142,#2143);
#2142 = CARTESIAN_POINT('',(35.400609646488,53.765733359214,
    7.900327871983));
#2143 = VECTOR('',#2144,1.);
#2144 = DIRECTION('',(0.309016510764,0.95105667343,0.));
#2145 = FACE_BOUND('',#2146,.F.);
#2146 = EDGE_LOOP('',(#2147));
#2147 = ORIENTED_EDGE('',*,*,#2148,.T.);
#2148 = EDGE_CURVE('',#2149,#2149,#2151,.T.);
#2149 = VERTEX_POINT('',#2150);
#2150 = CARTESIAN_POINT('',(37.284579,64.008476,7.900327871983));
#2151 = CIRCLE('',#2152,1.5);
#2152 = AXIS2_PLACEMENT_3D('',#2153,#2154,#2155);
#2153 = CARTESIAN_POINT('',(35.784579,64.008476,7.900327871983));
#2154 = DIRECTION('',(0.,0.,-1.));
#2155 = DIRECTION('',(1.,0.,0.));
#2156 = PLANE('',#2157);
#2157 = AXIS2_PLACEMENT_3D('',#2158,#2159,#2160);
#2158 = CARTESIAN_POINT('',(26.420011376718,34.540004991163,
    7.900327871983));
#2159 = DIRECTION('',(0.,0.,1.));
#2160 = DIRECTION('',(1.,0.,0.));
#2161 = ADVANCED_FACE('',(#2162),#2187,.T.);
#2162 = FACE_BOUND('',#2163,.T.);
#2163 = EDGE_LOOP('',(#2164,#2165,#2173,#2181));
#2164 = ORIENTED_EDGE('',*,*,#2081,.F.);
#2165 = ORIENTED_EDGE('',*,*,#2166,.T.);
#2166 = EDGE_CURVE('',#2082,#2167,#2169,.T.);
#2167 = VERTEX_POINT('',#2168);
#2168 = CARTESIAN_POINT('',(44.931940694097,73.351184621681,
    11.900327871983));
#2169 = LINE('',#2170,#2171);
#2170 = CARTESIAN_POINT('',(44.931940694097,73.351184621681,
    7.900327871983));
#2171 = VECTOR('',#2172,1.);
#2172 = DIRECTION('',(0.,0.,1.));
#2173 = ORIENTED_EDGE('',*,*,#2174,.T.);
#2174 = EDGE_CURVE('',#2167,#2175,#2177,.T.);
#2175 = VERTEX_POINT('',#2176);
#2176 = CARTESIAN_POINT('',(44.587532495138,72.62911607058,
    11.900327871983));
#2177 = LINE('',#2178,#2179);
#2178 = CARTESIAN_POINT('',(32.306900046321,46.882172456289,
    11.900327871983));
#2179 = VECTOR('',#2180,1.);
#2180 = DIRECTION('',(-0.4305102487,-0.902585688876,0.));
#2181 = ORIENTED_EDGE('',*,*,#2182,.F.);
#2182 = EDGE_CURVE('',#2073,#2175,#2183,.T.);
#2183 = LINE('',#2184,#2185);
#2184 = CARTESIAN_POINT('',(44.587532495138,72.62911607058,
    7.900327871983));
#2185 = VECTOR('',#2186,1.);
#2186 = DIRECTION('',(0.,0.,1.));
#2187 = PLANE('',#2188);
#2188 = AXIS2_PLACEMENT_3D('',#2189,#2190,#2191);
#2189 = CARTESIAN_POINT('',(44.931940694097,73.351184621681,
    7.900327871983));
#2190 = DIRECTION('',(0.902585688876,-0.4305102487,0.));
#2191 = DIRECTION('',(-0.4305102487,-0.902585688876,0.));
#2192 = ADVANCED_FACE('',(#2193,#2271),#2282,.T.);
#2193 = FACE_BOUND('',#2194,.T.);
#2194 = EDGE_LOOP('',(#2195,#2205,#2213,#2221,#2230,#2237,#2238,#2247,
    #2255,#2264));
#2195 = ORIENTED_EDGE('',*,*,#2196,.T.);
#2196 = EDGE_CURVE('',#2197,#2199,#2201,.T.);
#2197 = VERTEX_POINT('',#2198);
#2198 = CARTESIAN_POINT('',(36.486720030528,75.521717238629,
    11.900327871983));
#2199 = VERTEX_POINT('',#2200);
#2200 = CARTESIAN_POINT('',(31.645450668896,60.621778353704,
    11.900327871983));
#2201 = LINE('',#2202,#2203);
#2202 = CARTESIAN_POINT('',(36.486720030528,75.521717238629,
    11.900327871983));
#2203 = VECTOR('',#2204,1.);
#2204 = DIRECTION('',(-0.309016171386,-0.9510567837,0.));
#2205 = ORIENTED_EDGE('',*,*,#2206,.T.);
#2206 = EDGE_CURVE('',#2199,#2207,#2209,.T.);
#2207 = VERTEX_POINT('',#2208);
#2208 = CARTESIAN_POINT('',(37.056963331104,58.863474646296,
    11.900327871983));
#2209 = LINE('',#2210,#2211);
#2210 = CARTESIAN_POINT('',(16.747831179912,65.462299149665,
    11.900327871983));
#2211 = VECTOR('',#2212,1.);
#2212 = DIRECTION('',(0.951056688961,-0.309016462963,0.));
#2213 = ORIENTED_EDGE('',*,*,#2214,.F.);
#2214 = EDGE_CURVE('',#2215,#2207,#2217,.T.);
#2215 = VERTEX_POINT('',#2216);
#2216 = CARTESIAN_POINT('',(41.908469677742,73.794901694459,
    11.900327871983));
#2217 = LINE('',#2218,#2219);
#2218 = CARTESIAN_POINT('',(41.908469677742,73.794901694459,
    11.900327871983));
#2219 = VECTOR('',#2220,1.);
#2220 = DIRECTION('',(-0.309016510764,-0.95105667343,0.));
#2221 = ORIENTED_EDGE('',*,*,#2222,.F.);
#2222 = EDGE_CURVE('',#2223,#2215,#2225,.T.);
#2223 = VERTEX_POINT('',#2224);
#2224 = CARTESIAN_POINT('',(42.001630999998,73.758015954149,
    11.900327871983));
#2225 = CIRCLE('',#2226,42.200000000001);
#2226 = AXIS2_PLACEMENT_3D('',#2227,#2228,#2229);
#2227 = CARTESIAN_POINT('',(26.42,34.539999999999,11.900327871983));
#2228 = DIRECTION('',(0.,0.,1.));
#2229 = DIRECTION('',(1.,0.,0.));
#2230 = ORIENTED_EDGE('',*,*,#2231,.T.);
#2231 = EDGE_CURVE('',#2223,#2175,#2232,.T.);
#2232 = CIRCLE('',#2233,42.2);
#2233 = AXIS2_PLACEMENT_3D('',#2234,#2235,#2236);
#2234 = CARTESIAN_POINT('',(26.42,34.54,11.900327871983));
#2235 = DIRECTION('',(0.,0.,-1.));
#2236 = DIRECTION('',(1.,0.,0.));
#2237 = ORIENTED_EDGE('',*,*,#2174,.F.);
#2238 = ORIENTED_EDGE('',*,*,#2239,.F.);
#2239 = EDGE_CURVE('',#2240,#2167,#2242,.T.);
#2240 = VERTEX_POINT('',#2241);
#2241 = CARTESIAN_POINT('',(34.256104264214,76.819965349564,
    11.900327871983));
#2242 = CIRCLE('',#2243,43.);
#2243 = AXIS2_PLACEMENT_3D('',#2244,#2245,#2246);
#2244 = CARTESIAN_POINT('',(26.42,34.54,11.900327871983));
#2245 = DIRECTION('',(0.,0.,-1.));
#2246 = DIRECTION('',(1.,0.,0.));
#2247 = ORIENTED_EDGE('',*,*,#2248,.T.);
#2248 = EDGE_CURVE('',#2240,#2249,#2251,.T.);
#2249 = VERTEX_POINT('',#2250);
#2250 = CARTESIAN_POINT('',(34.110325,76.03335972652,11.900327871983));
#2251 = LINE('',#2252,#2253);
#2252 = CARTESIAN_POINT('',(29.728546667374,52.389863554758,
    11.900327871983));
#2253 = VECTOR('',#2254,1.);
#2254 = DIRECTION('',(-0.182224080257,-0.983257028744,0.));
#2255 = ORIENTED_EDGE('',*,*,#2256,.T.);
#2256 = EDGE_CURVE('',#2249,#2257,#2259,.T.);
#2257 = VERTEX_POINT('',#2258);
#2258 = CARTESIAN_POINT('',(36.389308650923,75.545522616138,
    11.900327871983));
#2259 = CIRCLE('',#2260,42.2);
#2260 = AXIS2_PLACEMENT_3D('',#2261,#2262,#2263);
#2261 = CARTESIAN_POINT('',(26.42,34.54,11.900327871983));
#2262 = DIRECTION('',(0.,0.,-1.));
#2263 = DIRECTION('',(1.,0.,0.));
#2264 = ORIENTED_EDGE('',*,*,#2265,.F.);
#2265 = EDGE_CURVE('',#2197,#2257,#2266,.T.);
#2266 = CIRCLE('',#2267,42.200000000001);
#2267 = AXIS2_PLACEMENT_3D('',#2268,#2269,#2270);
#2268 = CARTESIAN_POINT('',(26.42,34.539999999999,11.900327871983));
#2269 = DIRECTION('',(0.,0.,1.));
#2270 = DIRECTION('',(1.,0.,0.));
#2271 = FACE_BOUND('',#2272,.T.);
#2272 = EDGE_LOOP('',(#2273));
#2273 = ORIENTED_EDGE('',*,*,#2274,.F.);
#2274 = EDGE_CURVE('',#2275,#2275,#2277,.T.);
#2275 = VERTEX_POINT('',#2276);
#2276 = CARTESIAN_POINT('',(37.784579,64.008476,11.900327871983));
#2277 = CIRCLE('',#2278,2.);
#2278 = AXIS2_PLACEMENT_3D('',#2279,#2280,#2281);
#2279 = CARTESIAN_POINT('',(35.784579,64.008476,11.900327871983));
#2280 = DIRECTION('',(0.,0.,1.));
#2281 = DIRECTION('',(1.,0.,0.));
#2282 = PLANE('',#2283);
#2283 = AXIS2_PLACEMENT_3D('',#2284,#2285,#2286);
#2284 = CARTESIAN_POINT('',(-9.701039252886,34.428050136646,
    11.900327871983));
#2285 = DIRECTION('',(0.,0.,1.));
#2286 = DIRECTION('',(1.,0.,0.));
#2287 = ADVANCED_FACE('',(#2288),#2304,.F.);
#2288 = FACE_BOUND('',#2289,.F.);
#2289 = EDGE_LOOP('',(#2290,#2291,#2297,#2298));
#2290 = ORIENTED_EDGE('',*,*,#2214,.F.);
#2291 = ORIENTED_EDGE('',*,*,#2292,.T.);
#2292 = EDGE_CURVE('',#2215,#2064,#2293,.T.);
#2293 = LINE('',#2294,#2295);
#2294 = CARTESIAN_POINT('',(41.908469677742,73.794901694459,
    11.900327871983));
#2295 = VECTOR('',#2296,1.);
#2296 = DIRECTION('',(-0.,-0.,-1.));
#2297 = ORIENTED_EDGE('',*,*,#2140,.F.);
#2298 = ORIENTED_EDGE('',*,*,#2299,.F.);
#2299 = EDGE_CURVE('',#2207,#2133,#2300,.T.);
#2300 = LINE('',#2301,#2302);
#2301 = CARTESIAN_POINT('',(37.056963331104,58.863474646296,
    11.900327871983));
#2302 = VECTOR('',#2303,1.);
#2303 = DIRECTION('',(-0.,-0.,-1.));
#2304 = PLANE('',#2305);
#2305 = AXIS2_PLACEMENT_3D('',#2306,#2307,#2308);
#2306 = CARTESIAN_POINT('',(41.908469677742,73.794901694459,
    11.900327871983));
#2307 = DIRECTION('',(-0.95105667343,0.309016510764,0.));
#2308 = DIRECTION('',(-0.309016510764,-0.95105667343,0.));
#2309 = ADVANCED_FACE('',(#2310),#2321,.F.);
#2310 = FACE_BOUND('',#2311,.F.);
#2311 = EDGE_LOOP('',(#2312,#2313,#2319,#2320));
#2312 = ORIENTED_EDGE('',*,*,#2132,.F.);
#2313 = ORIENTED_EDGE('',*,*,#2314,.F.);
#2314 = EDGE_CURVE('',#2199,#2125,#2315,.T.);
#2315 = LINE('',#2316,#2317);
#2316 = CARTESIAN_POINT('',(31.645450668896,60.621778353704,
    11.900327871983));
#2317 = VECTOR('',#2318,1.);
#2318 = DIRECTION('',(-0.,-0.,-1.));
#2319 = ORIENTED_EDGE('',*,*,#2206,.T.);
#2320 = ORIENTED_EDGE('',*,*,#2299,.T.);
#2321 = PLANE('',#2322);
#2322 = AXIS2_PLACEMENT_3D('',#2323,#2324,#2325);
#2323 = CARTESIAN_POINT('',(31.550345,60.65268,7.900327871983));
#2324 = DIRECTION('',(0.309016462963,0.951056688961,0.));
#2325 = DIRECTION('',(0.951056688961,-0.309016462963,0.));
#2326 = ADVANCED_FACE('',(#2327),#2338,.T.);
#2327 = FACE_BOUND('',#2328,.T.);
#2328 = EDGE_LOOP('',(#2329,#2330,#2336,#2337));
#2329 = ORIENTED_EDGE('',*,*,#2196,.F.);
#2330 = ORIENTED_EDGE('',*,*,#2331,.T.);
#2331 = EDGE_CURVE('',#2197,#2116,#2332,.T.);
#2332 = LINE('',#2333,#2334);
#2333 = CARTESIAN_POINT('',(36.486720030528,75.521717238629,
    11.900327871983));
#2334 = VECTOR('',#2335,1.);
#2335 = DIRECTION('',(-0.,-0.,-1.));
#2336 = ORIENTED_EDGE('',*,*,#2124,.F.);
#2337 = ORIENTED_EDGE('',*,*,#2314,.F.);
#2338 = PLANE('',#2339);
#2339 = AXIS2_PLACEMENT_3D('',#2340,#2341,#2342);
#2340 = CARTESIAN_POINT('',(36.486720030528,75.521717238629,
    11.900327871983));
#2341 = DIRECTION('',(-0.9510567837,0.309016171386,0.));
#2342 = DIRECTION('',(-0.309016171386,-0.9510567837,0.));
#2343 = ADVANCED_FACE('',(#2344),#2360,.F.);
#2344 = FACE_BOUND('',#2345,.F.);
#2345 = EDGE_LOOP('',(#2346,#2347,#2353,#2354));
#2346 = ORIENTED_EDGE('',*,*,#2098,.F.);
#2347 = ORIENTED_EDGE('',*,*,#2348,.T.);
#2348 = EDGE_CURVE('',#2090,#2240,#2349,.T.);
#2349 = LINE('',#2350,#2351);
#2350 = CARTESIAN_POINT('',(34.256104264214,76.819965349564,
    7.900327871983));
#2351 = VECTOR('',#2352,1.);
#2352 = DIRECTION('',(0.,0.,1.));
#2353 = ORIENTED_EDGE('',*,*,#2248,.T.);
#2354 = ORIENTED_EDGE('',*,*,#2355,.F.);
#2355 = EDGE_CURVE('',#2099,#2249,#2356,.T.);
#2356 = LINE('',#2357,#2358);
#2357 = CARTESIAN_POINT('',(34.110325,76.03335972652,7.900327871983));
#2358 = VECTOR('',#2359,1.);
#2359 = DIRECTION('',(0.,0.,1.));
#2360 = PLANE('',#2361);
#2361 = AXIS2_PLACEMENT_3D('',#2362,#2363,#2364);
#2362 = CARTESIAN_POINT('',(34.256104264214,76.819965349564,
    7.900327871983));
#2363 = DIRECTION('',(0.983257028744,-0.182224080257,0.));
#2364 = DIRECTION('',(-0.182224080257,-0.983257028744,0.));
#2365 = ADVANCED_FACE('',(#2366),#2372,.T.);
#2366 = FACE_BOUND('',#2367,.T.);
#2367 = EDGE_LOOP('',(#2368,#2369,#2370,#2371));
#2368 = ORIENTED_EDGE('',*,*,#2089,.F.);
#2369 = ORIENTED_EDGE('',*,*,#2348,.T.);
#2370 = ORIENTED_EDGE('',*,*,#2239,.T.);
#2371 = ORIENTED_EDGE('',*,*,#2166,.F.);
#2372 = CYLINDRICAL_SURFACE('',#2373,43.);
#2373 = AXIS2_PLACEMENT_3D('',#2374,#2375,#2376);
#2374 = CARTESIAN_POINT('',(26.42,34.54,7.900327871983));
#2375 = DIRECTION('',(0.,0.,-1.));
#2376 = DIRECTION('',(1.,0.,0.));
#2377 = ADVANCED_FACE('',(#2378),#2397,.F.);
#2378 = FACE_BOUND('',#2379,.F.);
#2379 = EDGE_LOOP('',(#2380,#2388,#2389,#2390));
#2380 = ORIENTED_EDGE('',*,*,#2381,.F.);
#2381 = EDGE_CURVE('',#2149,#2382,#2384,.T.);
#2382 = VERTEX_POINT('',#2383);
#2383 = CARTESIAN_POINT('',(37.284579,64.008476,9.900327871983));
#2384 = LINE('',#2385,#2386);
#2385 = CARTESIAN_POINT('',(37.284579,64.008476,7.900327871983));
#2386 = VECTOR('',#2387,1.);
#2387 = DIRECTION('',(0.,0.,1.));
#2388 = ORIENTED_EDGE('',*,*,#2148,.F.);
#2389 = ORIENTED_EDGE('',*,*,#2381,.T.);
#2390 = ORIENTED_EDGE('',*,*,#2391,.F.);
#2391 = EDGE_CURVE('',#2382,#2382,#2392,.T.);
#2392 = CIRCLE('',#2393,1.5);
#2393 = AXIS2_PLACEMENT_3D('',#2394,#2395,#2396);
#2394 = CARTESIAN_POINT('',(35.784579,64.008476,9.900327871983));
#2395 = DIRECTION('',(0.,0.,1.));
#2396 = DIRECTION('',(1.,0.,0.));
#2397 = CYLINDRICAL_SURFACE('',#2398,1.5);
#2398 = AXIS2_PLACEMENT_3D('',#2399,#2400,#2401);
#2399 = CARTESIAN_POINT('',(35.784579,64.008476,7.900327871983));
#2400 = DIRECTION('',(0.,0.,-1.));
#2401 = DIRECTION('',(1.,0.,0.));
#2402 = ADVANCED_FACE('',(#2403),#2422,.F.);
#2403 = FACE_BOUND('',#2404,.T.);
#2404 = EDGE_LOOP('',(#2405,#2413,#2414,#2415));
#2405 = ORIENTED_EDGE('',*,*,#2406,.F.);
#2406 = EDGE_CURVE('',#2275,#2407,#2409,.T.);
#2407 = VERTEX_POINT('',#2408);
#2408 = CARTESIAN_POINT('',(37.784579,64.008476,9.900327871983));
#2409 = LINE('',#2410,#2411);
#2410 = CARTESIAN_POINT('',(37.784579,64.008476,11.900327871983));
#2411 = VECTOR('',#2412,1.);
#2412 = DIRECTION('',(0.,0.,-1.));
#2413 = ORIENTED_EDGE('',*,*,#2274,.T.);
#2414 = ORIENTED_EDGE('',*,*,#2406,.T.);
#2415 = ORIENTED_EDGE('',*,*,#2416,.F.);
#2416 = EDGE_CURVE('',#2407,#2407,#2417,.T.);
#2417 = CIRCLE('',#2418,2.);
#2418 = AXIS2_PLACEMENT_3D('',#2419,#2420,#2421);
#2419 = CARTESIAN_POINT('',(35.784579,64.008476,9.900327871983));
#2420 = DIRECTION('',(0.,0.,1.));
#2421 = DIRECTION('',(1.,0.,0.));
#2422 = CYLINDRICAL_SURFACE('',#2423,2.);
#2423 = AXIS2_PLACEMENT_3D('',#2424,#2425,#2426);
#2424 = CARTESIAN_POINT('',(35.784579,64.008476,11.900327871983));
#2425 = DIRECTION('',(-0.,-0.,-1.));
#2426 = DIRECTION('',(1.,0.,0.));
#2427 = ADVANCED_FACE('',(#2428,#2431),#2434,.T.);
#2428 = FACE_BOUND('',#2429,.T.);
#2429 = EDGE_LOOP('',(#2430));
#2430 = ORIENTED_EDGE('',*,*,#2416,.T.);
#2431 = FACE_BOUND('',#2432,.T.);
#2432 = EDGE_LOOP('',(#2433));
#2433 = ORIENTED_EDGE('',*,*,#2391,.F.);
#2434 = PLANE('',#2435);
#2435 = AXIS2_PLACEMENT_3D('',#2436,#2437,#2438);
#2436 = CARTESIAN_POINT('',(35.784579,64.008476,9.900327871983));
#2437 = DIRECTION('',(0.,0.,1.));
#2438 = DIRECTION('',(1.,0.,0.));
#2439 = ADVANCED_FACE('',(#2440),#2448,.F.);
#2440 = FACE_BOUND('',#2441,.F.);
#2441 = EDGE_LOOP('',(#2442,#2443,#2444,#2445,#2446,#2447));
#2442 = ORIENTED_EDGE('',*,*,#2292,.F.);
#2443 = ORIENTED_EDGE('',*,*,#2222,.F.);
#2444 = ORIENTED_EDGE('',*,*,#2231,.T.);
#2445 = ORIENTED_EDGE('',*,*,#2182,.F.);
#2446 = ORIENTED_EDGE('',*,*,#2072,.F.);
#2447 = ORIENTED_EDGE('',*,*,#2061,.T.);
#2448 = CYLINDRICAL_SURFACE('',#2449,42.2);
#2449 = AXIS2_PLACEMENT_3D('',#2450,#2451,#2452);
#2450 = CARTESIAN_POINT('',(26.42,34.54,7.900327871983));
#2451 = DIRECTION('',(0.,0.,-1.));
#2452 = DIRECTION('',(1.,0.,0.));
#2453 = ADVANCED_FACE('',(#2454),#2462,.F.);
#2454 = FACE_BOUND('',#2455,.F.);
#2455 = EDGE_LOOP('',(#2456,#2457,#2458,#2459,#2460,#2461));
#2456 = ORIENTED_EDGE('',*,*,#2256,.T.);
#2457 = ORIENTED_EDGE('',*,*,#2265,.F.);
#2458 = ORIENTED_EDGE('',*,*,#2331,.T.);
#2459 = ORIENTED_EDGE('',*,*,#2115,.T.);
#2460 = ORIENTED_EDGE('',*,*,#2106,.F.);
#2461 = ORIENTED_EDGE('',*,*,#2355,.T.);
#2462 = CYLINDRICAL_SURFACE('',#2463,42.200000000001);
#2463 = AXIS2_PLACEMENT_3D('',#2464,#2465,#2466);
#2464 = CARTESIAN_POINT('',(26.42,34.539999999999,11.900327871983));
#2465 = DIRECTION('',(0.,0.,1.));
#2466 = DIRECTION('',(1.,0.,-0.));
#2467 = MANIFOLD_SOLID_BREP('',#2468);
#2468 = CLOSED_SHELL('',(#2469,#2573,#2604,#2699,#2721,#2738,#2755,#2777
    ,#2789,#2814,#2839,#2851,#2865));
#2469 = ADVANCED_FACE('',(#2470,#2557),#2568,.F.);
#2470 = FACE_BOUND('',#2471,.F.);
#2471 = EDGE_LOOP('',(#2472,#2483,#2492,#2500,#2509,#2517,#2526,#2535,
    #2543,#2551));
#2472 = ORIENTED_EDGE('',*,*,#2473,.F.);
#2473 = EDGE_CURVE('',#2474,#2476,#2478,.T.);
#2474 = VERTEX_POINT('',#2475);
#2475 = CARTESIAN_POINT('',(10.838402396408,-4.678029222792,
    7.900327871983));
#2476 = VERTEX_POINT('',#2477);
#2477 = CARTESIAN_POINT('',(10.931563749975,-4.71491488373,
    7.900327871983));
#2478 = CIRCLE('',#2479,42.2);
#2479 = AXIS2_PLACEMENT_3D('',#2480,#2481,#2482);
#2480 = CARTESIAN_POINT('',(26.42,34.54,7.900327871983));
#2481 = DIRECTION('',(0.,0.,1.));
#2482 = DIRECTION('',(1.,0.,-0.));
#2483 = ORIENTED_EDGE('',*,*,#2484,.T.);
#2484 = EDGE_CURVE('',#2474,#2485,#2487,.T.);
#2485 = VERTEX_POINT('',#2486);
#2486 = CARTESIAN_POINT('',(8.252480699322,-3.549122363997,
    7.900327871983));
#2487 = CIRCLE('',#2488,42.2);
#2488 = AXIS2_PLACEMENT_3D('',#2489,#2490,#2491);
#2489 = CARTESIAN_POINT('',(26.42,34.54,7.900327871983));
#2490 = DIRECTION('',(0.,0.,-1.));
#2491 = DIRECTION('',(1.,0.,0.));
#2492 = ORIENTED_EDGE('',*,*,#2493,.F.);
#2493 = EDGE_CURVE('',#2494,#2485,#2496,.T.);
#2494 = VERTEX_POINT('',#2495);
#2495 = CARTESIAN_POINT('',(7.908085000001,-4.271196999998,
    7.900327871983));
#2496 = LINE('',#2497,#2498);
#2497 = CARTESIAN_POINT('',(7.908085000001,-4.271196999998,
    7.900327871983));
#2498 = VECTOR('',#2499,1.);
#2499 = DIRECTION('',(0.430494564398,0.902593169719,0.));
#2500 = ORIENTED_EDGE('',*,*,#2501,.F.);
#2501 = EDGE_CURVE('',#2502,#2494,#2504,.T.);
#2502 = VERTEX_POINT('',#2503);
#2503 = CARTESIAN_POINT('',(18.583910381998,-7.739968176886,
    7.900327871983));
#2504 = CIRCLE('',#2505,43.000000110928);
#2505 = AXIS2_PLACEMENT_3D('',#2506,#2507,#2508);
#2506 = CARTESIAN_POINT('',(26.42,34.54,7.900327871983));
#2507 = DIRECTION('',(0.,0.,-1.));
#2508 = DIRECTION('',(1.,0.,0.));
#2509 = ORIENTED_EDGE('',*,*,#2510,.T.);
#2510 = EDGE_CURVE('',#2502,#2511,#2513,.T.);
#2511 = VERTEX_POINT('',#2512);
#2512 = CARTESIAN_POINT('',(18.729698095821,-6.953364007062,
    7.900327871983));
#2513 = LINE('',#2514,#2515);
#2514 = CARTESIAN_POINT('',(18.583910381998,-7.739968176886,
    7.900327871983));
#2515 = VECTOR('',#2516,1.);
#2516 = DIRECTION('',(0.18223461701,0.983255075941,0.));
#2517 = ORIENTED_EDGE('',*,*,#2518,.T.);
#2518 = EDGE_CURVE('',#2511,#2519,#2521,.T.);
#2519 = VERTEX_POINT('',#2520);
#2520 = CARTESIAN_POINT('',(16.45070555381,-6.465526069606,
    7.900327871983));
#2521 = CIRCLE('',#2522,42.2);
#2522 = AXIS2_PLACEMENT_3D('',#2523,#2524,#2525);
#2523 = CARTESIAN_POINT('',(26.42,34.54,7.900327871983));
#2524 = DIRECTION('',(0.,0.,-1.));
#2525 = DIRECTION('',(1.,0.,0.));
#2526 = ORIENTED_EDGE('',*,*,#2527,.F.);
#2527 = EDGE_CURVE('',#2528,#2519,#2530,.T.);
#2528 = VERTEX_POINT('',#2529);
#2529 = CARTESIAN_POINT('',(16.353294159338,-6.441720724215,
    7.900327871983));
#2530 = CIRCLE('',#2531,42.2);
#2531 = AXIS2_PLACEMENT_3D('',#2532,#2533,#2534);
#2532 = CARTESIAN_POINT('',(26.42,34.54,7.900327871983));
#2533 = DIRECTION('',(0.,0.,1.));
#2534 = DIRECTION('',(1.,0.,-0.));
#2535 = ORIENTED_EDGE('',*,*,#2536,.F.);
#2536 = EDGE_CURVE('',#2537,#2528,#2539,.T.);
#2537 = VERTEX_POINT('',#2538);
#2538 = CARTESIAN_POINT('',(21.194572307903,8.45821657489,7.900327871983
    ));
#2539 = LINE('',#2540,#2541);
#2540 = CARTESIAN_POINT('',(22.856044760884,13.571708221915,
    7.900327871983));
#2541 = VECTOR('',#2542,1.);
#2542 = DIRECTION('',(-0.309016708443,-0.9510566092,0.));
#2543 = ORIENTED_EDGE('',*,*,#2544,.T.);
#2544 = EDGE_CURVE('',#2537,#2545,#2547,.T.);
#2545 = VERTEX_POINT('',#2546);
#2546 = CARTESIAN_POINT('',(15.783057692097,10.21651642511,
    7.900327871983));
#2547 = LINE('',#2548,#2549);
#2548 = CARTESIAN_POINT('',(21.289678,8.427315,7.900327871983));
#2549 = VECTOR('',#2550,1.);
#2550 = DIRECTION('',(-0.951056920973,0.309015748902,-0.));
#2551 = ORIENTED_EDGE('',*,*,#2552,.F.);
#2552 = EDGE_CURVE('',#2476,#2545,#2553,.T.);
#2553 = LINE('',#2554,#2555);
#2554 = CARTESIAN_POINT('',(19.865156581752,22.779982420102,
    7.900327871983));
#2555 = VECTOR('',#2556,1.);
#2556 = DIRECTION('',(0.30901571635,0.95105693155,0.));
#2557 = FACE_BOUND('',#2558,.F.);
#2558 = EDGE_LOOP('',(#2559));
#2559 = ORIENTED_EDGE('',*,*,#2560,.T.);
#2560 = EDGE_CURVE('',#2561,#2561,#2563,.T.);
#2561 = VERTEX_POINT('',#2562);
#2562 = CARTESIAN_POINT('',(18.555447,5.071516,7.900327871983));
#2563 = CIRCLE('',#2564,1.5);
#2564 = AXIS2_PLACEMENT_3D('',#2565,#2566,#2567);
#2565 = CARTESIAN_POINT('',(17.055447,5.071516,7.900327871983));
#2566 = DIRECTION('',(0.,0.,-1.));
#2567 = DIRECTION('',(1.,0.,0.));
#2568 = PLANE('',#2569);
#2569 = AXIS2_PLACEMENT_3D('',#2570,#2571,#2572);
#2570 = CARTESIAN_POINT('',(26.420011376718,34.540004991163,
    7.900327871983));
#2571 = DIRECTION('',(0.,0.,1.));
#2572 = DIRECTION('',(1.,0.,0.));
#2573 = ADVANCED_FACE('',(#2574),#2599,.T.);
#2574 = FACE_BOUND('',#2575,.T.);
#2575 = EDGE_LOOP('',(#2576,#2577,#2585,#2593));
#2576 = ORIENTED_EDGE('',*,*,#2493,.F.);
#2577 = ORIENTED_EDGE('',*,*,#2578,.T.);
#2578 = EDGE_CURVE('',#2494,#2579,#2581,.T.);
#2579 = VERTEX_POINT('',#2580);
#2580 = CARTESIAN_POINT('',(7.908085000001,-4.271196999998,
    11.900327871983));
#2581 = LINE('',#2582,#2583);
#2582 = CARTESIAN_POINT('',(7.908085000001,-4.271196999998,
    7.900327871983));
#2583 = VECTOR('',#2584,1.);
#2584 = DIRECTION('',(0.,0.,1.));
#2585 = ORIENTED_EDGE('',*,*,#2586,.T.);
#2586 = EDGE_CURVE('',#2579,#2587,#2589,.T.);
#2587 = VERTEX_POINT('',#2588);
#2588 = CARTESIAN_POINT('',(8.252480699322,-3.549122363997,
    11.900327871983));
#2589 = LINE('',#2590,#2591);
#2590 = CARTESIAN_POINT('',(13.794892362495,8.07133309507,
    11.900327871983));
#2591 = VECTOR('',#2592,1.);
#2592 = DIRECTION('',(0.430494564398,0.902593169719,0.));
#2593 = ORIENTED_EDGE('',*,*,#2594,.F.);
#2594 = EDGE_CURVE('',#2485,#2587,#2595,.T.);
#2595 = LINE('',#2596,#2597);
#2596 = CARTESIAN_POINT('',(8.252480699322,-3.549122363997,
    7.900327871983));
#2597 = VECTOR('',#2598,1.);
#2598 = DIRECTION('',(0.,0.,1.));
#2599 = PLANE('',#2600);
#2600 = AXIS2_PLACEMENT_3D('',#2601,#2602,#2603);
#2601 = CARTESIAN_POINT('',(7.908085000001,-4.271196999998,
    7.900327871983));
#2602 = DIRECTION('',(-0.902593169719,0.430494564398,0.));
#2603 = DIRECTION('',(0.430494564398,0.902593169719,0.));
#2604 = ADVANCED_FACE('',(#2605,#2683),#2694,.T.);
#2605 = FACE_BOUND('',#2606,.T.);
#2606 = EDGE_LOOP('',(#2607,#2617,#2625,#2633,#2642,#2649,#2650,#2659,
    #2667,#2676));
#2607 = ORIENTED_EDGE('',*,*,#2608,.T.);
#2608 = EDGE_CURVE('',#2609,#2611,#2613,.T.);
#2609 = VERTEX_POINT('',#2610);
#2610 = CARTESIAN_POINT('',(16.353294159338,-6.441720724215,
    11.900327871983));
#2611 = VERTEX_POINT('',#2612);
#2612 = CARTESIAN_POINT('',(21.194572307903,8.45821657489,
    11.900327871983));
#2613 = LINE('',#2614,#2615);
#2614 = CARTESIAN_POINT('',(16.353294159338,-6.441720724215,
    11.900327871983));
#2615 = VECTOR('',#2616,1.);
#2616 = DIRECTION('',(0.309016708443,0.9510566092,0.));
#2617 = ORIENTED_EDGE('',*,*,#2618,.T.);
#2618 = EDGE_CURVE('',#2611,#2619,#2621,.T.);
#2619 = VERTEX_POINT('',#2620);
#2620 = CARTESIAN_POINT('',(15.783057692097,10.21651642511,
    11.900327871983));
#2621 = LINE('',#2622,#2623);
#2622 = CARTESIAN_POINT('',(3.453284135863,14.222684852309,
    11.900327871983));
#2623 = VECTOR('',#2624,1.);
#2624 = DIRECTION('',(-0.951056920973,0.309015748902,0.));
#2625 = ORIENTED_EDGE('',*,*,#2626,.T.);
#2626 = EDGE_CURVE('',#2619,#2627,#2629,.T.);
#2627 = VERTEX_POINT('',#2628);
#2628 = CARTESIAN_POINT('',(10.931563749975,-4.71491488373,
    11.900327871983));
#2629 = LINE('',#2630,#2631);
#2630 = CARTESIAN_POINT('',(15.783057692097,10.21651642511,
    11.900327871983));
#2631 = VECTOR('',#2632,1.);
#2632 = DIRECTION('',(-0.30901571635,-0.95105693155,0.));
#2633 = ORIENTED_EDGE('',*,*,#2634,.F.);
#2634 = EDGE_CURVE('',#2635,#2627,#2637,.T.);
#2635 = VERTEX_POINT('',#2636);
#2636 = CARTESIAN_POINT('',(10.838402396408,-4.678029222792,
    11.900327871983));
#2637 = CIRCLE('',#2638,42.2);
#2638 = AXIS2_PLACEMENT_3D('',#2639,#2640,#2641);
#2639 = CARTESIAN_POINT('',(26.42,34.54,11.900327871983));
#2640 = DIRECTION('',(0.,0.,1.));
#2641 = DIRECTION('',(1.,0.,0.));
#2642 = ORIENTED_EDGE('',*,*,#2643,.T.);
#2643 = EDGE_CURVE('',#2635,#2587,#2644,.T.);
#2644 = CIRCLE('',#2645,42.2);
#2645 = AXIS2_PLACEMENT_3D('',#2646,#2647,#2648);
#2646 = CARTESIAN_POINT('',(26.42,34.54,11.900327871983));
#2647 = DIRECTION('',(0.,0.,-1.));
#2648 = DIRECTION('',(1.,0.,0.));
#2649 = ORIENTED_EDGE('',*,*,#2586,.F.);
#2650 = ORIENTED_EDGE('',*,*,#2651,.F.);
#2651 = EDGE_CURVE('',#2652,#2579,#2654,.T.);
#2652 = VERTEX_POINT('',#2653);
#2653 = CARTESIAN_POINT('',(18.583910381998,-7.739968176886,
    11.900327871983));
#2654 = CIRCLE('',#2655,43.000000110928);
#2655 = AXIS2_PLACEMENT_3D('',#2656,#2657,#2658);
#2656 = CARTESIAN_POINT('',(26.42,34.54,11.900327871983));
#2657 = DIRECTION('',(0.,0.,-1.));
#2658 = DIRECTION('',(1.,0.,0.));
#2659 = ORIENTED_EDGE('',*,*,#2660,.T.);
#2660 = EDGE_CURVE('',#2652,#2661,#2663,.T.);
#2661 = VERTEX_POINT('',#2662);
#2662 = CARTESIAN_POINT('',(18.729698095821,-6.953364007062,
    11.900327871983));
#2663 = LINE('',#2664,#2665);
#2664 = CARTESIAN_POINT('',(21.892144870052,10.109759861317,
    11.900327871983));
#2665 = VECTOR('',#2666,1.);
#2666 = DIRECTION('',(0.18223461701,0.983255075941,0.));
#2667 = ORIENTED_EDGE('',*,*,#2668,.T.);
#2668 = EDGE_CURVE('',#2661,#2669,#2671,.T.);
#2669 = VERTEX_POINT('',#2670);
#2670 = CARTESIAN_POINT('',(16.45070555381,-6.465526069606,
    11.900327871983));
#2671 = CIRCLE('',#2672,42.2);
#2672 = AXIS2_PLACEMENT_3D('',#2673,#2674,#2675);
#2673 = CARTESIAN_POINT('',(26.42,34.54,11.900327871983));
#2674 = DIRECTION('',(0.,0.,-1.));
#2675 = DIRECTION('',(1.,0.,0.));
#2676 = ORIENTED_EDGE('',*,*,#2677,.F.);
#2677 = EDGE_CURVE('',#2609,#2669,#2678,.T.);
#2678 = CIRCLE('',#2679,42.2);
#2679 = AXIS2_PLACEMENT_3D('',#2680,#2681,#2682);
#2680 = CARTESIAN_POINT('',(26.42,34.54,11.900327871983));
#2681 = DIRECTION('',(0.,0.,1.));
#2682 = DIRECTION('',(1.,0.,0.));
#2683 = FACE_BOUND('',#2684,.T.);
#2684 = EDGE_LOOP('',(#2685));
#2685 = ORIENTED_EDGE('',*,*,#2686,.F.);
#2686 = EDGE_CURVE('',#2687,#2687,#2689,.T.);
#2687 = VERTEX_POINT('',#2688);
#2688 = CARTESIAN_POINT('',(19.055447,5.071516,11.900327871983));
#2689 = CIRCLE('',#2690,2.);
#2690 = AXIS2_PLACEMENT_3D('',#2691,#2692,#2693);
#2691 = CARTESIAN_POINT('',(17.055447,5.071516,11.900327871983));
#2692 = DIRECTION('',(0.,0.,1.));
#2693 = DIRECTION('',(1.,0.,0.));
#2694 = PLANE('',#2695);
#2695 = AXIS2_PLACEMENT_3D('',#2696,#2697,#2698);
#2696 = CARTESIAN_POINT('',(-9.701039252886,34.428050136646,
    11.900327871983));
#2697 = DIRECTION('',(0.,0.,1.));
#2698 = DIRECTION('',(1.,0.,0.));
#2699 = ADVANCED_FACE('',(#2700),#2716,.T.);
#2700 = FACE_BOUND('',#2701,.T.);
#2701 = EDGE_LOOP('',(#2702,#2703,#2709,#2710));
#2702 = ORIENTED_EDGE('',*,*,#2626,.F.);
#2703 = ORIENTED_EDGE('',*,*,#2704,.T.);
#2704 = EDGE_CURVE('',#2619,#2545,#2705,.T.);
#2705 = LINE('',#2706,#2707);
#2706 = CARTESIAN_POINT('',(15.783057692097,10.21651642511,
    11.900327871983));
#2707 = VECTOR('',#2708,1.);
#2708 = DIRECTION('',(-0.,-0.,-1.));
#2709 = ORIENTED_EDGE('',*,*,#2552,.F.);
#2710 = ORIENTED_EDGE('',*,*,#2711,.F.);
#2711 = EDGE_CURVE('',#2627,#2476,#2712,.T.);
#2712 = LINE('',#2713,#2714);
#2713 = CARTESIAN_POINT('',(10.931563749975,-4.71491488373,
    11.900327871983));
#2714 = VECTOR('',#2715,1.);
#2715 = DIRECTION('',(-0.,-0.,-1.));
#2716 = PLANE('',#2717);
#2717 = AXIS2_PLACEMENT_3D('',#2718,#2719,#2720);
#2718 = CARTESIAN_POINT('',(15.783057692097,10.21651642511,
    11.900327871983));
#2719 = DIRECTION('',(-0.95105693155,0.30901571635,0.));
#2720 = DIRECTION('',(-0.30901571635,-0.95105693155,0.));
#2721 = ADVANCED_FACE('',(#2722),#2733,.F.);
#2722 = FACE_BOUND('',#2723,.F.);
#2723 = EDGE_LOOP('',(#2724,#2725,#2731,#2732));
#2724 = ORIENTED_EDGE('',*,*,#2544,.F.);
#2725 = ORIENTED_EDGE('',*,*,#2726,.F.);
#2726 = EDGE_CURVE('',#2611,#2537,#2727,.T.);
#2727 = LINE('',#2728,#2729);
#2728 = CARTESIAN_POINT('',(21.194572307903,8.45821657489,
    11.900327871983));
#2729 = VECTOR('',#2730,1.);
#2730 = DIRECTION('',(-0.,-0.,-1.));
#2731 = ORIENTED_EDGE('',*,*,#2618,.T.);
#2732 = ORIENTED_EDGE('',*,*,#2704,.T.);
#2733 = PLANE('',#2734);
#2734 = AXIS2_PLACEMENT_3D('',#2735,#2736,#2737);
#2735 = CARTESIAN_POINT('',(21.289678,8.427315,7.900327871983));
#2736 = DIRECTION('',(-0.309015748902,-0.951056920973,-0.));
#2737 = DIRECTION('',(-0.951056920973,0.309015748902,0.));
#2738 = ADVANCED_FACE('',(#2739),#2750,.T.);
#2739 = FACE_BOUND('',#2740,.T.);
#2740 = EDGE_LOOP('',(#2741,#2742,#2748,#2749));
#2741 = ORIENTED_EDGE('',*,*,#2608,.F.);
#2742 = ORIENTED_EDGE('',*,*,#2743,.T.);
#2743 = EDGE_CURVE('',#2609,#2528,#2744,.T.);
#2744 = LINE('',#2745,#2746);
#2745 = CARTESIAN_POINT('',(16.353294159338,-6.441720724215,
    11.900327871983));
#2746 = VECTOR('',#2747,1.);
#2747 = DIRECTION('',(-0.,-0.,-1.));
#2748 = ORIENTED_EDGE('',*,*,#2536,.F.);
#2749 = ORIENTED_EDGE('',*,*,#2726,.F.);
#2750 = PLANE('',#2751);
#2751 = AXIS2_PLACEMENT_3D('',#2752,#2753,#2754);
#2752 = CARTESIAN_POINT('',(16.353294159338,-6.441720724215,
    11.900327871983));
#2753 = DIRECTION('',(0.9510566092,-0.309016708443,0.));
#2754 = DIRECTION('',(0.309016708443,0.9510566092,0.));
#2755 = ADVANCED_FACE('',(#2756),#2772,.F.);
#2756 = FACE_BOUND('',#2757,.F.);
#2757 = EDGE_LOOP('',(#2758,#2759,#2765,#2766));
#2758 = ORIENTED_EDGE('',*,*,#2510,.F.);
#2759 = ORIENTED_EDGE('',*,*,#2760,.T.);
#2760 = EDGE_CURVE('',#2502,#2652,#2761,.T.);
#2761 = LINE('',#2762,#2763);
#2762 = CARTESIAN_POINT('',(18.583910381998,-7.739968176886,
    7.900327871983));
#2763 = VECTOR('',#2764,1.);
#2764 = DIRECTION('',(0.,0.,1.));
#2765 = ORIENTED_EDGE('',*,*,#2660,.T.);
#2766 = ORIENTED_EDGE('',*,*,#2767,.F.);
#2767 = EDGE_CURVE('',#2511,#2661,#2768,.T.);
#2768 = LINE('',#2769,#2770);
#2769 = CARTESIAN_POINT('',(18.729698095821,-6.953364007062,
    7.900327871983));
#2770 = VECTOR('',#2771,1.);
#2771 = DIRECTION('',(0.,0.,1.));
#2772 = PLANE('',#2773);
#2773 = AXIS2_PLACEMENT_3D('',#2774,#2775,#2776);
#2774 = CARTESIAN_POINT('',(18.583910381998,-7.739968176886,
    7.900327871983));
#2775 = DIRECTION('',(-0.983255075941,0.18223461701,0.));
#2776 = DIRECTION('',(0.18223461701,0.983255075941,0.));
#2777 = ADVANCED_FACE('',(#2778),#2784,.T.);
#2778 = FACE_BOUND('',#2779,.T.);
#2779 = EDGE_LOOP('',(#2780,#2781,#2782,#2783));
#2780 = ORIENTED_EDGE('',*,*,#2501,.F.);
#2781 = ORIENTED_EDGE('',*,*,#2760,.T.);
#2782 = ORIENTED_EDGE('',*,*,#2651,.T.);
#2783 = ORIENTED_EDGE('',*,*,#2578,.F.);
#2784 = CYLINDRICAL_SURFACE('',#2785,43.000000110928);
#2785 = AXIS2_PLACEMENT_3D('',#2786,#2787,#2788);
#2786 = CARTESIAN_POINT('',(26.42,34.54,7.900327871983));
#2787 = DIRECTION('',(0.,0.,-1.));
#2788 = DIRECTION('',(1.,0.,0.));
#2789 = ADVANCED_FACE('',(#2790),#2809,.F.);
#2790 = FACE_BOUND('',#2791,.F.);
#2791 = EDGE_LOOP('',(#2792,#2800,#2801,#2802));
#2792 = ORIENTED_EDGE('',*,*,#2793,.F.);
#2793 = EDGE_CURVE('',#2561,#2794,#2796,.T.);
#2794 = VERTEX_POINT('',#2795);
#2795 = CARTESIAN_POINT('',(18.555447,5.071516,9.900327871983));
#2796 = LINE('',#2797,#2798);
#2797 = CARTESIAN_POINT('',(18.555447,5.071516,7.900327871983));
#2798 = VECTOR('',#2799,1.);
#2799 = DIRECTION('',(0.,0.,1.));
#2800 = ORIENTED_EDGE('',*,*,#2560,.F.);
#2801 = ORIENTED_EDGE('',*,*,#2793,.T.);
#2802 = ORIENTED_EDGE('',*,*,#2803,.F.);
#2803 = EDGE_CURVE('',#2794,#2794,#2804,.T.);
#2804 = CIRCLE('',#2805,1.5);
#2805 = AXIS2_PLACEMENT_3D('',#2806,#2807,#2808);
#2806 = CARTESIAN_POINT('',(17.055447,5.071516,9.900327871983));
#2807 = DIRECTION('',(0.,0.,1.));
#2808 = DIRECTION('',(1.,0.,0.));
#2809 = CYLINDRICAL_SURFACE('',#2810,1.5);
#2810 = AXIS2_PLACEMENT_3D('',#2811,#2812,#2813);
#2811 = CARTESIAN_POINT('',(17.055447,5.071516,7.900327871983));
#2812 = DIRECTION('',(0.,0.,-1.));
#2813 = DIRECTION('',(1.,0.,0.));
#2814 = ADVANCED_FACE('',(#2815),#2834,.F.);
#2815 = FACE_BOUND('',#2816,.T.);
#2816 = EDGE_LOOP('',(#2817,#2825,#2826,#2827));
#2817 = ORIENTED_EDGE('',*,*,#2818,.F.);
#2818 = EDGE_CURVE('',#2687,#2819,#2821,.T.);
#2819 = VERTEX_POINT('',#2820);
#2820 = CARTESIAN_POINT('',(19.055447,5.071516,9.900327871983));
#2821 = LINE('',#2822,#2823);
#2822 = CARTESIAN_POINT('',(19.055447,5.071516,11.900327871983));
#2823 = VECTOR('',#2824,1.);
#2824 = DIRECTION('',(0.,0.,-1.));
#2825 = ORIENTED_EDGE('',*,*,#2686,.T.);
#2826 = ORIENTED_EDGE('',*,*,#2818,.T.);
#2827 = ORIENTED_EDGE('',*,*,#2828,.F.);
#2828 = EDGE_CURVE('',#2819,#2819,#2829,.T.);
#2829 = CIRCLE('',#2830,2.);
#2830 = AXIS2_PLACEMENT_3D('',#2831,#2832,#2833);
#2831 = CARTESIAN_POINT('',(17.055447,5.071516,9.900327871983));
#2832 = DIRECTION('',(0.,0.,1.));
#2833 = DIRECTION('',(1.,0.,0.));
#2834 = CYLINDRICAL_SURFACE('',#2835,2.);
#2835 = AXIS2_PLACEMENT_3D('',#2836,#2837,#2838);
#2836 = CARTESIAN_POINT('',(17.055447,5.071516,11.900327871983));
#2837 = DIRECTION('',(-0.,-0.,-1.));
#2838 = DIRECTION('',(1.,0.,0.));
#2839 = ADVANCED_FACE('',(#2840,#2843),#2846,.T.);
#2840 = FACE_BOUND('',#2841,.T.);
#2841 = EDGE_LOOP('',(#2842));
#2842 = ORIENTED_EDGE('',*,*,#2828,.T.);
#2843 = FACE_BOUND('',#2844,.T.);
#2844 = EDGE_LOOP('',(#2845));
#2845 = ORIENTED_EDGE('',*,*,#2803,.F.);
#2846 = PLANE('',#2847);
#2847 = AXIS2_PLACEMENT_3D('',#2848,#2849,#2850);
#2848 = CARTESIAN_POINT('',(17.055447,5.071516,9.900327871983));
#2849 = DIRECTION('',(0.,0.,1.));
#2850 = DIRECTION('',(1.,0.,0.));
#2851 = ADVANCED_FACE('',(#2852),#2860,.F.);
#2852 = FACE_BOUND('',#2853,.F.);
#2853 = EDGE_LOOP('',(#2854,#2855,#2856,#2857,#2858,#2859));
#2854 = ORIENTED_EDGE('',*,*,#2711,.F.);
#2855 = ORIENTED_EDGE('',*,*,#2634,.F.);
#2856 = ORIENTED_EDGE('',*,*,#2643,.T.);
#2857 = ORIENTED_EDGE('',*,*,#2594,.F.);
#2858 = ORIENTED_EDGE('',*,*,#2484,.F.);
#2859 = ORIENTED_EDGE('',*,*,#2473,.T.);
#2860 = CYLINDRICAL_SURFACE('',#2861,42.2);
#2861 = AXIS2_PLACEMENT_3D('',#2862,#2863,#2864);
#2862 = CARTESIAN_POINT('',(26.42,34.54,7.900327871983));
#2863 = DIRECTION('',(0.,0.,-1.));
#2864 = DIRECTION('',(1.,0.,0.));
#2865 = ADVANCED_FACE('',(#2866),#2874,.F.);
#2866 = FACE_BOUND('',#2867,.F.);
#2867 = EDGE_LOOP('',(#2868,#2869,#2870,#2871,#2872,#2873));
#2868 = ORIENTED_EDGE('',*,*,#2668,.T.);
#2869 = ORIENTED_EDGE('',*,*,#2677,.F.);
#2870 = ORIENTED_EDGE('',*,*,#2743,.T.);
#2871 = ORIENTED_EDGE('',*,*,#2527,.T.);
#2872 = ORIENTED_EDGE('',*,*,#2518,.F.);
#2873 = ORIENTED_EDGE('',*,*,#2767,.T.);
#2874 = CYLINDRICAL_SURFACE('',#2875,42.2);
#2875 = AXIS2_PLACEMENT_3D('',#2876,#2877,#2878);
#2876 = CARTESIAN_POINT('',(26.42,34.54,11.900327871983));
#2877 = DIRECTION('',(0.,0.,1.));
#2878 = DIRECTION('',(1.,0.,-0.));
#2879 = ( GEOMETRIC_REPRESENTATION_CONTEXT(3) 
GLOBAL_UNCERTAINTY_ASSIGNED_CONTEXT((#2883)) 
GLOBAL_UNIT_ASSIGNED_CONTEXT((#2880,#2881,#2882)) REPRESENTATION_CONTEXT
('Context #1','3D Context with UNIT and UNCERTAINTY') );
#2880 = ( LENGTH_UNIT() NAMED_UNIT(*) SI_UNIT(.MILLI.,.METRE.) );
#2881 = ( NAMED_UNIT(*) PLANE_ANGLE_UNIT() SI_UNIT($,.RADIAN.) );
#2882 = ( NAMED_UNIT(*) SI_UNIT($,.STERADIAN.) SOLID_ANGLE_UNIT() );
#2883 = UNCERTAINTY_MEASURE_WITH_UNIT(LENGTH_MEASURE(1.E-07),#2880,
  'distance_accuracy_value','confusion accuracy');
#2884 = CONTEXT_DEPENDENT_SHAPE_REPRESENTATION(#2885,#2887);
#2885 = ( REPRESENTATION_RELATIONSHIP('','',#728,#10) 
REPRESENTATION_RELATIONSHIP_WITH_TRANSFORMATION(#2886) 
SHAPE_REPRESENTATION_RELATIONSHIP() );
#2886 = ITEM_DEFINED_TRANSFORMATION('','',#11,#19);
#2887 = PRODUCT_DEFINITION_SHAPE('Placement','Placement of an item',
  #2888);
#2888 = NEXT_ASSEMBLY_USAGE_OCCURRENCE('2','Führung','',#5,#723,$);
#2889 = PRODUCT_RELATED_PRODUCT_CATEGORY('part',$,(#725));
#2890 = SHAPE_DEFINITION_REPRESENTATION(#2891,#2897);
#2891 = PRODUCT_DEFINITION_SHAPE('','',#2892);
#2892 = PRODUCT_DEFINITION('design','',#2893,#2896);
#2893 = PRODUCT_DEFINITION_FORMATION('','',#2894);
#2894 = PRODUCT('GehaeuseV3','GehaeuseV3','',(#2895));
#2895 = PRODUCT_CONTEXT('',#2,'mechanical');
#2896 = PRODUCT_DEFINITION_CONTEXT('part definition',#2,'design');
#2897 = ADVANCED_BREP_SHAPE_REPRESENTATION('',(#11,#2898),#8015);
#2898 = MANIFOLD_SOLID_BREP('',#2899);
#2899 = CLOSED_SHELL('',(#2900,#3154,#3240,#3407,#3572,#3607,#3642,#3846
    ,#4050,#4085,#4120,#4428,#4471,#4514,#4557,#4582,#4625,#4656,#4680,
    #4704,#4721,#4746,#4789,#4813,#4837,#4861,#4885,#4909,#4933,#4950,
    #4974,#4998,#5028,#5067,#5140,#5228,#5246,#5343,#5367,#5391,#5435,
    #5453,#5485,#5582,#5606,#5630,#5674,#5703,#5721,#5750,#5768,#5786,
    #5883,#5907,#5931,#5971,#6068,#6092,#6116,#6156,#6174,#6271,#6295,
    #6319,#6359,#6456,#6480,#6504,#6544,#6573,#6591,#6620,#6638,#6735,
    #6759,#6783,#6827,#6936,#6960,#6984,#7036,#7133,#7157,#7181,#7225,
    #7385,#7405,#7425,#7486,#7699,#7732,#7747,#7762,#7777,#7792,#7822,
    #7839,#7856,#7873,#7890,#7907,#7924,#7941,#7958,#7970,#7987,#8004));
#2900 = ADVANCED_FACE('',(#2901,#3038,#3049,#3060,#3071,#3082,#3093,
    #3127,#3138),#3149,.T.);
#2901 = FACE_BOUND('',#2902,.T.);
#2902 = EDGE_LOOP('',(#2903,#2914,#2923,#2932,#2941,#2950,#2959,#2968,
    #2977,#2986,#2995,#3004,#3013,#3022,#3031));
#2903 = ORIENTED_EDGE('',*,*,#2904,.T.);
#2904 = EDGE_CURVE('',#2905,#2907,#2909,.T.);
#2905 = VERTEX_POINT('',#2906);
#2906 = CARTESIAN_POINT('',(68.52,34.54,35.));
#2907 = VERTEX_POINT('',#2908);
#2908 = CARTESIAN_POINT('',(64.322068451465,52.866025403782,35.));
#2909 = CIRCLE('',#2910,42.1);
#2910 = AXIS2_PLACEMENT_3D('',#2911,#2912,#2913);
#2911 = CARTESIAN_POINT('',(26.42,34.54,35.));
#2912 = DIRECTION('',(0.,0.,1.));
#2913 = DIRECTION('',(1.,0.,0.));
#2914 = ORIENTED_EDGE('',*,*,#2915,.T.);
#2915 = EDGE_CURVE('',#2907,#2916,#2918,.T.);
#2916 = VERTEX_POINT('',#2917);
#2917 = CARTESIAN_POINT('',(57.665317773389,62.755955012013,35.));
#2918 = CIRCLE('',#2919,42.1);
#2919 = AXIS2_PLACEMENT_3D('',#2920,#2921,#2922);
#2920 = CARTESIAN_POINT('',(26.42,34.54,35.));
#2921 = DIRECTION('',(0.,0.,1.));
#2922 = DIRECTION('',(1.,0.,0.));
#2923 = ORIENTED_EDGE('',*,*,#2924,.T.);
#2924 = EDGE_CURVE('',#2916,#2925,#2927,.T.);
#2925 = VERTEX_POINT('',#2926);
#2926 = CARTESIAN_POINT('',(55.723944315545,64.767286473506,35.));
#2927 = CIRCLE('',#2928,42.1);
#2928 = AXIS2_PLACEMENT_3D('',#2929,#2930,#2931);
#2929 = CARTESIAN_POINT('',(26.42,34.54,35.));
#2930 = DIRECTION('',(0.,0.,1.));
#2931 = DIRECTION('',(1.,0.,0.));
#2932 = ORIENTED_EDGE('',*,*,#2933,.T.);
#2933 = EDGE_CURVE('',#2925,#2934,#2936,.T.);
#2934 = VERTEX_POINT('',#2935);
#2935 = CARTESIAN_POINT('',(53.653372586805,66.645348737372,35.));
#2936 = CIRCLE('',#2937,42.1);
#2937 = AXIS2_PLACEMENT_3D('',#2938,#2939,#2940);
#2938 = CARTESIAN_POINT('',(26.42,34.54,35.));
#2939 = DIRECTION('',(0.,0.,1.));
#2940 = DIRECTION('',(1.,0.,0.));
#2941 = ORIENTED_EDGE('',*,*,#2942,.T.);
#2942 = EDGE_CURVE('',#2934,#2943,#2945,.T.);
#2943 = VERTEX_POINT('',#2944);
#2944 = CARTESIAN_POINT('',(-0.813372586805,66.645348737372,35.));
#2945 = CIRCLE('',#2946,42.1);
#2946 = AXIS2_PLACEMENT_3D('',#2947,#2948,#2949);
#2947 = CARTESIAN_POINT('',(26.42,34.54,35.));
#2948 = DIRECTION('',(0.,0.,1.));
#2949 = DIRECTION('',(1.,0.,0.));
#2950 = ORIENTED_EDGE('',*,*,#2951,.T.);
#2951 = EDGE_CURVE('',#2943,#2952,#2954,.T.);
#2952 = VERTEX_POINT('',#2953);
#2953 = CARTESIAN_POINT('',(-2.883944315545,64.767286473506,35.));
#2954 = CIRCLE('',#2955,42.1);
#2955 = AXIS2_PLACEMENT_3D('',#2956,#2957,#2958);
#2956 = CARTESIAN_POINT('',(26.42,34.54,35.));
#2957 = DIRECTION('',(0.,0.,1.));
#2958 = DIRECTION('',(1.,0.,0.));
#2959 = ORIENTED_EDGE('',*,*,#2960,.T.);
#2960 = EDGE_CURVE('',#2952,#2961,#2963,.T.);
#2961 = VERTEX_POINT('',#2962);
#2962 = CARTESIAN_POINT('',(-4.825317773389,62.755955012013,35.));
#2963 = CIRCLE('',#2964,42.1);
#2964 = AXIS2_PLACEMENT_3D('',#2965,#2966,#2967);
#2965 = CARTESIAN_POINT('',(26.42,34.54,35.));
#2966 = DIRECTION('',(0.,0.,1.));
#2967 = DIRECTION('',(1.,0.,0.));
#2968 = ORIENTED_EDGE('',*,*,#2969,.T.);
#2969 = EDGE_CURVE('',#2961,#2970,#2972,.T.);
#2970 = VERTEX_POINT('',#2971);
#2971 = CARTESIAN_POINT('',(-4.825317773389,6.324044987987,35.));
#2972 = CIRCLE('',#2973,42.1);
#2973 = AXIS2_PLACEMENT_3D('',#2974,#2975,#2976);
#2974 = CARTESIAN_POINT('',(26.42,34.54,35.));
#2975 = DIRECTION('',(0.,0.,1.));
#2976 = DIRECTION('',(1.,0.,0.));
#2977 = ORIENTED_EDGE('',*,*,#2978,.T.);
#2978 = EDGE_CURVE('',#2970,#2979,#2981,.T.);
#2979 = VERTEX_POINT('',#2980);
#2980 = CARTESIAN_POINT('',(-2.883944315545,4.312713526494,35.));
#2981 = CIRCLE('',#2982,42.1);
#2982 = AXIS2_PLACEMENT_3D('',#2983,#2984,#2985);
#2983 = CARTESIAN_POINT('',(26.42,34.54,35.));
#2984 = DIRECTION('',(0.,0.,1.));
#2985 = DIRECTION('',(1.,0.,0.));
#2986 = ORIENTED_EDGE('',*,*,#2987,.T.);
#2987 = EDGE_CURVE('',#2979,#2988,#2990,.T.);
#2988 = VERTEX_POINT('',#2989);
#2989 = CARTESIAN_POINT('',(-0.813372586805,2.434651262628,35.));
#2990 = CIRCLE('',#2991,42.1);
#2991 = AXIS2_PLACEMENT_3D('',#2992,#2993,#2994);
#2992 = CARTESIAN_POINT('',(26.42,34.54,35.));
#2993 = DIRECTION('',(0.,0.,1.));
#2994 = DIRECTION('',(1.,0.,0.));
#2995 = ORIENTED_EDGE('',*,*,#2996,.T.);
#2996 = EDGE_CURVE('',#2988,#2997,#2999,.T.);
#2997 = VERTEX_POINT('',#2998);
#2998 = CARTESIAN_POINT('',(53.653372586805,2.434651262628,35.));
#2999 = CIRCLE('',#3000,42.1);
#3000 = AXIS2_PLACEMENT_3D('',#3001,#3002,#3003);
#3001 = CARTESIAN_POINT('',(26.42,34.54,35.));
#3002 = DIRECTION('',(0.,0.,1.));
#3003 = DIRECTION('',(1.,0.,0.));
#3004 = ORIENTED_EDGE('',*,*,#3005,.T.);
#3005 = EDGE_CURVE('',#2997,#3006,#3008,.T.);
#3006 = VERTEX_POINT('',#3007);
#3007 = CARTESIAN_POINT('',(55.723944315545,4.312713526494,35.));
#3008 = CIRCLE('',#3009,42.1);
#3009 = AXIS2_PLACEMENT_3D('',#3010,#3011,#3012);
#3010 = CARTESIAN_POINT('',(26.42,34.54,35.));
#3011 = DIRECTION('',(0.,0.,1.));
#3012 = DIRECTION('',(1.,0.,0.));
#3013 = ORIENTED_EDGE('',*,*,#3014,.T.);
#3014 = EDGE_CURVE('',#3006,#3015,#3017,.T.);
#3015 = VERTEX_POINT('',#3016);
#3016 = CARTESIAN_POINT('',(57.665317773389,6.324044987987,35.));
#3017 = CIRCLE('',#3018,42.1);
#3018 = AXIS2_PLACEMENT_3D('',#3019,#3020,#3021);
#3019 = CARTESIAN_POINT('',(26.42,34.54,35.));
#3020 = DIRECTION('',(0.,0.,1.));
#3021 = DIRECTION('',(1.,0.,0.));
#3022 = ORIENTED_EDGE('',*,*,#3023,.T.);
#3023 = EDGE_CURVE('',#3015,#3024,#3026,.T.);
#3024 = VERTEX_POINT('',#3025);
#3025 = CARTESIAN_POINT('',(64.753279009792,17.133974596218,35.));
#3026 = CIRCLE('',#3027,42.1);
#3027 = AXIS2_PLACEMENT_3D('',#3028,#3029,#3030);
#3028 = CARTESIAN_POINT('',(26.42,34.54,35.));
#3029 = DIRECTION('',(0.,0.,1.));
#3030 = DIRECTION('',(1.,0.,0.));
#3031 = ORIENTED_EDGE('',*,*,#3032,.T.);
#3032 = EDGE_CURVE('',#3024,#2905,#3033,.T.);
#3033 = CIRCLE('',#3034,42.1);
#3034 = AXIS2_PLACEMENT_3D('',#3035,#3036,#3037);
#3035 = CARTESIAN_POINT('',(26.42,34.54,35.));
#3036 = DIRECTION('',(0.,0.,1.));
#3037 = DIRECTION('',(1.,0.,0.));
#3038 = FACE_BOUND('',#3039,.T.);
#3039 = EDGE_LOOP('',(#3040));
#3040 = ORIENTED_EDGE('',*,*,#3041,.F.);
#3041 = EDGE_CURVE('',#3042,#3042,#3044,.T.);
#3042 = VERTEX_POINT('',#3043);
#3043 = CARTESIAN_POINT('',(21.201910043555,5.102630423245,35.));
#3044 = CIRCLE('',#3045,4.5);
#3045 = AXIS2_PLACEMENT_3D('',#3046,#3047,#3048);
#3046 = CARTESIAN_POINT('',(16.701910043555,5.102630423245,35.));
#3047 = DIRECTION('',(0.,0.,1.));
#3048 = DIRECTION('',(1.,0.,0.));
#3049 = FACE_BOUND('',#3050,.T.);
#3050 = EDGE_LOOP('',(#3051));
#3051 = ORIENTED_EDGE('',*,*,#3052,.F.);
#3052 = EDGE_CURVE('',#3053,#3053,#3055,.T.);
#3053 = VERTEX_POINT('',#3054);
#3054 = CARTESIAN_POINT('',(-7.935805391778E-02,34.340500012524,35.));
#3055 = CIRCLE('',#3056,4.5);
#3056 = AXIS2_PLACEMENT_3D('',#3057,#3058,#3059);
#3057 = CARTESIAN_POINT('',(-4.579358053918,34.340500012524,35.));
#3058 = DIRECTION('',(0.,0.,1.));
#3059 = DIRECTION('',(1.,0.,0.));
#3060 = FACE_BOUND('',#3061,.T.);
#3061 = EDGE_LOOP('',(#3062));
#3062 = ORIENTED_EDGE('',*,*,#3063,.F.);
#3063 = EDGE_CURVE('',#3064,#3064,#3066,.T.);
#3064 = VERTEX_POINT('',#3065);
#3065 = CARTESIAN_POINT('',(40.543604522473,5.071606151759,35.));
#3066 = CIRCLE('',#3067,4.5);
#3067 = AXIS2_PLACEMENT_3D('',#3068,#3069,#3070);
#3068 = CARTESIAN_POINT('',(36.043604522473,5.071606151759,35.));
#3069 = DIRECTION('',(0.,0.,1.));
#3070 = DIRECTION('',(1.,0.,0.));
#3071 = FACE_BOUND('',#3072,.T.);
#3072 = EDGE_LOOP('',(#3073));
#3073 = ORIENTED_EDGE('',*,*,#3074,.T.);
#3074 = EDGE_CURVE('',#3075,#3075,#3077,.T.);
#3075 = VERTEX_POINT('',#3076);
#3076 = CARTESIAN_POINT('',(51.,32.125,35.));
#3077 = CIRCLE('',#3078,1.5);
#3078 = AXIS2_PLACEMENT_3D('',#3079,#3080,#3081);
#3079 = CARTESIAN_POINT('',(49.5,32.125,35.));
#3080 = DIRECTION('',(0.,0.,-1.));
#3081 = DIRECTION('',(1.,0.,0.));
#3082 = FACE_BOUND('',#3083,.T.);
#3083 = EDGE_LOOP('',(#3084));
#3084 = ORIENTED_EDGE('',*,*,#3085,.F.);
#3085 = EDGE_CURVE('',#3086,#3086,#3088,.T.);
#3086 = VERTEX_POINT('',#3087);
#3087 = CARTESIAN_POINT('',(21.201910043555,63.977369576755,35.));
#3088 = CIRCLE('',#3089,4.5);
#3089 = AXIS2_PLACEMENT_3D('',#3090,#3091,#3092);
#3090 = CARTESIAN_POINT('',(16.701910043555,63.977369576755,35.));
#3091 = DIRECTION('',(0.,0.,1.));
#3092 = DIRECTION('',(1.,0.,0.));
#3093 = FACE_BOUND('',#3094,.T.);
#3094 = EDGE_LOOP('',(#3095,#3105,#3113,#3121));
#3095 = ORIENTED_EDGE('',*,*,#3096,.T.);
#3096 = EDGE_CURVE('',#3097,#3099,#3101,.T.);
#3097 = VERTEX_POINT('',#3098);
#3098 = CARTESIAN_POINT('',(30.42,-2.56,35.));
#3099 = VERTEX_POINT('',#3100);
#3100 = CARTESIAN_POINT('',(22.42,-2.56,35.));
#3101 = LINE('',#3102,#3103);
#3102 = CARTESIAN_POINT('',(24.42,-2.56,35.));
#3103 = VECTOR('',#3104,1.);
#3104 = DIRECTION('',(-1.,0.,0.));
#3105 = ORIENTED_EDGE('',*,*,#3106,.T.);
#3106 = EDGE_CURVE('',#3099,#3107,#3109,.T.);
#3107 = VERTEX_POINT('',#3108);
#3108 = CARTESIAN_POINT('',(22.42,71.64,35.));
#3109 = LINE('',#3110,#3111);
#3110 = CARTESIAN_POINT('',(22.42,53.09,35.));
#3111 = VECTOR('',#3112,1.);
#3112 = DIRECTION('',(0.,1.,0.));
#3113 = ORIENTED_EDGE('',*,*,#3114,.T.);
#3114 = EDGE_CURVE('',#3107,#3115,#3117,.T.);
#3115 = VERTEX_POINT('',#3116);
#3116 = CARTESIAN_POINT('',(30.42,71.64,35.));
#3117 = LINE('',#3118,#3119);
#3118 = CARTESIAN_POINT('',(28.42,71.64,35.));
#3119 = VECTOR('',#3120,1.);
#3120 = DIRECTION('',(1.,0.,0.));
#3121 = ORIENTED_EDGE('',*,*,#3122,.T.);
#3122 = EDGE_CURVE('',#3115,#3097,#3123,.T.);
#3123 = LINE('',#3124,#3125);
#3124 = CARTESIAN_POINT('',(30.42,15.99,35.));
#3125 = VECTOR('',#3126,1.);
#3126 = DIRECTION('',(0.,-1.,0.));
#3127 = FACE_BOUND('',#3128,.T.);
#3128 = EDGE_LOOP('',(#3129));
#3129 = ORIENTED_EDGE('',*,*,#3130,.T.);
#3130 = EDGE_CURVE('',#3131,#3131,#3133,.T.);
#3131 = VERTEX_POINT('',#3132);
#3132 = CARTESIAN_POINT('',(51.,47.875,35.));
#3133 = CIRCLE('',#3134,1.5);
#3134 = AXIS2_PLACEMENT_3D('',#3135,#3136,#3137);
#3135 = CARTESIAN_POINT('',(49.5,47.875,35.));
#3136 = DIRECTION('',(0.,0.,-1.));
#3137 = DIRECTION('',(1.,0.,0.));
#3138 = FACE_BOUND('',#3139,.T.);
#3139 = EDGE_LOOP('',(#3140));
#3140 = ORIENTED_EDGE('',*,*,#3141,.F.);
#3141 = EDGE_CURVE('',#3142,#3142,#3144,.T.);
#3142 = VERTEX_POINT('',#3143);
#3143 = CARTESIAN_POINT('',(40.543604522473,64.008393848241,35.));
#3144 = CIRCLE('',#3145,4.5);
#3145 = AXIS2_PLACEMENT_3D('',#3146,#3147,#3148);
#3146 = CARTESIAN_POINT('',(36.043604522473,64.008393848241,35.));
#3147 = DIRECTION('',(0.,0.,1.));
#3148 = DIRECTION('',(1.,0.,0.));
#3149 = PLANE('',#3150);
#3150 = AXIS2_PLACEMENT_3D('',#3151,#3152,#3153);
#3151 = CARTESIAN_POINT('',(26.42,34.54,35.));
#3152 = DIRECTION('',(0.,0.,1.));
#3153 = DIRECTION('',(1.,0.,0.));
#3154 = ADVANCED_FACE('',(#3155,#3213,#3224),#3235,.T.);
#3155 = FACE_BOUND('',#3156,.T.);
#3156 = EDGE_LOOP('',(#3157,#3158,#3159,#3167,#3175,#3183,#3191,#3199,
    #3207));
#3157 = ORIENTED_EDGE('',*,*,#2904,.F.);
#3158 = ORIENTED_EDGE('',*,*,#3032,.F.);
#3159 = ORIENTED_EDGE('',*,*,#3160,.T.);
#3160 = EDGE_CURVE('',#3024,#3161,#3163,.T.);
#3161 = VERTEX_POINT('',#3162);
#3162 = CARTESIAN_POINT('',(82.322068451469,17.133974596218,35.));
#3163 = LINE('',#3164,#3165);
#3164 = CARTESIAN_POINT('',(45.586639504896,17.133974596218,35.));
#3165 = VECTOR('',#3166,1.);
#3166 = DIRECTION('',(1.,0.,0.));
#3167 = ORIENTED_EDGE('',*,*,#3168,.T.);
#3168 = EDGE_CURVE('',#3161,#3169,#3171,.T.);
#3169 = VERTEX_POINT('',#3170);
#3170 = CARTESIAN_POINT('',(82.322068451469,23.133974596216,35.));
#3171 = LINE('',#3172,#3173);
#3172 = CARTESIAN_POINT('',(82.322068451469,25.836987298109,35.));
#3173 = VECTOR('',#3174,1.);
#3174 = DIRECTION('',(0.,1.,0.));
#3175 = ORIENTED_EDGE('',*,*,#3176,.T.);
#3176 = EDGE_CURVE('',#3169,#3177,#3179,.T.);
#3177 = VERTEX_POINT('',#3178);
#3178 = CARTESIAN_POINT('',(69.519999999996,23.133974596216,35.));
#3179 = LINE('',#3180,#3181);
#3180 = CARTESIAN_POINT('',(54.371034225735,23.133974596216,35.));
#3181 = VECTOR('',#3182,1.);
#3182 = DIRECTION('',(-1.,0.,0.));
#3183 = ORIENTED_EDGE('',*,*,#3184,.T.);
#3184 = EDGE_CURVE('',#3177,#3185,#3187,.T.);
#3185 = VERTEX_POINT('',#3186);
#3186 = CARTESIAN_POINT('',(69.519999999996,46.866025403784,35.));
#3187 = LINE('',#3188,#3189);
#3188 = CARTESIAN_POINT('',(69.519999999996,28.836987298108,35.));
#3189 = VECTOR('',#3190,1.);
#3190 = DIRECTION('',(0.,1.,0.));
#3191 = ORIENTED_EDGE('',*,*,#3192,.T.);
#3192 = EDGE_CURVE('',#3185,#3193,#3195,.T.);
#3193 = VERTEX_POINT('',#3194);
#3194 = CARTESIAN_POINT('',(82.322068451469,46.866025403784,35.));
#3195 = LINE('',#3196,#3197);
#3196 = CARTESIAN_POINT('',(47.969999999998,46.866025403784,35.));
#3197 = VECTOR('',#3198,1.);
#3198 = DIRECTION('',(1.,0.,0.));
#3199 = ORIENTED_EDGE('',*,*,#3200,.T.);
#3200 = EDGE_CURVE('',#3193,#3201,#3203,.T.);
#3201 = VERTEX_POINT('',#3202);
#3202 = CARTESIAN_POINT('',(82.322068451469,52.866025403782,35.));
#3203 = LINE('',#3204,#3205);
#3204 = CARTESIAN_POINT('',(82.322068451469,40.703012701892,35.));
#3205 = VECTOR('',#3206,1.);
#3206 = DIRECTION('',(0.,1.,0.));
#3207 = ORIENTED_EDGE('',*,*,#3208,.T.);
#3208 = EDGE_CURVE('',#3201,#2907,#3209,.T.);
#3209 = LINE('',#3210,#3211);
#3210 = CARTESIAN_POINT('',(54.371034225735,52.866025403782,35.));
#3211 = VECTOR('',#3212,1.);
#3212 = DIRECTION('',(-1.,0.,0.));
#3213 = FACE_BOUND('',#3214,.T.);
#3214 = EDGE_LOOP('',(#3215));
#3215 = ORIENTED_EDGE('',*,*,#3216,.T.);
#3216 = EDGE_CURVE('',#3217,#3217,#3219,.T.);
#3217 = VERTEX_POINT('',#3218);
#3218 = CARTESIAN_POINT('',(77.,21.,35.));
#3219 = CIRCLE('',#3220,1.);
#3220 = AXIS2_PLACEMENT_3D('',#3221,#3222,#3223);
#3221 = CARTESIAN_POINT('',(76.,21.,35.));
#3222 = DIRECTION('',(0.,0.,-1.));
#3223 = DIRECTION('',(1.,0.,0.));
#3224 = FACE_BOUND('',#3225,.T.);
#3225 = EDGE_LOOP('',(#3226));
#3226 = ORIENTED_EDGE('',*,*,#3227,.T.);
#3227 = EDGE_CURVE('',#3228,#3228,#3230,.T.);
#3228 = VERTEX_POINT('',#3229);
#3229 = CARTESIAN_POINT('',(77.,49.,35.));
#3230 = CIRCLE('',#3231,1.);
#3231 = AXIS2_PLACEMENT_3D('',#3232,#3233,#3234);
#3232 = CARTESIAN_POINT('',(76.,49.,35.));
#3233 = DIRECTION('',(0.,0.,-1.));
#3234 = DIRECTION('',(1.,0.,0.));
#3235 = PLANE('',#3236);
#3236 = AXIS2_PLACEMENT_3D('',#3237,#3238,#3239);
#3237 = CARTESIAN_POINT('',(26.42,34.54,35.));
#3238 = DIRECTION('',(0.,0.,1.));
#3239 = DIRECTION('',(1.,0.,0.));
#3240 = ADVANCED_FACE('',(#3241,#3316),#3402,.T.);
#3241 = FACE_BOUND('',#3242,.F.);
#3242 = EDGE_LOOP('',(#3243,#3251,#3252,#3260,#3269,#3276,#3301,#3309));
#3243 = ORIENTED_EDGE('',*,*,#3244,.F.);
#3244 = EDGE_CURVE('',#2907,#3245,#3247,.T.);
#3245 = VERTEX_POINT('',#3246);
#3246 = CARTESIAN_POINT('',(64.322068451465,52.866025403782,13.5));
#3247 = LINE('',#3248,#3249);
#3248 = CARTESIAN_POINT('',(64.322068451465,52.866025403782,17.5));
#3249 = VECTOR('',#3250,1.);
#3250 = DIRECTION('',(-0.,-0.,-1.));
#3251 = ORIENTED_EDGE('',*,*,#2915,.T.);
#3252 = ORIENTED_EDGE('',*,*,#3253,.F.);
#3253 = EDGE_CURVE('',#3254,#2916,#3256,.T.);
#3254 = VERTEX_POINT('',#3255);
#3255 = CARTESIAN_POINT('',(57.665317773389,62.755955012013,3.));
#3256 = LINE('',#3257,#3258);
#3257 = CARTESIAN_POINT('',(57.665317773389,62.755955012013,3.));
#3258 = VECTOR('',#3259,1.);
#3259 = DIRECTION('',(0.,1.2E-16,1.));
#3260 = ORIENTED_EDGE('',*,*,#3261,.F.);
#3261 = EDGE_CURVE('',#3262,#3254,#3264,.T.);
#3262 = VERTEX_POINT('',#3263);
#3263 = CARTESIAN_POINT('',(68.52,34.54,3.));
#3264 = CIRCLE('',#3265,42.1);
#3265 = AXIS2_PLACEMENT_3D('',#3266,#3267,#3268);
#3266 = CARTESIAN_POINT('',(26.42,34.54,3.));
#3267 = DIRECTION('',(0.,0.,1.));
#3268 = DIRECTION('',(1.,0.,0.));
#3269 = ORIENTED_EDGE('',*,*,#3270,.F.);
#3270 = EDGE_CURVE('',#3271,#3262,#3273,.T.);
#3271 = VERTEX_POINT('',#3272);
#3272 = CARTESIAN_POINT('',(68.52,34.54,5.006674090581));
#3273 = B_SPLINE_CURVE_WITH_KNOTS('',1,(#3274,#3275),.UNSPECIFIED.,.F.,
  .F.,(2,2),(-32.,0.),.PIECEWISE_BEZIER_KNOTS.);
#3274 = CARTESIAN_POINT('',(68.52,34.54,35.));
#3275 = CARTESIAN_POINT('',(68.52,34.54,3.));
#3276 = ORIENTED_EDGE('',*,*,#3277,.F.);
#3277 = EDGE_CURVE('',#3278,#3271,#3280,.T.);
#3278 = VERTEX_POINT('',#3279);
#3279 = CARTESIAN_POINT('',(68.398208632575,37.74,7.999999999916));
#3280 = B_SPLINE_CURVE_WITH_KNOTS('',7,(#3281,#3282,#3283,#3284,#3285,
    #3286,#3287,#3288,#3289,#3290,#3291,#3292,#3293,#3294,#3295,#3296,
    #3297,#3298,#3299,#3300),.UNSPECIFIED.,.F.,.F.,(8,6,6,8),(0.,
    0.499296873545,0.774665981169,1.),.UNSPECIFIED.);
#3281 = CARTESIAN_POINT('',(68.398208632575,37.74,7.999999999958));
#3282 = CARTESIAN_POINT('',(68.398208632575,37.739999999996,
    7.697960503875));
#3283 = CARTESIAN_POINT('',(68.400912981272,37.704523494905,
    7.396264037321));
#3284 = CARTESIAN_POINT('',(68.40631135661,37.633708367009,
    7.097163588709));
#3285 = CARTESIAN_POINT('',(68.414280616467,37.5266693209,6.803176726291
    ));
#3286 = CARTESIAN_POINT('',(68.424573442085,37.381738659609,
    6.517584451384));
#3287 = CARTESIAN_POINT('',(68.436705854387,37.196740442379,
    6.245057031395));
#3288 = CARTESIAN_POINT('',(68.457091002783,36.844072103207,
    5.853379160333));
#3289 = CARTESIAN_POINT('',(68.464663521127,36.705493716971,
    5.71987250805));
#3290 = CARTESIAN_POINT('',(68.472405198126,36.553546493542,
    5.593716045714));
#3291 = CARTESIAN_POINT('',(68.480121220612,36.388232468525,
    5.476643020797));
#3292 = CARTESIAN_POINT('',(68.487580021185,36.209738274314,
    5.370511044585));
#3293 = CARTESIAN_POINT('',(68.494523388103,36.018471524924,
    5.277324257323));
#3294 = CARTESIAN_POINT('',(68.505728333921,35.648688464578,
    5.135377839692));
#3295 = CARTESIAN_POINT('',(68.510252275577,35.474026562559,
    5.081567277744));
#3296 = CARTESIAN_POINT('',(68.514072224154,35.292731406797,
    5.039540484173));
#3297 = CARTESIAN_POINT('',(68.517029337354,35.106651772961,
    5.010534592841));
#3298 = CARTESIAN_POINT('',(68.519018291708,34.917790515964,
    4.995301562056));
#3299 = CARTESIAN_POINT('',(68.52,34.728220801311,4.994098059303));
#3300 = CARTESIAN_POINT('',(68.52,34.54,5.006674090581));
#3301 = ORIENTED_EDGE('',*,*,#3302,.F.);
#3302 = EDGE_CURVE('',#3303,#3278,#3305,.T.);
#3303 = VERTEX_POINT('',#3304);
#3304 = CARTESIAN_POINT('',(68.398208632573,37.74,13.5));
#3305 = LINE('',#3306,#3307);
#3306 = CARTESIAN_POINT('',(68.398208632575,37.74,3.));
#3307 = VECTOR('',#3308,1.);
#3308 = DIRECTION('',(-0.,-0.,-1.));
#3309 = ORIENTED_EDGE('',*,*,#3310,.T.);
#3310 = EDGE_CURVE('',#3303,#3245,#3311,.T.);
#3311 = CIRCLE('',#3312,42.099999999996);
#3312 = AXIS2_PLACEMENT_3D('',#3313,#3314,#3315);
#3313 = CARTESIAN_POINT('',(26.42,34.54,13.5));
#3314 = DIRECTION('',(0.,0.,1.));
#3315 = DIRECTION('',(1.,0.,0.));
#3316 = FACE_BOUND('',#3317,.F.);
#3317 = EDGE_LOOP('',(#3318,#3357,#3365,#3396));
#3318 = ORIENTED_EDGE('',*,*,#3319,.F.);
#3319 = EDGE_CURVE('',#3320,#3322,#3324,.T.);
#3320 = VERTEX_POINT('',#3321);
#3321 = CARTESIAN_POINT('',(62.050001784939,56.965721232666,30.));
#3322 = VERTEX_POINT('',#3323);
#3323 = CARTESIAN_POINT('',(58.500171369834,61.803026333884,
    29.999999999916));
#3324 = B_SPLINE_CURVE_WITH_KNOTS('',7,(#3325,#3326,#3327,#3328,#3329,
    #3330,#3331,#3332,#3333,#3334,#3335,#3336,#3337,#3338,#3339,#3340,
    #3341,#3342,#3343,#3344,#3345,#3346,#3347,#3348,#3349,#3350,#3351,
    #3352,#3353,#3354,#3355,#3356),.UNSPECIFIED.,.F.,.F.,(8,6,6,6,6,8),(
    0.,0.258707715782,0.437112939364,0.598660604873,0.775925800869,1.),
  .UNSPECIFIED.);
#3325 = CARTESIAN_POINT('',(62.050001784939,56.965721232666,30.));
#3326 = CARTESIAN_POINT('',(62.050001784939,56.965721232666,
    30.302011076417));
#3327 = CARTESIAN_POINT('',(62.031065860224,56.995806594191,
    30.603676573356));
#3328 = CARTESIAN_POINT('',(61.993268329712,57.05585959184,
    30.902753488357));
#3329 = CARTESIAN_POINT('',(61.935980021398,57.14652364246,
    31.196733075014));
#3330 = CARTESIAN_POINT('',(61.858003228469,57.269002012816,
    31.4823389755));
#3331 = CARTESIAN_POINT('',(61.757645056545,57.424768910156,
    31.754899419328));
#3332 = CARTESIAN_POINT('',(61.546861108582,57.746427237161,
    32.18151095155));
#3333 = CARTESIAN_POINT('',(61.448594135165,57.895138071171,
    32.347372263845));
#3334 = CARTESIAN_POINT('',(61.337731324487,58.061216182919,
    32.501178184691));
#3335 = CARTESIAN_POINT('',(61.214185240731,58.244057432572,
    32.639053499667));
#3336 = CARTESIAN_POINT('',(61.078147913155,58.44254036183,
    32.757054729917));
#3337 = CARTESIAN_POINT('',(60.930168410692,58.655011708378,
    32.851141480903));
#3338 = CARTESIAN_POINT('',(60.627443593064,59.082263952269,
    32.976844680762));
#3339 = CARTESIAN_POINT('',(60.47586057391,59.293233765657,
    33.013024573112));
#3340 = CARTESIAN_POINT('',(60.319429352484,59.507607531953,
    33.022462334815));
#3341 = CARTESIAN_POINT('',(60.161513024159,59.720521877217,
    33.004037020666));
#3342 = CARTESIAN_POINT('',(60.005740249697,59.927243066513,
    32.958661085014));
#3343 = CARTESIAN_POINT('',(59.855693174351,60.123542420814,
    32.8892567184));
#3344 = CARTESIAN_POINT('',(59.559575191452,60.506182562067,
    32.703613867693));
#3345 = CARTESIAN_POINT('',(59.414896162184,60.690233232809,
    32.583214335352));
#3346 = CARTESIAN_POINT('',(59.28150018459,60.857589686295,
    32.443797394124));
#3347 = CARTESIAN_POINT('',(59.160022957311,61.008195816994,
    32.289042736848));
#3348 = CARTESIAN_POINT('',(59.050786559753,61.142295895891,
    32.122188320825));
#3349 = CARTESIAN_POINT('',(58.953860489625,61.260322246891,
    31.946111178681));
#3350 = CARTESIAN_POINT('',(58.761953916892,61.492482219092,
    31.532341571781));
#3351 = CARTESIAN_POINT('',(58.673717791501,61.597996233902,
    31.289518857171));
#3352 = CARTESIAN_POINT('',(58.603889199658,61.680818073999,
    31.038646630844));
#3353 = CARTESIAN_POINT('',(58.551938262582,61.742112695058,
    30.782401165813));
#3354 = CARTESIAN_POINT('',(58.517440012689,61.782706462759,
    30.522796086225));
#3355 = CARTESIAN_POINT('',(58.500171369832,61.803026333887,
    30.261483199192));
#3356 = CARTESIAN_POINT('',(58.500171369834,61.803026333884,
    29.999999999958));
#3357 = ORIENTED_EDGE('',*,*,#3358,.T.);
#3358 = EDGE_CURVE('',#3320,#3359,#3361,.T.);
#3359 = VERTEX_POINT('',#3360);
#3360 = CARTESIAN_POINT('',(62.050001784939,56.965721232666,8.));
#3361 = LINE('',#3362,#3363);
#3362 = CARTESIAN_POINT('',(62.050001784939,56.965721232666,3.));
#3363 = VECTOR('',#3364,1.);
#3364 = DIRECTION('',(-0.,-0.,-1.));
#3365 = ORIENTED_EDGE('',*,*,#3366,.F.);
#3366 = EDGE_CURVE('',#3367,#3359,#3369,.T.);
#3367 = VERTEX_POINT('',#3368);
#3368 = CARTESIAN_POINT('',(58.500171369834,61.803026333884,
    7.999999999916));
#3369 = B_SPLINE_CURVE_WITH_KNOTS('',7,(#3370,#3371,#3372,#3373,#3374,
    #3375,#3376,#3377,#3378,#3379,#3380,#3381,#3382,#3383,#3384,#3385,
    #3386,#3387,#3388,#3389,#3390,#3391,#3392,#3393,#3394,#3395),
  .UNSPECIFIED.,.F.,.F.,(8,6,6,6,8),(0.,0.240537083063,0.455753334578,
    0.688305460285,1.),.UNSPECIFIED.);
#3370 = CARTESIAN_POINT('',(58.500171369834,61.803026333884,
    7.999999999958));
#3371 = CARTESIAN_POINT('',(58.500171369837,61.803026333881,
    7.718095990747));
#3372 = CARTESIAN_POINT('',(58.520242426655,61.779408874955,
    7.436438043296));
#3373 = CARTESIAN_POINT('',(58.560324132113,61.732245160341,
    7.156905097142));
#3374 = CARTESIAN_POINT('',(58.620727406754,61.660946936458,
    6.881553461067));
#3375 = CARTESIAN_POINT('',(58.702036114009,61.564387797058,
    6.61297581139));
#3376 = CARTESIAN_POINT('',(58.804946990385,61.441003238773,
    6.354741394758));
#3377 = CARTESIAN_POINT('',(59.041976671309,61.152923038698,
    5.894885046478));
#3378 = CARTESIAN_POINT('',(59.173196835457,60.992087608583,
    5.687203101359));
#3379 = CARTESIAN_POINT('',(59.323627702758,60.805681649916,
    5.495990519789));
#3380 = CARTESIAN_POINT('',(59.492167206046,60.593918287391,
    5.328287024908));
#3381 = CARTESIAN_POINT('',(59.676781284902,60.357970856045,
    5.191134152971));
#3382 = CARTESIAN_POINT('',(59.874599663568,60.100103861839,
    5.091598945065));
#3383 = CARTESIAN_POINT('',(60.305907594251,59.525883667803,
    4.977867776731));
#3384 = CARTESIAN_POINT('',(60.53200061147,59.218455532576,
    4.973562445956));
#3385 = CARTESIAN_POINT('',(60.752013676124,58.912175204696,
    5.026100129143));
#3386 = CARTESIAN_POINT('',(60.958233065208,58.618090777817,
    5.132279225843));
#3387 = CARTESIAN_POINT('',(61.144587694817,58.346710588732,
    5.283974721455));
#3388 = CARTESIAN_POINT('',(61.307170782249,58.106002378848,
    5.468470062787));
#3389 = CARTESIAN_POINT('',(61.628301053334,57.624527209055,
    5.936749732129));
#3390 = CARTESIAN_POINT('',(61.774808868767,57.39937861738,
    6.244862513344));
#3391 = CARTESIAN_POINT('',(61.887315378437,57.223472094529,
    6.577167240132));
#3392 = CARTESIAN_POINT('',(61.969249152515,57.094023257965,
    6.924231633159));
#3393 = CARTESIAN_POINT('',(62.02301462265,57.008597907116,
    7.279688294075));
#3394 = CARTESIAN_POINT('',(62.050001784939,56.965721232666,
    7.639464623215));
#3395 = CARTESIAN_POINT('',(62.050001784939,56.965721232666,8.));
#3396 = ORIENTED_EDGE('',*,*,#3397,.F.);
#3397 = EDGE_CURVE('',#3322,#3367,#3398,.T.);
#3398 = LINE('',#3399,#3400);
#3399 = CARTESIAN_POINT('',(58.500171369834,61.803026333884,3.));
#3400 = VECTOR('',#3401,1.);
#3401 = DIRECTION('',(-0.,-0.,-1.));
#3402 = CYLINDRICAL_SURFACE('',#3403,42.1);
#3403 = AXIS2_PLACEMENT_3D('',#3404,#3405,#3406);
#3404 = CARTESIAN_POINT('',(26.42,34.54,3.));
#3405 = DIRECTION('',(-0.,-0.,-1.));
#3406 = DIRECTION('',(1.,0.,0.));
#3407 = ADVANCED_FACE('',(#3408,#3481),#3567,.T.);
#3408 = FACE_BOUND('',#3409,.F.);
#3409 = EDGE_LOOP('',(#3410,#3418,#3419,#3427,#3436,#3444,#3473,#3474));
#3410 = ORIENTED_EDGE('',*,*,#3411,.T.);
#3411 = EDGE_CURVE('',#3412,#3015,#3414,.T.);
#3412 = VERTEX_POINT('',#3413);
#3413 = CARTESIAN_POINT('',(57.665317773389,6.324044987987,3.));
#3414 = LINE('',#3415,#3416);
#3415 = CARTESIAN_POINT('',(57.665317773389,6.324044987987,3.));
#3416 = VECTOR('',#3417,1.);
#3417 = DIRECTION('',(0.,1.2E-16,1.));
#3418 = ORIENTED_EDGE('',*,*,#3023,.T.);
#3419 = ORIENTED_EDGE('',*,*,#3420,.F.);
#3420 = EDGE_CURVE('',#3421,#3024,#3423,.T.);
#3421 = VERTEX_POINT('',#3422);
#3422 = CARTESIAN_POINT('',(64.753279009792,17.133974596218,13.5));
#3423 = LINE('',#3424,#3425);
#3424 = CARTESIAN_POINT('',(64.753279009792,17.133974596218,22.5));
#3425 = VECTOR('',#3426,1.);
#3426 = DIRECTION('',(0.,0.,1.));
#3427 = ORIENTED_EDGE('',*,*,#3428,.T.);
#3428 = EDGE_CURVE('',#3421,#3429,#3431,.T.);
#3429 = VERTEX_POINT('',#3430);
#3430 = CARTESIAN_POINT('',(68.426785166206,31.739999999999,13.5));
#3431 = CIRCLE('',#3432,42.099999999996);
#3432 = AXIS2_PLACEMENT_3D('',#3433,#3434,#3435);
#3433 = CARTESIAN_POINT('',(26.42,34.54,13.5));
#3434 = DIRECTION('',(0.,0.,1.));
#3435 = DIRECTION('',(1.,0.,0.));
#3436 = ORIENTED_EDGE('',*,*,#3437,.T.);
#3437 = EDGE_CURVE('',#3429,#3438,#3440,.T.);
#3438 = VERTEX_POINT('',#3439);
#3439 = CARTESIAN_POINT('',(68.426785166209,31.74,8.));
#3440 = LINE('',#3441,#3442);
#3441 = CARTESIAN_POINT('',(68.426785166209,31.74,3.));
#3442 = VECTOR('',#3443,1.);
#3443 = DIRECTION('',(-0.,-0.,-1.));
#3444 = ORIENTED_EDGE('',*,*,#3445,.F.);
#3445 = EDGE_CURVE('',#3271,#3438,#3446,.T.);
#3446 = B_SPLINE_CURVE_WITH_KNOTS('',7,(#3447,#3448,#3449,#3450,#3451,
    #3452,#3453,#3454,#3455,#3456,#3457,#3458,#3459,#3460,#3461,#3462,
    #3463,#3464,#3465,#3466,#3467,#3468,#3469,#3470,#3471,#3472),
  .UNSPECIFIED.,.F.,.F.,(8,6,6,6,8),(0.,0.177381744456,0.303809337916,
    0.474300611509,1.),.UNSPECIFIED.);
#3447 = CARTESIAN_POINT('',(68.52,34.54,5.006674090581));
#3448 = CARTESIAN_POINT('',(68.52,34.402451193086,5.015864456821));
#3449 = CARTESIAN_POINT('',(68.519475817306,34.266026364628,
    5.032386724779));
#3450 = CARTESIAN_POINT('',(68.518442423056,34.131442656744,
    5.056070478342));
#3451 = CARTESIAN_POINT('',(68.516931993988,33.99939509721,
    5.086628603263));
#3452 = CARTESIAN_POINT('',(68.514990714385,33.870542897068,
    5.123659844097));
#3453 = CARTESIAN_POINT('',(68.512675578012,33.745495748221,
    5.166651361131));
#3454 = CARTESIAN_POINT('',(68.508180675959,33.538775159826,
    5.249428103028));
#3455 = CARTESIAN_POINT('',(68.506151301695,33.454890339646,
    5.286615045784));
#3456 = CARTESIAN_POINT('',(68.503983644946,33.373229014913,
    5.326373475587));
#3457 = CARTESIAN_POINT('',(68.501698030284,33.293864431636,
    5.368533451161));
#3458 = CARTESIAN_POINT('',(68.499314529168,33.216859727418,
    5.412923729955));
#3459 = CARTESIAN_POINT('',(68.496852959948,33.142267931457,
    5.459371768144));
#3460 = CARTESIAN_POINT('',(68.490934497616,32.972854522698,
    5.572880759192));
#3461 = CARTESIAN_POINT('',(68.487428915315,32.880029165898,
    5.641492822563));
#3462 = CARTESIAN_POINT('',(68.483859113696,32.791648232169,
    5.713193467772));
#3463 = CARTESIAN_POINT('',(68.480264448217,32.707691221868,
    5.787661200365));
#3464 = CARTESIAN_POINT('',(68.476680515066,32.628125341725,
    5.864599193531));
#3465 = CARTESIAN_POINT('',(68.473139009185,32.552906048881,
    5.943735007239));
#3466 = CARTESIAN_POINT('',(68.458963650267,32.263274056114,
    6.274841858597));
#3467 = CARTESIAN_POINT('',(68.448917730658,32.085195575822,
    6.543594358218));
#3468 = CARTESIAN_POINT('',(68.440313456246,31.945602107787,
    6.824601937603));
#3469 = CARTESIAN_POINT('',(68.433614308126,31.842452378735,
    7.113519386648));
#3470 = CARTESIAN_POINT('',(68.429064265915,31.774192329701,
    7.407270934799));
#3471 = CARTESIAN_POINT('',(68.426785166209,31.74,7.703477920122));
#3472 = CARTESIAN_POINT('',(68.426785166209,31.74,8.));
#3473 = ORIENTED_EDGE('',*,*,#3270,.T.);
#3474 = ORIENTED_EDGE('',*,*,#3475,.F.);
#3475 = EDGE_CURVE('',#3412,#3262,#3476,.T.);
#3476 = CIRCLE('',#3477,42.1);
#3477 = AXIS2_PLACEMENT_3D('',#3478,#3479,#3480);
#3478 = CARTESIAN_POINT('',(26.42,34.54,3.));
#3479 = DIRECTION('',(0.,0.,1.));
#3480 = DIRECTION('',(1.,0.,0.));
#3481 = FACE_BOUND('',#3482,.F.);
#3482 = EDGE_LOOP('',(#3483,#3522,#3530,#3561));
#3483 = ORIENTED_EDGE('',*,*,#3484,.F.);
#3484 = EDGE_CURVE('',#3485,#3487,#3489,.T.);
#3485 = VERTEX_POINT('',#3486);
#3486 = CARTESIAN_POINT('',(58.758404372101,7.583783598835,30.));
#3487 = VERTEX_POINT('',#3488);
#3488 = CARTESIAN_POINT('',(62.261996984506,12.454682430116,
    29.999999999916));
#3489 = B_SPLINE_CURVE_WITH_KNOTS('',7,(#3490,#3491,#3492,#3493,#3494,
    #3495,#3496,#3497,#3498,#3499,#3500,#3501,#3502,#3503,#3504,#3505,
    #3506,#3507,#3508,#3509,#3510,#3511,#3512,#3513,#3514,#3515,#3516,
    #3517,#3518,#3519,#3520,#3521),.UNSPECIFIED.,.F.,.F.,(8,6,6,6,6,8),(
    0.,0.258707716538,0.437112940263,0.598660605546,0.775925801265,1.),
  .UNSPECIFIED.);
#3490 = CARTESIAN_POINT('',(58.758404372101,7.583783598835,30.));
#3491 = CARTESIAN_POINT('',(58.758404372101,7.583783598835,
    30.302011076417));
#3492 = CARTESIAN_POINT('',(58.781165728684,7.61108962142,
    30.603676573356));
#3493 = CARTESIAN_POINT('',(58.826599444147,7.66559460595,
    30.902753488357));
#3494 = CARTESIAN_POINT('',(58.895123019435,7.7480957573,31.196733075014
    ));
#3495 = CARTESIAN_POINT('',(58.987510717486,7.860103992219,31.4823389755
    ));
#3496 = CARTESIAN_POINT('',(59.104641459575,8.003684904029,
    31.754899419328));
#3497 = CARTESIAN_POINT('',(59.345420885224,8.303550240437,
    32.181510951181));
#3498 = CARTESIAN_POINT('',(59.456487129005,8.44296186185,
    32.347372264568));
#3499 = CARTESIAN_POINT('',(59.580178305763,8.599719617865,
    32.501178184391));
#3500 = CARTESIAN_POINT('',(59.715892828339,8.773719979468,
    32.639053499204));
#3501 = CARTESIAN_POINT('',(59.862623466608,8.964433766009,
    32.757054730443));
#3502 = CARTESIAN_POINT('',(60.018967543069,9.170827891521,
    32.851141480758));
#3503 = CARTESIAN_POINT('',(60.33176146082,9.590764506704,
    32.976844680762));
#3504 = CARTESIAN_POINT('',(60.485563947607,9.800121782467,
    33.013024573112));
#3505 = CARTESIAN_POINT('',(60.641105609094,10.01514185189,
    33.022462334815));
#3506 = CARTESIAN_POINT('',(60.794800355429,10.231123356006,
    33.004037020666));
#3507 = CARTESIAN_POINT('',(60.943267454996,10.443152428809,
    32.958661085014));
#3508 = CARTESIAN_POINT('',(61.08359213881,10.646515514032,32.8892567184
    ));
#3509 = CARTESIAN_POINT('',(61.355999049466,11.046382757604,
    32.703613867708));
#3510 = CARTESIAN_POINT('',(61.486333360451,11.240855476277,
    32.583214335363));
#3511 = CARTESIAN_POINT('',(61.604277182044,11.419438578289,
    32.443797394108));
#3512 = CARTESIAN_POINT('',(61.709973596377,11.581510140714,
    32.28904273682));
#3513 = CARTESIAN_POINT('',(61.80375444698,11.726839331726,
    32.122188320821));
#3514 = CARTESIAN_POINT('',(61.886052374315,11.855493650547,
    31.946111178717));
#3515 = CARTESIAN_POINT('',(62.047547236408,12.10974902391,
    31.532341571781));
#3516 = CARTESIAN_POINT('',(62.120630565489,12.226272189657,
    31.289518857171));
#3517 = CARTESIAN_POINT('',(62.177820594633,12.318276483049,
    31.038646630843));
#3518 = CARTESIAN_POINT('',(62.220061520974,12.386625839853,
    30.782401165814));
#3519 = CARTESIAN_POINT('',(62.248007942774,12.4319797893,
    30.522796086224));
#3520 = CARTESIAN_POINT('',(62.261996984508,12.454682430119,
    30.261483199192));
#3521 = CARTESIAN_POINT('',(62.261996984506,12.454682430116,
    29.999999999958));
#3522 = ORIENTED_EDGE('',*,*,#3523,.T.);
#3523 = EDGE_CURVE('',#3485,#3524,#3526,.T.);
#3524 = VERTEX_POINT('',#3525);
#3525 = CARTESIAN_POINT('',(58.758404372101,7.583783598835,8.));
#3526 = LINE('',#3527,#3528);
#3527 = CARTESIAN_POINT('',(58.758404372101,7.583783598835,3.));
#3528 = VECTOR('',#3529,1.);
#3529 = DIRECTION('',(-0.,-0.,-1.));
#3530 = ORIENTED_EDGE('',*,*,#3531,.F.);
#3531 = EDGE_CURVE('',#3532,#3524,#3534,.T.);
#3532 = VERTEX_POINT('',#3533);
#3533 = CARTESIAN_POINT('',(62.261996984506,12.454682430116,
    7.999999999916));
#3534 = B_SPLINE_CURVE_WITH_KNOTS('',7,(#3535,#3536,#3537,#3538,#3539,
    #3540,#3541,#3542,#3543,#3544,#3545,#3546,#3547,#3548,#3549,#3550,
    #3551,#3552,#3553,#3554,#3555,#3556,#3557,#3558,#3559,#3560),
  .UNSPECIFIED.,.F.,.F.,(8,6,6,6,8),(0.,0.240537088103,0.455753338116,
    0.688305462311,1.),.UNSPECIFIED.);
#3535 = CARTESIAN_POINT('',(62.261996984506,12.454682430116,
    7.999999999958));
#3536 = CARTESIAN_POINT('',(62.261996984504,12.454682430112,
    7.718095998686));
#3537 = CARTESIAN_POINT('',(62.245737744978,12.428295526158,
    7.436438024291));
#3538 = CARTESIAN_POINT('',(62.21326830919,12.375601160598,
    7.156905110412));
#3539 = CARTESIAN_POINT('',(62.164125320833,12.296121891213,
    6.881553468521));
#3540 = CARTESIAN_POINT('',(62.097417877587,12.188954273902,
    6.612975795816));
#3541 = CARTESIAN_POINT('',(62.011873410099,12.052952306178,
    6.354741401691));
#3542 = CARTESIAN_POINT('',(61.811139055094,11.738502001181,
    5.894885046343));
#3543 = CARTESIAN_POINT('',(61.698724732001,11.564003327865,
    5.687203101385));
#3544 = CARTESIAN_POINT('',(61.567927824885,11.363332462302,
    5.495990519892));
#3545 = CARTESIAN_POINT('',(61.418610469795,11.137603391654,
    5.328287024945));
#3546 = CARTESIAN_POINT('',(61.251260015396,10.889113202767,
    5.191134152921));
#3547 = CARTESIAN_POINT('',(61.06714317094,10.621291461078,
    5.091598945038));
#3548 = CARTESIAN_POINT('',(60.654308794099,10.033649444739,
    4.977867776731));
#3549 = CARTESIAN_POINT('',(60.431793847429,9.72362168909,4.973562445956
    ));
#3550 = CARTESIAN_POINT('',(60.208491721748,9.419731003922,
    5.026100129143));
#3551 = CARTESIAN_POINT('',(59.992526107022,9.132727624462,
    5.132279225843));
#3552 = CARTESIAN_POINT('',(59.792014957328,8.871632749266,
    5.283974721455));
#3553 = CARTESIAN_POINT('',(59.613328782807,8.642624116984,
    5.468470062787));
#3554 = CARTESIAN_POINT('',(59.254653396314,8.188427070254,
    5.936749732129));
#3555 = CARTESIAN_POINT('',(59.085797765845,7.979515116611,
    6.244862513345));
#3556 = CARTESIAN_POINT('',(58.953267144495,7.818156962482,
    6.577167240131));
#3557 = CARTESIAN_POINT('',(58.855472913556,7.700231422339,6.92423163316
    ));
#3558 = CARTESIAN_POINT('',(58.790843020957,7.622699536454,
    7.279688294075));
#3559 = CARTESIAN_POINT('',(58.758404372101,7.583783598835,
    7.639464623215));
#3560 = CARTESIAN_POINT('',(58.758404372101,7.583783598835,8.));
#3561 = ORIENTED_EDGE('',*,*,#3562,.F.);
#3562 = EDGE_CURVE('',#3487,#3532,#3563,.T.);
#3563 = LINE('',#3564,#3565);
#3564 = CARTESIAN_POINT('',(62.261996984506,12.454682430116,3.));
#3565 = VECTOR('',#3566,1.);
#3566 = DIRECTION('',(-0.,-0.,-1.));
#3567 = CYLINDRICAL_SURFACE('',#3568,42.1);
#3568 = AXIS2_PLACEMENT_3D('',#3569,#3570,#3571);
#3569 = CARTESIAN_POINT('',(26.42,34.54,3.));
#3570 = DIRECTION('',(-0.,-0.,-1.));
#3571 = DIRECTION('',(1.,0.,0.));
#3572 = ADVANCED_FACE('',(#3573,#3584),#3602,.T.);
#3573 = FACE_BOUND('',#3574,.T.);
#3574 = EDGE_LOOP('',(#3575,#3582,#3583));
#3575 = ORIENTED_EDGE('',*,*,#3576,.F.);
#3576 = EDGE_CURVE('',#2934,#2916,#3577,.T.);
#3577 = CIRCLE('',#3578,3.);
#3578 = AXIS2_PLACEMENT_3D('',#3579,#3580,#3581);
#3579 = CARTESIAN_POINT('',(56.42,65.485274275727,35.));
#3580 = DIRECTION('',(0.,-1.2E-16,-1.));
#3581 = DIRECTION('',(1.,0.,0.));
#3582 = ORIENTED_EDGE('',*,*,#2933,.F.);
#3583 = ORIENTED_EDGE('',*,*,#2924,.F.);
#3584 = FACE_BOUND('',#3585,.T.);
#3585 = EDGE_LOOP('',(#3586,#3595));
#3586 = ORIENTED_EDGE('',*,*,#3587,.T.);
#3587 = EDGE_CURVE('',#3588,#2925,#3590,.T.);
#3588 = VERTEX_POINT('',#3589);
#3589 = CARTESIAN_POINT('',(57.42,65.485274275727,35.));
#3590 = CIRCLE('',#3591,1.);
#3591 = AXIS2_PLACEMENT_3D('',#3592,#3593,#3594);
#3592 = CARTESIAN_POINT('',(56.42,65.485274275727,35.));
#3593 = DIRECTION('',(0.,-1.2E-16,-1.));
#3594 = DIRECTION('',(1.,0.,0.));
#3595 = ORIENTED_EDGE('',*,*,#3596,.T.);
#3596 = EDGE_CURVE('',#2925,#3588,#3597,.T.);
#3597 = CIRCLE('',#3598,1.);
#3598 = AXIS2_PLACEMENT_3D('',#3599,#3600,#3601);
#3599 = CARTESIAN_POINT('',(56.42,65.485274275727,35.));
#3600 = DIRECTION('',(0.,-1.2E-16,-1.));
#3601 = DIRECTION('',(1.,0.,0.));
#3602 = PLANE('',#3603);
#3603 = AXIS2_PLACEMENT_3D('',#3604,#3605,#3606);
#3604 = CARTESIAN_POINT('',(26.42,34.54,35.));
#3605 = DIRECTION('',(0.,0.,1.));
#3606 = DIRECTION('',(1.,0.,0.));
#3607 = ADVANCED_FACE('',(#3608,#3619),#3637,.T.);
#3608 = FACE_BOUND('',#3609,.T.);
#3609 = EDGE_LOOP('',(#3610,#3617,#3618));
#3610 = ORIENTED_EDGE('',*,*,#3611,.F.);
#3611 = EDGE_CURVE('',#3015,#2997,#3612,.T.);
#3612 = CIRCLE('',#3613,3.);
#3613 = AXIS2_PLACEMENT_3D('',#3614,#3615,#3616);
#3614 = CARTESIAN_POINT('',(56.42,3.594725724273,35.));
#3615 = DIRECTION('',(0.,-1.2E-16,-1.));
#3616 = DIRECTION('',(1.,0.,0.));
#3617 = ORIENTED_EDGE('',*,*,#3014,.F.);
#3618 = ORIENTED_EDGE('',*,*,#3005,.F.);
#3619 = FACE_BOUND('',#3620,.T.);
#3620 = EDGE_LOOP('',(#3621,#3630));
#3621 = ORIENTED_EDGE('',*,*,#3622,.T.);
#3622 = EDGE_CURVE('',#3623,#3006,#3625,.T.);
#3623 = VERTEX_POINT('',#3624);
#3624 = CARTESIAN_POINT('',(57.42,3.594725724273,35.));
#3625 = CIRCLE('',#3626,1.);
#3626 = AXIS2_PLACEMENT_3D('',#3627,#3628,#3629);
#3627 = CARTESIAN_POINT('',(56.42,3.594725724273,35.));
#3628 = DIRECTION('',(0.,-1.2E-16,-1.));
#3629 = DIRECTION('',(1.,0.,0.));
#3630 = ORIENTED_EDGE('',*,*,#3631,.T.);
#3631 = EDGE_CURVE('',#3006,#3623,#3632,.T.);
#3632 = CIRCLE('',#3633,1.);
#3633 = AXIS2_PLACEMENT_3D('',#3634,#3635,#3636);
#3634 = CARTESIAN_POINT('',(56.42,3.594725724273,35.));
#3635 = DIRECTION('',(0.,-1.2E-16,-1.));
#3636 = DIRECTION('',(1.,0.,0.));
#3637 = PLANE('',#3638);
#3638 = AXIS2_PLACEMENT_3D('',#3639,#3640,#3641);
#3639 = CARTESIAN_POINT('',(26.42,34.54,35.));
#3640 = DIRECTION('',(0.,0.,1.));
#3641 = DIRECTION('',(1.,0.,0.));
#3642 = ADVANCED_FACE('',(#3643,#3669,#3755),#3841,.T.);
#3643 = FACE_BOUND('',#3644,.F.);
#3644 = EDGE_LOOP('',(#3645,#3653,#3654,#3662));
#3645 = ORIENTED_EDGE('',*,*,#3646,.T.);
#3646 = EDGE_CURVE('',#3647,#2934,#3649,.T.);
#3647 = VERTEX_POINT('',#3648);
#3648 = CARTESIAN_POINT('',(53.653372586805,66.645348737372,3.));
#3649 = LINE('',#3650,#3651);
#3650 = CARTESIAN_POINT('',(53.653372586805,66.645348737372,3.));
#3651 = VECTOR('',#3652,1.);
#3652 = DIRECTION('',(0.,1.2E-16,1.));
#3653 = ORIENTED_EDGE('',*,*,#2942,.T.);
#3654 = ORIENTED_EDGE('',*,*,#3655,.F.);
#3655 = EDGE_CURVE('',#3656,#2943,#3658,.T.);
#3656 = VERTEX_POINT('',#3657);
#3657 = CARTESIAN_POINT('',(-0.813372586805,66.645348737372,3.));
#3658 = LINE('',#3659,#3660);
#3659 = CARTESIAN_POINT('',(-0.813372586805,66.645348737372,3.));
#3660 = VECTOR('',#3661,1.);
#3661 = DIRECTION('',(0.,1.2E-16,1.));
#3662 = ORIENTED_EDGE('',*,*,#3663,.F.);
#3663 = EDGE_CURVE('',#3647,#3656,#3664,.T.);
#3664 = CIRCLE('',#3665,42.1);
#3665 = AXIS2_PLACEMENT_3D('',#3666,#3667,#3668);
#3666 = CARTESIAN_POINT('',(26.42,34.54,3.));
#3667 = DIRECTION('',(0.,0.,1.));
#3668 = DIRECTION('',(1.,0.,0.));
#3669 = FACE_BOUND('',#3670,.F.);
#3670 = EDGE_LOOP('',(#3671,#3710,#3718,#3749));
#3671 = ORIENTED_EDGE('',*,*,#3672,.F.);
#3672 = EDGE_CURVE('',#3673,#3675,#3677,.T.);
#3673 = VERTEX_POINT('',#3674);
#3674 = CARTESIAN_POINT('',(42.063768741042,73.625579176683,30.));
#3675 = VERTEX_POINT('',#3676);
#3676 = CARTESIAN_POINT('',(36.348599008738,75.452503244408,
    29.999999999916));
#3677 = B_SPLINE_CURVE_WITH_KNOTS('',7,(#3678,#3679,#3680,#3681,#3682,
    #3683,#3684,#3685,#3686,#3687,#3688,#3689,#3690,#3691,#3692,#3693,
    #3694,#3695,#3696,#3697,#3698,#3699,#3700,#3701,#3702,#3703,#3704,
    #3705,#3706,#3707,#3708,#3709),.UNSPECIFIED.,.F.,.F.,(8,6,6,6,6,8),(
    0.,0.25870771654,0.437112940266,0.598660605549,0.775925801269,1.),
  .UNSPECIFIED.);
#3678 = CARTESIAN_POINT('',(42.063768741042,73.625579176683,30.));
#3679 = CARTESIAN_POINT('',(42.063768741042,73.625579176683,
    30.302011076417));
#3680 = CARTESIAN_POINT('',(42.030765524329,73.638788488153,
    30.603676573356));
#3681 = CARTESIAN_POINT('',(41.964888413425,73.665155552806,
    30.902753488358));
#3682 = CARTESIAN_POINT('',(41.865250206553,73.704831087781,
    31.196733075013));
#3683 = CARTESIAN_POINT('',(41.730174676086,73.758084561938,
    31.4823389755));
#3684 = CARTESIAN_POINT('',(41.557425724424,73.825113575643,
    31.754899419328));
#3685 = CARTESIAN_POINT('',(41.197831907801,73.961444932422,
    32.181510951181));
#3686 = CARTESIAN_POINT('',(41.030922219978,74.023994647081,
    32.347372264568));
#3687 = CARTESIAN_POINT('',(40.843614058969,74.093191136136,
    32.501178184391));
#3688 = CARTESIAN_POINT('',(40.636191787369,74.168494248425,
    32.639053499204));
#3689 = CARTESIAN_POINT('',(40.409469937111,74.249109576988,
    32.757054730443));
#3690 = CARTESIAN_POINT('',(40.164864482522,74.334022337368,
    32.851141480758));
#3691 = CARTESIAN_POINT('',(39.668822391899,74.501739480451,
    32.976844680762));
#3692 = CARTESIAN_POINT('',(39.422184208356,74.583319381625,
    33.013024573112));
#3693 = CARTESIAN_POINT('',(39.169622953464,74.664803436755,
    33.022462334815));
#3694 = CARTESIAN_POINT('',(38.916718048012,74.744233871534,
    33.004037020666));
#3695 = CARTESIAN_POINT('',(38.669187559807,74.819913887235,
    32.958661085014));
#3696 = CARTESIAN_POINT('',(38.432415060403,74.890527942811,
    32.8892567184));
#3697 = CARTESIAN_POINT('',(37.967940347973,75.026036536516,
    32.703613867709));
#3698 = CARTESIAN_POINT('',(37.742710284593,75.089896457264,
    32.583214335363));
#3699 = CARTESIAN_POINT('',(37.53642101647,75.146882483916,
    32.443797394108));
#3700 = CARTESIAN_POINT('',(37.349619812647,75.197322880423,
    32.28904273682));
#3701 = CARTESIAN_POINT('',(37.182423661944,75.241604579691,
    32.122188320821));
#3702 = CARTESIAN_POINT('',(37.034634675531,75.280118188845,
    31.946111178717));
#3703 = CARTESIAN_POINT('',(36.742918789003,75.355139698505,
    31.532341571786));
#3704 = CARTESIAN_POINT('',(36.609514682231,75.388638436406,
    31.289518857182));
#3705 = CARTESIAN_POINT('',(36.504340708561,75.414598496076,
    31.038646630861));
#3706 = CARTESIAN_POINT('',(36.42628344329,75.43365089152,
    30.782401165837));
#3707 = CARTESIAN_POINT('',(36.374513354859,75.446214376939,
    30.522796086254));
#3708 = CARTESIAN_POINT('',(36.348599008738,75.452503244408,
    30.261483199228));
#3709 = CARTESIAN_POINT('',(36.348599008738,75.452503244408,30.));
#3710 = ORIENTED_EDGE('',*,*,#3711,.T.);
#3711 = EDGE_CURVE('',#3673,#3712,#3714,.T.);
#3712 = VERTEX_POINT('',#3713);
#3713 = CARTESIAN_POINT('',(42.063768741042,73.625579176683,8.));
#3714 = LINE('',#3715,#3716);
#3715 = CARTESIAN_POINT('',(42.063768741042,73.625579176683,3.));
#3716 = VECTOR('',#3717,1.);
#3717 = DIRECTION('',(-0.,-0.,-1.));
#3718 = ORIENTED_EDGE('',*,*,#3719,.F.);
#3719 = EDGE_CURVE('',#3720,#3712,#3722,.T.);
#3720 = VERTEX_POINT('',#3721);
#3721 = CARTESIAN_POINT('',(36.348599008738,75.452503244408,
    7.999999999916));
#3722 = B_SPLINE_CURVE_WITH_KNOTS('',7,(#3723,#3724,#3725,#3726,#3727,
    #3728,#3729,#3730,#3731,#3732,#3733,#3734,#3735,#3736,#3737,#3738,
    #3739,#3740,#3741,#3742,#3743,#3744,#3745,#3746,#3747,#3748),
  .UNSPECIFIED.,.F.,.F.,(8,6,6,6,8),(0.,0.240537082822,0.455753334272,
    0.688305460269,1.),.UNSPECIFIED.);
#3723 = CARTESIAN_POINT('',(36.348599008738,75.452503244408,
    7.999999999958));
#3724 = CARTESIAN_POINT('',(36.348599008742,75.452503244407,
    7.718095990747));
#3725 = CARTESIAN_POINT('',(36.378718828856,75.445193789967,
    7.436438043296));
#3726 = CARTESIAN_POINT('',(36.438867745629,75.430596978682,
    7.156905097142));
#3727 = CARTESIAN_POINT('',(36.529643065842,75.408419657915,
    6.881553461067));
#3728 = CARTESIAN_POINT('',(36.652179229916,75.378093732186,
    6.61297581139));
#3729 = CARTESIAN_POINT('',(36.80795950153,75.338763023125,
    6.354741394758));
#3730 = CARTESIAN_POINT('',(37.16904983477,75.245023796293,
    5.894885046326));
#3731 = CARTESIAN_POINT('',(37.369745871349,75.192034477344,
    5.687203101388));
#3732 = CARTESIAN_POINT('',(37.601013672767,75.129649934259,
    5.495990519904));
#3733 = CARTESIAN_POINT('',(37.861836376601,75.05739480966,
    5.328287024949));
#3734 = CARTESIAN_POINT('',(38.14987872442,74.975022760796,
    5.191134152915));
#3735 = CARTESIAN_POINT('',(38.461487570964,74.882678705755,
    5.091598945035));
#3736 = CARTESIAN_POINT('',(39.147941178497,74.671641251064,
    4.977867776671));
#3737 = CARTESIAN_POINT('',(39.511555995059,74.555820806491,
    4.973562446126));
#3738 = CARTESIAN_POINT('',(39.869577363183,74.437355250929,
    5.026100128928));
#3739 = CARTESIAN_POINT('',(40.209270843198,74.320648667219,
    5.132279225802));
#3740 = CARTESIAN_POINT('',(40.519548178381,74.210633985298,
    5.283974721806));
#3741 = CARTESIAN_POINT('',(40.792565394446,74.111460894087,
    5.468470062547));
#3742 = CARTESIAN_POINT('',(41.33536924559,73.91069493666,5.936749732129
    ));
#3743 = CARTESIAN_POINT('',(41.586235579846,73.814661032992,
    6.244862513345));
#3744 = CARTESIAN_POINT('',(41.780650518058,73.738479333756,
    6.577167240131));
#3745 = CARTESIAN_POINT('',(41.923024450761,73.68191248914,
    6.924231633159));
#3746 = CARTESIAN_POINT('',(42.016733391211,73.644404478981,
    7.279688294076));
#3747 = CARTESIAN_POINT('',(42.063768741042,73.625579176683,
    7.639464623215));
#3748 = CARTESIAN_POINT('',(42.063768741042,73.625579176683,8.));
#3749 = ORIENTED_EDGE('',*,*,#3750,.F.);
#3750 = EDGE_CURVE('',#3675,#3720,#3751,.T.);
#3751 = LINE('',#3752,#3753);
#3752 = CARTESIAN_POINT('',(36.348599008738,75.452503244408,3.));
#3753 = VECTOR('',#3754,1.);
#3754 = DIRECTION('',(-0.,-0.,-1.));
#3755 = FACE_BOUND('',#3756,.F.);
#3756 = EDGE_LOOP('',(#3757,#3796,#3804,#3835));
#3757 = ORIENTED_EDGE('',*,*,#3758,.F.);
#3758 = EDGE_CURVE('',#3759,#3761,#3763,.T.);
#3759 = VERTEX_POINT('',#3760);
#3760 = CARTESIAN_POINT('',(16.102147750211,75.356074345183,30.));
#3761 = VERTEX_POINT('',#3762);
#3762 = CARTESIAN_POINT('',(10.404639286973,73.474794480408,
    29.999999999916));
#3763 = B_SPLINE_CURVE_WITH_KNOTS('',7,(#3764,#3765,#3766,#3767,#3768,
    #3769,#3770,#3771,#3772,#3773,#3774,#3775,#3776,#3777,#3778,#3779,
    #3780,#3781,#3782,#3783,#3784,#3785,#3786,#3787,#3788,#3789,#3790,
    #3791,#3792,#3793,#3794,#3795),.UNSPECIFIED.,.F.,.F.,(8,6,6,6,6,8),(
    0.,0.25870771654,0.437112940266,0.598660605549,0.775925801269,1.),
  .UNSPECIFIED.);
#3764 = CARTESIAN_POINT('',(16.102147750211,75.356074345183,30.));
#3765 = CARTESIAN_POINT('',(16.102147750211,75.356074345183,
    30.302011076417));
#3766 = CARTESIAN_POINT('',(16.067683348546,75.347362098584,
    30.603676573357));
#3767 = CARTESIAN_POINT('',(15.998889474535,75.329971907727,
    30.902753488357));
#3768 = CARTESIAN_POINT('',(15.894959777551,75.303504221218,
    31.196733075014));
#3769 = CARTESIAN_POINT('',(15.754379771136,75.267191782067,
    31.482338975499));
#3770 = CARTESIAN_POINT('',(15.575224267749,75.219880107134,
    31.754899419328));
#3771 = CARTESIAN_POINT('',(15.20417319809,75.118810549408,
    32.181510951181));
#3772 = CARTESIAN_POINT('',(15.032374624304,75.071307278593,
    32.347372264568));
#3773 = CARTESIAN_POINT('',(14.840166463085,75.017191439515,
    32.501178184391));
#3774 = CARTESIAN_POINT('',(14.628096261494,74.956193184842,
    32.639053499204));
#3775 = CARTESIAN_POINT('',(14.397289930401,74.888148595703,
    32.757054730443));
#3776 = CARTESIAN_POINT('',(14.149489492438,74.813068983052,
    32.851141480758));
#3777 = CARTESIAN_POINT('',(13.649601347938,74.65718877667,
    32.976844680762));
#3778 = CARTESIAN_POINT('',(13.402115403197,74.57821801618,
    33.013024573112));
#3779 = CARTESIAN_POINT('',(13.149893929967,74.495688220625,
    33.022462334815));
#3780 = CARTESIAN_POINT('',(12.898601525349,74.411295018574,
    33.004037020666));
#3781 = CARTESIAN_POINT('',(12.653861556643,74.327026666951,
    32.958661085014));
#3782 = CARTESIAN_POINT('',(12.420802680352,74.244983254656,
    32.8892567184));
#3783 = CARTESIAN_POINT('',(11.9653847916,74.081600623819,
    32.703613867709));
#3784 = CARTESIAN_POINT('',(11.745633923053,74.000877475335,
    32.583214335363));
#3785 = CARTESIAN_POINT('',(11.545246853332,73.92572634983,
    32.443797394108));
#3786 = CARTESIAN_POINT('',(11.364473383682,73.856734495089,
    32.28904273682));
#3787 = CARTESIAN_POINT('',(11.203180726594,73.794283710713,
    32.122188320821));
#3788 = CARTESIAN_POINT('',(11.06097919353,73.738573688369,
    31.946111178717));
#3789 = CARTESIAN_POINT('',(10.780879546818,73.627801068667,
    31.532341571786));
#3790 = CARTESIAN_POINT('',(10.653263293212,73.576489150363,
    31.289518857183));
#3791 = CARTESIAN_POINT('',(10.552916820923,73.535671569163,
    31.03864663086));
#3792 = CARTESIAN_POINT('',(10.478568449722,73.5052043715,
    30.782401165838));
#3793 = CARTESIAN_POINT('',(10.429300936934,73.484938750223,
    30.522796086254));
#3794 = CARTESIAN_POINT('',(10.404639286973,73.474794480408,
    30.261483199228));
#3795 = CARTESIAN_POINT('',(10.404639286973,73.474794480408,30.));
#3796 = ORIENTED_EDGE('',*,*,#3797,.T.);
#3797 = EDGE_CURVE('',#3759,#3798,#3800,.T.);
#3798 = VERTEX_POINT('',#3799);
#3799 = CARTESIAN_POINT('',(16.102147750211,75.356074345183,8.));
#3800 = LINE('',#3801,#3802);
#3801 = CARTESIAN_POINT('',(16.102147750211,75.356074345183,3.));
#3802 = VECTOR('',#3803,1.);
#3803 = DIRECTION('',(-0.,-0.,-1.));
#3804 = ORIENTED_EDGE('',*,*,#3805,.F.);
#3805 = EDGE_CURVE('',#3806,#3798,#3808,.T.);
#3806 = VERTEX_POINT('',#3807);
#3807 = CARTESIAN_POINT('',(10.404639286973,73.474794480408,
    7.999999999916));
#3808 = B_SPLINE_CURVE_WITH_KNOTS('',7,(#3809,#3810,#3811,#3812,#3813,
    #3814,#3815,#3816,#3817,#3818,#3819,#3820,#3821,#3822,#3823,#3824,
    #3825,#3826,#3827,#3828,#3829,#3830,#3831,#3832,#3833,#3834),
  .UNSPECIFIED.,.F.,.F.,(8,6,6,6,8),(0.,0.240537081055,0.455753330926,
    0.688305455214,1.),.UNSPECIFIED.);
#3809 = CARTESIAN_POINT('',(10.404639286973,73.474794480408,
    7.999999999958));
#3810 = CARTESIAN_POINT('',(10.404639286976,73.47479448041,
    7.718095990747));
#3811 = CARTESIAN_POINT('',(10.433303122838,73.486584993613,
    7.436438043296));
#3812 = CARTESIAN_POINT('',(10.490544409105,73.51013057144,
    7.156905097142));
#3813 = CARTESIAN_POINT('',(10.577018687909,73.545545136543,
    6.881553461067));
#3814 = CARTESIAN_POINT('',(10.693977658976,73.593035897373,
    6.61297581139));
#3815 = CARTESIAN_POINT('',(10.843124556849,73.652782031595,
    6.354741394758));
#3816 = CARTESIAN_POINT('',(11.190351308039,73.789188976673,
    5.894885046324));
#3817 = CARTESIAN_POINT('',(11.383864152541,73.864285887617,
    5.687203101388));
#3818 = CARTESIAN_POINT('',(11.607632448534,73.949751535078,
    5.495990519906));
#3819 = CARTESIAN_POINT('',(11.861112945096,74.044603650124,
    5.32828702495));
#3820 = CARTESIAN_POINT('',(12.142561175106,74.147270306815,
    5.191134152914));
#3821 = CARTESIAN_POINT('',(12.44893650125,74.255721481441,
    5.091598945035));
#3822 = CARTESIAN_POINT('',(13.128333839134,74.488475901033,
    4.977867776673));
#3823 = CARTESIAN_POINT('',(13.490581954388,74.608502619773,
    4.973562446122));
#3824 = CARTESIAN_POINT('',(13.849859632013,74.723101652264,
    5.026100128933));
#3825 = CARTESIAN_POINT('',(14.193275838959,74.828350860536,
    5.132279225802));
#3826 = CARTESIAN_POINT('',(14.508960483662,74.921723554972,
    5.283974721799));
#3827 = CARTESIAN_POINT('',(14.788128531666,75.001966332026,
    5.468470062552));
#3828 = CARTESIAN_POINT('',(15.345273348297,75.158595361276,
    5.936749738442));
#3829 = CARTESIAN_POINT('',(15.604675758002,75.228357824269,
    6.244862486375));
#3830 = CARTESIAN_POINT('',(15.806739280478,75.280999783501,
    6.577167291582));
#3831 = CARTESIAN_POINT('',(15.955171315086,75.318921528025,
    6.924231579548));
#3832 = CARTESIAN_POINT('',(16.053030124604,75.343657651571,
    7.279688324855));
#3833 = CARTESIAN_POINT('',(16.102147750211,75.356074345183,
    7.63946461505));
#3834 = CARTESIAN_POINT('',(16.102147750211,75.356074345183,8.));
#3835 = ORIENTED_EDGE('',*,*,#3836,.F.);
#3836 = EDGE_CURVE('',#3761,#3806,#3837,.T.);
#3837 = LINE('',#3838,#3839);
#3838 = CARTESIAN_POINT('',(10.404639286973,73.474794480408,3.));
#3839 = VECTOR('',#3840,1.);
#3840 = DIRECTION('',(-0.,-0.,-1.));
#3841 = CYLINDRICAL_SURFACE('',#3842,42.1);
#3842 = AXIS2_PLACEMENT_3D('',#3843,#3844,#3845);
#3843 = CARTESIAN_POINT('',(26.42,34.54,3.));
#3844 = DIRECTION('',(-0.,-0.,-1.));
#3845 = DIRECTION('',(1.,0.,0.));
#3846 = ADVANCED_FACE('',(#3847,#3873,#3959),#4045,.T.);
#3847 = FACE_BOUND('',#3848,.F.);
#3848 = EDGE_LOOP('',(#3849,#3850,#3858,#3867));
#3849 = ORIENTED_EDGE('',*,*,#2996,.T.);
#3850 = ORIENTED_EDGE('',*,*,#3851,.F.);
#3851 = EDGE_CURVE('',#3852,#2997,#3854,.T.);
#3852 = VERTEX_POINT('',#3853);
#3853 = CARTESIAN_POINT('',(53.653372586805,2.434651262628,3.));
#3854 = LINE('',#3855,#3856);
#3855 = CARTESIAN_POINT('',(53.653372586805,2.434651262628,3.));
#3856 = VECTOR('',#3857,1.);
#3857 = DIRECTION('',(0.,1.2E-16,1.));
#3858 = ORIENTED_EDGE('',*,*,#3859,.F.);
#3859 = EDGE_CURVE('',#3860,#3852,#3862,.T.);
#3860 = VERTEX_POINT('',#3861);
#3861 = CARTESIAN_POINT('',(-0.813372586805,2.434651262628,3.));
#3862 = CIRCLE('',#3863,42.1);
#3863 = AXIS2_PLACEMENT_3D('',#3864,#3865,#3866);
#3864 = CARTESIAN_POINT('',(26.42,34.54,3.));
#3865 = DIRECTION('',(0.,0.,1.));
#3866 = DIRECTION('',(1.,0.,0.));
#3867 = ORIENTED_EDGE('',*,*,#3868,.T.);
#3868 = EDGE_CURVE('',#3860,#2988,#3869,.T.);
#3869 = LINE('',#3870,#3871);
#3870 = CARTESIAN_POINT('',(-0.813372586805,2.434651262628,3.));
#3871 = VECTOR('',#3872,1.);
#3872 = DIRECTION('',(0.,1.2E-16,1.));
#3873 = FACE_BOUND('',#3874,.F.);
#3874 = EDGE_LOOP('',(#3875,#3914,#3922,#3953));
#3875 = ORIENTED_EDGE('',*,*,#3876,.F.);
#3876 = EDGE_CURVE('',#3877,#3879,#3881,.T.);
#3877 = VERTEX_POINT('',#3878);
#3878 = CARTESIAN_POINT('',(10.776231258958,-4.545579176683,30.));
#3879 = VERTEX_POINT('',#3880);
#3880 = CARTESIAN_POINT('',(16.491400991262,-6.372503244408,
    29.999999999916));
#3881 = B_SPLINE_CURVE_WITH_KNOTS('',7,(#3882,#3883,#3884,#3885,#3886,
    #3887,#3888,#3889,#3890,#3891,#3892,#3893,#3894,#3895,#3896,#3897,
    #3898,#3899,#3900,#3901,#3902,#3903,#3904,#3905,#3906,#3907,#3908,
    #3909,#3910,#3911,#3912,#3913),.UNSPECIFIED.,.F.,.F.,(8,6,6,6,6,8),(
    0.,0.258707716538,0.437112940263,0.598660605546,0.775925801264,1.),
  .UNSPECIFIED.);
#3882 = CARTESIAN_POINT('',(10.776231258958,-4.545579176683,30.));
#3883 = CARTESIAN_POINT('',(10.776231258958,-4.545579176683,
    30.302011076417));
#3884 = CARTESIAN_POINT('',(10.809234475671,-4.558788488153,
    30.603676573356));
#3885 = CARTESIAN_POINT('',(10.875111586575,-4.585155552806,
    30.902753488357));
#3886 = CARTESIAN_POINT('',(10.974749793447,-4.624831087781,
    31.196733075014));
#3887 = CARTESIAN_POINT('',(11.109825323914,-4.678084561938,
    31.4823389755));
#3888 = CARTESIAN_POINT('',(11.282574275576,-4.745113575643,
    31.754899419328));
#3889 = CARTESIAN_POINT('',(11.642168092199,-4.881444932422,
    32.181510951181));
#3890 = CARTESIAN_POINT('',(11.809077780021,-4.943994647081,
    32.347372264568));
#3891 = CARTESIAN_POINT('',(11.996385941032,-5.013191136136,
    32.501178184391));
#3892 = CARTESIAN_POINT('',(12.203808212631,-5.088494248425,
    32.639053499204));
#3893 = CARTESIAN_POINT('',(12.430530062889,-5.169109576988,
    32.757054730443));
#3894 = CARTESIAN_POINT('',(12.675135517479,-5.254022337368,
    32.851141480758));
#3895 = CARTESIAN_POINT('',(13.171177608101,-5.421739480451,
    32.976844680762));
#3896 = CARTESIAN_POINT('',(13.417815791644,-5.503319381625,
    33.013024573112));
#3897 = CARTESIAN_POINT('',(13.670377046536,-5.584803436755,
    33.022462334815));
#3898 = CARTESIAN_POINT('',(13.923281951988,-5.664233871534,
    33.004037020666));
#3899 = CARTESIAN_POINT('',(14.170812440193,-5.739913887235,
    32.958661085014));
#3900 = CARTESIAN_POINT('',(14.407584939597,-5.810527942811,
    32.8892567184));
#3901 = CARTESIAN_POINT('',(14.872059652027,-5.946036536516,
    32.703613867709));
#3902 = CARTESIAN_POINT('',(15.097289715407,-6.009896457264,
    32.583214335363));
#3903 = CARTESIAN_POINT('',(15.30357898353,-6.066882483916,
    32.443797394108));
#3904 = CARTESIAN_POINT('',(15.490380187353,-6.117322880423,
    32.28904273682));
#3905 = CARTESIAN_POINT('',(15.657576338056,-6.161604579691,
    32.122188320821));
#3906 = CARTESIAN_POINT('',(15.805365324469,-6.200118188845,
    31.946111178717));
#3907 = CARTESIAN_POINT('',(16.097081211001,-6.275139698506,
    31.532341571781));
#3908 = CARTESIAN_POINT('',(16.230485317775,-6.308638436407,
    31.289518857172));
#3909 = CARTESIAN_POINT('',(16.335659291447,-6.334598496078,
    31.038646630842));
#3910 = CARTESIAN_POINT('',(16.413716556717,-6.353650891522,
    30.782401165815));
#3911 = CARTESIAN_POINT('',(16.465486645147,-6.366214376941,
    30.522796086223));
#3912 = CARTESIAN_POINT('',(16.491400991265,-6.372503244409,
    30.261483199193));
#3913 = CARTESIAN_POINT('',(16.491400991262,-6.372503244408,
    29.999999999958));
#3914 = ORIENTED_EDGE('',*,*,#3915,.T.);
#3915 = EDGE_CURVE('',#3877,#3916,#3918,.T.);
#3916 = VERTEX_POINT('',#3917);
#3917 = CARTESIAN_POINT('',(10.776231258958,-4.545579176683,8.));
#3918 = LINE('',#3919,#3920);
#3919 = CARTESIAN_POINT('',(10.776231258958,-4.545579176683,3.));
#3920 = VECTOR('',#3921,1.);
#3921 = DIRECTION('',(-0.,-0.,-1.));
#3922 = ORIENTED_EDGE('',*,*,#3923,.F.);
#3923 = EDGE_CURVE('',#3924,#3916,#3926,.T.);
#3924 = VERTEX_POINT('',#3925);
#3925 = CARTESIAN_POINT('',(16.491400991262,-6.372503244408,
    7.999999999916));
#3926 = B_SPLINE_CURVE_WITH_KNOTS('',7,(#3927,#3928,#3929,#3930,#3931,
    #3932,#3933,#3934,#3935,#3936,#3937,#3938,#3939,#3940,#3941,#3942,
    #3943,#3944,#3945,#3946,#3947,#3948,#3949,#3950,#3951,#3952),
  .UNSPECIFIED.,.F.,.F.,(8,6,6,6,8),(0.,0.240537081257,0.455753331157,
    0.688305455346,1.),.UNSPECIFIED.);
#3927 = CARTESIAN_POINT('',(16.491400991262,-6.372503244408,
    7.999999999958));
#3928 = CARTESIAN_POINT('',(16.491400991258,-6.372503244407,
    7.718095990747));
#3929 = CARTESIAN_POINT('',(16.461281171144,-6.365193789967,
    7.436438043296));
#3930 = CARTESIAN_POINT('',(16.401132254371,-6.350596978682,
    7.156905097142));
#3931 = CARTESIAN_POINT('',(16.310356934158,-6.328419657915,
    6.881553461067));
#3932 = CARTESIAN_POINT('',(16.187820770084,-6.298093732186,
    6.61297581139));
#3933 = CARTESIAN_POINT('',(16.03204049847,-6.258763023125,
    6.354741394758));
#3934 = CARTESIAN_POINT('',(15.670950165349,-6.165023796324,
    5.894885046478));
#3935 = CARTESIAN_POINT('',(15.470254128681,-6.112034477353,
    5.68720310136));
#3936 = CARTESIAN_POINT('',(15.238986327112,-6.049649934228,
    5.495990519788));
#3937 = CARTESIAN_POINT('',(14.978163623261,-5.97739480962,
    5.328287024908));
#3938 = CARTESIAN_POINT('',(14.690121275603,-5.895022760799,
    5.191134152971));
#3939 = CARTESIAN_POINT('',(14.378512429216,-5.802678705811,
    5.091598945065));
#3940 = CARTESIAN_POINT('',(13.692058821512,-5.591641251067,
    4.977867776673));
#3941 = CARTESIAN_POINT('',(13.328444004932,-5.475820806488,
    4.973562446121));
#3942 = CARTESIAN_POINT('',(12.97042263681,-5.357355250927,
    5.026100128933));
#3943 = CARTESIAN_POINT('',(12.63072915681,-5.240648667222,
    5.132279225802));
#3944 = CARTESIAN_POINT('',(12.320451821626,-5.1306339853,5.283974721797
    ));
#3945 = CARTESIAN_POINT('',(12.047434605547,-5.031460894084,
    5.468470062553));
#3946 = CARTESIAN_POINT('',(11.504630747092,-4.830694933953,
    5.936749738442));
#3947 = CARTESIAN_POINT('',(11.253764442347,-4.73466104125,
    6.244862486375));
#3948 = CARTESIAN_POINT('',(11.059349451433,-4.658479322348,
    6.577167291582));
#3949 = CARTESIAN_POINT('',(10.916975570753,-4.601912497214,
    6.924231579548));
#3950 = CARTESIAN_POINT('',(10.823266602184,-4.564404476496,
    7.279688324855));
#3951 = CARTESIAN_POINT('',(10.776231258958,-4.545579176683,
    7.63946461505));
#3952 = CARTESIAN_POINT('',(10.776231258958,-4.545579176683,8.));
#3953 = ORIENTED_EDGE('',*,*,#3954,.F.);
#3954 = EDGE_CURVE('',#3879,#3924,#3955,.T.);
#3955 = LINE('',#3956,#3957);
#3956 = CARTESIAN_POINT('',(16.491400991262,-6.372503244408,3.));
#3957 = VECTOR('',#3958,1.);
#3958 = DIRECTION('',(-0.,-0.,-1.));
#3959 = FACE_BOUND('',#3960,.F.);
#3960 = EDGE_LOOP('',(#3961,#4000,#4008,#4039));
#3961 = ORIENTED_EDGE('',*,*,#3962,.F.);
#3962 = EDGE_CURVE('',#3963,#3965,#3967,.T.);
#3963 = VERTEX_POINT('',#3964);
#3964 = CARTESIAN_POINT('',(36.737852249789,-6.276074345183,30.));
#3965 = VERTEX_POINT('',#3966);
#3966 = CARTESIAN_POINT('',(42.435360713027,-4.394794480408,
    29.999999999916));
#3967 = B_SPLINE_CURVE_WITH_KNOTS('',7,(#3968,#3969,#3970,#3971,#3972,
    #3973,#3974,#3975,#3976,#3977,#3978,#3979,#3980,#3981,#3982,#3983,
    #3984,#3985,#3986,#3987,#3988,#3989,#3990,#3991,#3992,#3993,#3994,
    #3995,#3996,#3997,#3998,#3999),.UNSPECIFIED.,.F.,.F.,(8,6,6,6,6,8),(
    0.,0.258707715776,0.437112939353,0.598660604858,0.775925800856,1.),
  .UNSPECIFIED.);
#3968 = CARTESIAN_POINT('',(36.737852249789,-6.276074345183,30.));
#3969 = CARTESIAN_POINT('',(36.737852249789,-6.276074345183,
    30.302011076417));
#3970 = CARTESIAN_POINT('',(36.772316651454,-6.267362098584,
    30.603676573356));
#3971 = CARTESIAN_POINT('',(36.841110525465,-6.249971907727,
    30.902753488357));
#3972 = CARTESIAN_POINT('',(36.945040222449,-6.223504221218,
    31.196733075013));
#3973 = CARTESIAN_POINT('',(37.085620228864,-6.187191782067,
    31.4823389755));
#3974 = CARTESIAN_POINT('',(37.264775732251,-6.139880107134,
    31.754899419328));
#3975 = CARTESIAN_POINT('',(37.635826802231,-6.03881054932,
    32.18151095155));
#3976 = CARTESIAN_POINT('',(37.807625374732,-5.991307278872,
    32.347372263845));
#3977 = CARTESIAN_POINT('',(37.999833537667,-5.937191439286,
    32.501178184691));
#3978 = CARTESIAN_POINT('',(38.211903739066,-5.876193184683,
    32.639053499667));
#3979 = CARTESIAN_POINT('',(38.442710068401,-5.808148596066,
    32.757054729917));
#3980 = CARTESIAN_POINT('',(38.690510508142,-5.733068982871,
    32.851141480903));
#3981 = CARTESIAN_POINT('',(39.190398652062,-5.57718877667,
    32.976844680762));
#3982 = CARTESIAN_POINT('',(39.437884596803,-5.49821801618,
    33.013024573112));
#3983 = CARTESIAN_POINT('',(39.690106070033,-5.415688220625,
    33.022462334815));
#3984 = CARTESIAN_POINT('',(39.941398474651,-5.331295018574,
    33.004037020666));
#3985 = CARTESIAN_POINT('',(40.186138443357,-5.247026666951,
    32.958661085014));
#3986 = CARTESIAN_POINT('',(40.419197319648,-5.164983254656,
    32.8892567184));
#3987 = CARTESIAN_POINT('',(40.874615208447,-5.001600623802,
    32.703613867689));
#3988 = CARTESIAN_POINT('',(41.094366076951,-4.920877475333,
    32.583214335349));
#3989 = CARTESIAN_POINT('',(41.294753146633,-4.845726349843,
    32.443797394127));
#3990 = CARTESIAN_POINT('',(41.475526616288,-4.7767344951,
    32.289042736855));
#3991 = CARTESIAN_POINT('',(41.636819273414,-4.71428371071,
    32.122188320826));
#3992 = CARTESIAN_POINT('',(41.7790208065,-4.658573688357,
    31.946111178672));
#3993 = CARTESIAN_POINT('',(42.059120453186,-4.547801068666,
    31.532341571781));
#3994 = CARTESIAN_POINT('',(42.186736706794,-4.496489150361,
    31.289518857172));
#3995 = CARTESIAN_POINT('',(42.287083179085,-4.45567156916,
    31.038646630842));
#3996 = CARTESIAN_POINT('',(42.361431550285,-4.425204371498,
    30.782401165815));
#3997 = CARTESIAN_POINT('',(42.410699063072,-4.404938750221,
    30.522796086223));
#3998 = CARTESIAN_POINT('',(42.435360713031,-4.394794480407,
    30.261483199193));
#3999 = CARTESIAN_POINT('',(42.435360713027,-4.394794480408,
    29.999999999958));
#4000 = ORIENTED_EDGE('',*,*,#4001,.T.);
#4001 = EDGE_CURVE('',#3963,#4002,#4004,.T.);
#4002 = VERTEX_POINT('',#4003);
#4003 = CARTESIAN_POINT('',(36.737852249789,-6.276074345183,8.));
#4004 = LINE('',#4005,#4006);
#4005 = CARTESIAN_POINT('',(36.737852249789,-6.276074345183,3.));
#4006 = VECTOR('',#4007,1.);
#4007 = DIRECTION('',(-0.,-0.,-1.));
#4008 = ORIENTED_EDGE('',*,*,#4009,.F.);
#4009 = EDGE_CURVE('',#4010,#4002,#4012,.T.);
#4010 = VERTEX_POINT('',#4011);
#4011 = CARTESIAN_POINT('',(42.435360713027,-4.394794480408,
    7.999999999916));
#4012 = B_SPLINE_CURVE_WITH_KNOTS('',7,(#4013,#4014,#4015,#4016,#4017,
    #4018,#4019,#4020,#4021,#4022,#4023,#4024,#4025,#4026,#4027,#4028,
    #4029,#4030,#4031,#4032,#4033,#4034,#4035,#4036,#4037,#4038),
  .UNSPECIFIED.,.F.,.F.,(8,6,6,6,8),(0.,0.240537081297,0.455753331234,
    0.688305455234,1.),.UNSPECIFIED.);
#4013 = CARTESIAN_POINT('',(42.435360713027,-4.394794480408,
    7.999999999958));
#4014 = CARTESIAN_POINT('',(42.435360713024,-4.39479448041,
    7.718095990747));
#4015 = CARTESIAN_POINT('',(42.406696877162,-4.406584993613,
    7.436438043296));
#4016 = CARTESIAN_POINT('',(42.349455590895,-4.43013057144,
    7.156905097142));
#4017 = CARTESIAN_POINT('',(42.262981312091,-4.465545136543,
    6.881553461067));
#4018 = CARTESIAN_POINT('',(42.146022341025,-4.513035897373,
    6.61297581139));
#4019 = CARTESIAN_POINT('',(41.996875443151,-4.572782031595,
    6.354741394758));
#4020 = CARTESIAN_POINT('',(41.649648692078,-4.709188976627,
    5.894885046478));
#4021 = CARTESIAN_POINT('',(41.456135847489,-4.784285887607,
    5.68720310136));
#4022 = CARTESIAN_POINT('',(41.232367551349,-4.869751535124,
    5.495990519789));
#4023 = CARTESIAN_POINT('',(40.978887054765,-4.964603650173,
    5.328287024907));
#4024 = CARTESIAN_POINT('',(40.697438824915,-5.067270306804,
    5.191134152971));
#4025 = CARTESIAN_POINT('',(40.39106349893,-5.175721481379,
    5.091598945065));
#4026 = CARTESIAN_POINT('',(39.711666161215,-5.408475900914,
    4.977867776731));
#4027 = CARTESIAN_POINT('',(39.349418045283,-5.528502619895,
    4.973562445956));
#4028 = CARTESIAN_POINT('',(38.990140367678,-5.643101652347,
    5.026100129143));
#4029 = CARTESIAN_POINT('',(38.646724161358,-5.748350860435,
    5.132279225843));
#4030 = CARTESIAN_POINT('',(38.331039516605,-5.841723554902,
    5.283974721455));
#4031 = CARTESIAN_POINT('',(38.051871468054,-5.921966332105,
    5.468470062787));
#4032 = CARTESIAN_POINT('',(37.494726651703,-6.078595361276,
    5.936749738442));
#4033 = CARTESIAN_POINT('',(37.235324241998,-6.148357824269,
    6.244862486375));
#4034 = CARTESIAN_POINT('',(37.033260719522,-6.2009997835,6.577167291582
    ));
#4035 = CARTESIAN_POINT('',(36.884828684914,-6.238921528025,
    6.924231579548));
#4036 = CARTESIAN_POINT('',(36.786969875396,-6.263657651571,
    7.279688324855));
#4037 = CARTESIAN_POINT('',(36.737852249789,-6.276074345183,
    7.63946461505));
#4038 = CARTESIAN_POINT('',(36.737852249789,-6.276074345183,8.));
#4039 = ORIENTED_EDGE('',*,*,#4040,.F.);
#4040 = EDGE_CURVE('',#3965,#4010,#4041,.T.);
#4041 = LINE('',#4042,#4043);
#4042 = CARTESIAN_POINT('',(42.435360713027,-4.394794480408,3.));
#4043 = VECTOR('',#4044,1.);
#4044 = DIRECTION('',(-0.,-0.,-1.));
#4045 = CYLINDRICAL_SURFACE('',#4046,42.1);
#4046 = AXIS2_PLACEMENT_3D('',#4047,#4048,#4049);
#4047 = CARTESIAN_POINT('',(26.42,34.54,3.));
#4048 = DIRECTION('',(-0.,-0.,-1.));
#4049 = DIRECTION('',(1.,0.,0.));
#4050 = ADVANCED_FACE('',(#4051,#4062),#4080,.T.);
#4051 = FACE_BOUND('',#4052,.T.);
#4052 = EDGE_LOOP('',(#4053,#4060,#4061));
#4053 = ORIENTED_EDGE('',*,*,#4054,.F.);
#4054 = EDGE_CURVE('',#2961,#2943,#4055,.T.);
#4055 = CIRCLE('',#4056,3.);
#4056 = AXIS2_PLACEMENT_3D('',#4057,#4058,#4059);
#4057 = CARTESIAN_POINT('',(-3.58,65.485274275727,35.));
#4058 = DIRECTION('',(0.,-1.2E-16,-1.));
#4059 = DIRECTION('',(1.,0.,0.));
#4060 = ORIENTED_EDGE('',*,*,#2960,.F.);
#4061 = ORIENTED_EDGE('',*,*,#2951,.F.);
#4062 = FACE_BOUND('',#4063,.T.);
#4063 = EDGE_LOOP('',(#4064,#4073));
#4064 = ORIENTED_EDGE('',*,*,#4065,.T.);
#4065 = EDGE_CURVE('',#4066,#2952,#4068,.T.);
#4066 = VERTEX_POINT('',#4067);
#4067 = CARTESIAN_POINT('',(-2.58,65.485274275727,35.));
#4068 = CIRCLE('',#4069,1.);
#4069 = AXIS2_PLACEMENT_3D('',#4070,#4071,#4072);
#4070 = CARTESIAN_POINT('',(-3.58,65.485274275727,35.));
#4071 = DIRECTION('',(0.,-1.2E-16,-1.));
#4072 = DIRECTION('',(1.,0.,0.));
#4073 = ORIENTED_EDGE('',*,*,#4074,.T.);
#4074 = EDGE_CURVE('',#2952,#4066,#4075,.T.);
#4075 = CIRCLE('',#4076,1.);
#4076 = AXIS2_PLACEMENT_3D('',#4077,#4078,#4079);
#4077 = CARTESIAN_POINT('',(-3.58,65.485274275727,35.));
#4078 = DIRECTION('',(0.,-1.2E-16,-1.));
#4079 = DIRECTION('',(1.,0.,0.));
#4080 = PLANE('',#4081);
#4081 = AXIS2_PLACEMENT_3D('',#4082,#4083,#4084);
#4082 = CARTESIAN_POINT('',(26.42,34.54,35.));
#4083 = DIRECTION('',(0.,0.,1.));
#4084 = DIRECTION('',(1.,0.,0.));
#4085 = ADVANCED_FACE('',(#4086,#4097),#4115,.T.);
#4086 = FACE_BOUND('',#4087,.T.);
#4087 = EDGE_LOOP('',(#4088,#4095,#4096));
#4088 = ORIENTED_EDGE('',*,*,#4089,.F.);
#4089 = EDGE_CURVE('',#2988,#2970,#4090,.T.);
#4090 = CIRCLE('',#4091,3.);
#4091 = AXIS2_PLACEMENT_3D('',#4092,#4093,#4094);
#4092 = CARTESIAN_POINT('',(-3.58,3.594725724273,35.));
#4093 = DIRECTION('',(0.,-1.2E-16,-1.));
#4094 = DIRECTION('',(1.,0.,0.));
#4095 = ORIENTED_EDGE('',*,*,#2987,.F.);
#4096 = ORIENTED_EDGE('',*,*,#2978,.F.);
#4097 = FACE_BOUND('',#4098,.T.);
#4098 = EDGE_LOOP('',(#4099,#4108));
#4099 = ORIENTED_EDGE('',*,*,#4100,.T.);
#4100 = EDGE_CURVE('',#4101,#2979,#4103,.T.);
#4101 = VERTEX_POINT('',#4102);
#4102 = CARTESIAN_POINT('',(-2.58,3.594725724273,35.));
#4103 = CIRCLE('',#4104,1.);
#4104 = AXIS2_PLACEMENT_3D('',#4105,#4106,#4107);
#4105 = CARTESIAN_POINT('',(-3.58,3.594725724273,35.));
#4106 = DIRECTION('',(0.,-1.2E-16,-1.));
#4107 = DIRECTION('',(1.,0.,0.));
#4108 = ORIENTED_EDGE('',*,*,#4109,.T.);
#4109 = EDGE_CURVE('',#2979,#4101,#4110,.T.);
#4110 = CIRCLE('',#4111,1.);
#4111 = AXIS2_PLACEMENT_3D('',#4112,#4113,#4114);
#4112 = CARTESIAN_POINT('',(-3.58,3.594725724273,35.));
#4113 = DIRECTION('',(0.,-1.2E-16,-1.));
#4114 = DIRECTION('',(1.,0.,0.));
#4115 = PLANE('',#4116);
#4116 = AXIS2_PLACEMENT_3D('',#4117,#4118,#4119);
#4117 = CARTESIAN_POINT('',(26.42,34.54,35.));
#4118 = DIRECTION('',(0.,0.,1.));
#4119 = DIRECTION('',(1.,0.,0.));
#4120 = ADVANCED_FACE('',(#4121,#4147,#4233,#4337),#4423,.T.);
#4121 = FACE_BOUND('',#4122,.F.);
#4122 = EDGE_LOOP('',(#4123,#4131,#4132,#4140));
#4123 = ORIENTED_EDGE('',*,*,#4124,.T.);
#4124 = EDGE_CURVE('',#4125,#2961,#4127,.T.);
#4125 = VERTEX_POINT('',#4126);
#4126 = CARTESIAN_POINT('',(-4.825317773389,62.755955012013,3.));
#4127 = LINE('',#4128,#4129);
#4128 = CARTESIAN_POINT('',(-4.825317773389,62.755955012013,3.));
#4129 = VECTOR('',#4130,1.);
#4130 = DIRECTION('',(0.,1.2E-16,1.));
#4131 = ORIENTED_EDGE('',*,*,#2969,.T.);
#4132 = ORIENTED_EDGE('',*,*,#4133,.F.);
#4133 = EDGE_CURVE('',#4134,#2970,#4136,.T.);
#4134 = VERTEX_POINT('',#4135);
#4135 = CARTESIAN_POINT('',(-4.825317773389,6.324044987987,3.));
#4136 = LINE('',#4137,#4138);
#4137 = CARTESIAN_POINT('',(-4.825317773389,6.324044987987,3.));
#4138 = VECTOR('',#4139,1.);
#4139 = DIRECTION('',(0.,1.2E-16,1.));
#4140 = ORIENTED_EDGE('',*,*,#4141,.F.);
#4141 = EDGE_CURVE('',#4125,#4134,#4142,.T.);
#4142 = CIRCLE('',#4143,42.1);
#4143 = AXIS2_PLACEMENT_3D('',#4144,#4145,#4146);
#4144 = CARTESIAN_POINT('',(26.42,34.54,3.));
#4145 = DIRECTION('',(0.,0.,1.));
#4146 = DIRECTION('',(1.,0.,0.));
#4147 = FACE_BOUND('',#4148,.F.);
#4148 = EDGE_LOOP('',(#4149,#4188,#4196,#4227));
#4149 = ORIENTED_EDGE('',*,*,#4150,.F.);
#4150 = EDGE_CURVE('',#4151,#4153,#4155,.T.);
#4151 = VERTEX_POINT('',#4152);
#4152 = CARTESIAN_POINT('',(-5.918404372101,61.496216401165,30.));
#4153 = VERTEX_POINT('',#4154);
#4154 = CARTESIAN_POINT('',(-9.421996984506,56.625317569884,
    29.999999999916));
#4155 = B_SPLINE_CURVE_WITH_KNOTS('',7,(#4156,#4157,#4158,#4159,#4160,
    #4161,#4162,#4163,#4164,#4165,#4166,#4167,#4168,#4169,#4170,#4171,
    #4172,#4173,#4174,#4175,#4176,#4177,#4178,#4179,#4180,#4181,#4182,
    #4183,#4184,#4185,#4186,#4187),.UNSPECIFIED.,.F.,.F.,(8,6,6,6,6,8),(
    0.,0.258707711571,0.437112934449,0.598660601402,0.775925798953,1.),
  .UNSPECIFIED.);
#4156 = CARTESIAN_POINT('',(-5.918404372101,61.496216401165,30.));
#4157 = CARTESIAN_POINT('',(-5.918404372101,61.496216401165,
    30.302011076417));
#4158 = CARTESIAN_POINT('',(-5.941165728684,61.468910378579,
    30.603676573357));
#4159 = CARTESIAN_POINT('',(-5.986599444147,61.41440539405,
    30.902753488356));
#4160 = CARTESIAN_POINT('',(-6.055123019435,61.3319042427,
    31.196733075014));
#4161 = CARTESIAN_POINT('',(-6.147510717486,61.219896007782,
    31.482338975499));
#4162 = CARTESIAN_POINT('',(-6.264641459575,61.076315095971,
    31.754899419328));
#4163 = CARTESIAN_POINT('',(-6.505420886645,60.776449757793,
    32.181510953698));
#4164 = CARTESIAN_POINT('',(-6.616487124799,60.637038143555,
    32.347372259633));
#4165 = CARTESIAN_POINT('',(-6.740178308997,60.480280377856,
    32.501178186435));
#4166 = CARTESIAN_POINT('',(-6.87589283079,60.306280017405,
    32.639053502361));
#4167 = CARTESIAN_POINT('',(-7.022623461449,60.115566240798,
    32.757054726855));
#4168 = CARTESIAN_POINT('',(-7.178967545545,59.909172105155,
    32.851141481753));
#4169 = CARTESIAN_POINT('',(-7.49176146082,59.489235493296,
    32.976844680762));
#4170 = CARTESIAN_POINT('',(-7.645563947607,59.279878217533,
    33.013024573112));
#4171 = CARTESIAN_POINT('',(-7.801105609094,59.06485814811,
    33.022462334815));
#4172 = CARTESIAN_POINT('',(-7.954800355429,58.848876643994,
    33.004037020666));
#4173 = CARTESIAN_POINT('',(-8.103267454996,58.636847571191,
    32.958661085014));
#4174 = CARTESIAN_POINT('',(-8.24359213881,58.433484485968,32.8892567184
    ));
#4175 = CARTESIAN_POINT('',(-8.515999049466,58.033617242396,
    32.703613867709));
#4176 = CARTESIAN_POINT('',(-8.646333360452,57.839144523723,
    32.583214335363));
#4177 = CARTESIAN_POINT('',(-8.764277182044,57.660561421711,
    32.443797394108));
#4178 = CARTESIAN_POINT('',(-8.869973596377,57.498489859286,
    32.28904273682));
#4179 = CARTESIAN_POINT('',(-8.96375444698,57.353160668274,
    32.122188320821));
#4180 = CARTESIAN_POINT('',(-9.046052374315,57.224506349453,
    31.946111178717));
#4181 = CARTESIAN_POINT('',(-9.207547236406,56.970250976093,
    31.532341571786));
#4182 = CARTESIAN_POINT('',(-9.280630565486,56.853727810348,
    31.289518857183));
#4183 = CARTESIAN_POINT('',(-9.337820594629,56.761723516957,
    31.03864663086));
#4184 = CARTESIAN_POINT('',(-9.38006152097,56.693374160153,
    30.782401165838));
#4185 = CARTESIAN_POINT('',(-9.408007942771,56.648020210705,
    30.522796086253));
#4186 = CARTESIAN_POINT('',(-9.421996984506,56.625317569884,
    30.261483199228));
#4187 = CARTESIAN_POINT('',(-9.421996984506,56.625317569884,30.));
#4188 = ORIENTED_EDGE('',*,*,#4189,.T.);
#4189 = EDGE_CURVE('',#4151,#4190,#4192,.T.);
#4190 = VERTEX_POINT('',#4191);
#4191 = CARTESIAN_POINT('',(-5.918404372101,61.496216401165,8.));
#4192 = LINE('',#4193,#4194);
#4193 = CARTESIAN_POINT('',(-5.918404372101,61.496216401165,3.));
#4194 = VECTOR('',#4195,1.);
#4195 = DIRECTION('',(-0.,-0.,-1.));
#4196 = ORIENTED_EDGE('',*,*,#4197,.F.);
#4197 = EDGE_CURVE('',#4198,#4190,#4200,.T.);
#4198 = VERTEX_POINT('',#4199);
#4199 = CARTESIAN_POINT('',(-9.421996984506,56.625317569884,
    7.999999999916));
#4200 = B_SPLINE_CURVE_WITH_KNOTS('',7,(#4201,#4202,#4203,#4204,#4205,
    #4206,#4207,#4208,#4209,#4210,#4211,#4212,#4213,#4214,#4215,#4216,
    #4217,#4218,#4219,#4220,#4221,#4222,#4223,#4224,#4225,#4226),
  .UNSPECIFIED.,.F.,.F.,(8,6,6,6,8),(0.,0.240537082808,0.455753334257,
    0.688305460259,1.),.UNSPECIFIED.);
#4201 = CARTESIAN_POINT('',(-9.421996984506,56.625317569884,
    7.999999999958));
#4202 = CARTESIAN_POINT('',(-9.421996984504,56.625317569888,
    7.718095990747));
#4203 = CARTESIAN_POINT('',(-9.405737743946,56.651704475435,
    7.436438043296));
#4204 = CARTESIAN_POINT('',(-9.37326831398,56.70439883193,7.156905097142
    ));
#4205 = CARTESIAN_POINT('',(-9.324125311935,56.78387812273,
    6.881553461067));
#4206 = CARTESIAN_POINT('',(-9.257417885533,56.891045713634,
    6.61297581139));
#4207 = CARTESIAN_POINT('',(-9.171873407073,57.027047698562,
    6.354741394758));
#4208 = CARTESIAN_POINT('',(-8.971139055082,57.341497998838,
    5.894885046316));
#4209 = CARTESIAN_POINT('',(-8.858724731998,57.51599667214,5.68720310139
    ));
#4210 = CARTESIAN_POINT('',(-8.727927824897,57.716667537679,
    5.495990519912));
#4211 = CARTESIAN_POINT('',(-8.578610469809,57.942396608326,
    5.328287024952));
#4212 = CARTESIAN_POINT('',(-8.411260015394,58.190886797236,
    5.191134152911));
#4213 = CARTESIAN_POINT('',(-8.22714317092,58.45870853895,5.091598945033
    ));
#4214 = CARTESIAN_POINT('',(-7.814308793885,59.046350555567,
    4.977867776672));
#4215 = CARTESIAN_POINT('',(-7.591793847627,59.356378310614,
    4.973562446125));
#4216 = CARTESIAN_POINT('',(-7.368491721953,59.660268995825,
    5.026100128929));
#4217 = CARTESIAN_POINT('',(-7.152526106821,59.94727237581,
    5.132279225801));
#4218 = CARTESIAN_POINT('',(-6.95201495715,60.208367250951,
    5.283974721804));
#4219 = CARTESIAN_POINT('',(-6.77332878299,60.437375882784,
    5.468470062548));
#4220 = CARTESIAN_POINT('',(-6.414653396314,60.891572929746,
    5.936749732129));
#4221 = CARTESIAN_POINT('',(-6.245797765845,61.100484883389,
    6.244862513345));
#4222 = CARTESIAN_POINT('',(-6.113267144494,61.261843037517,
    6.577167240131));
#4223 = CARTESIAN_POINT('',(-6.015472913557,61.379768577661,
    6.92423163316));
#4224 = CARTESIAN_POINT('',(-5.950843020957,61.457300463546,
    7.279688294075));
#4225 = CARTESIAN_POINT('',(-5.918404372101,61.496216401165,
    7.639464623216));
#4226 = CARTESIAN_POINT('',(-5.918404372101,61.496216401165,8.));
#4227 = ORIENTED_EDGE('',*,*,#4228,.F.);
#4228 = EDGE_CURVE('',#4153,#4198,#4229,.T.);
#4229 = LINE('',#4230,#4231);
#4230 = CARTESIAN_POINT('',(-9.421996984506,56.625317569884,3.));
#4231 = VECTOR('',#4232,1.);
#4232 = DIRECTION('',(-0.,-0.,-1.));
#4233 = FACE_BOUND('',#4234,.F.);
#4234 = EDGE_LOOP('',(#4235,#4280,#4288,#4331));
#4235 = ORIENTED_EDGE('',*,*,#4236,.F.);
#4236 = EDGE_CURVE('',#4237,#4239,#4241,.T.);
#4237 = VERTEX_POINT('',#4238);
#4238 = CARTESIAN_POINT('',(-15.5867851662,37.34,30.));
#4239 = VERTEX_POINT('',#4240);
#4240 = CARTESIAN_POINT('',(-15.55820863257,31.34,29.999999999916));
#4241 = B_SPLINE_CURVE_WITH_KNOTS('',7,(#4242,#4243,#4244,#4245,#4246,
    #4247,#4248,#4249,#4250,#4251,#4252,#4253,#4254,#4255,#4256,#4257,
    #4258,#4259,#4260,#4261,#4262,#4263,#4264,#4265,#4266,#4267,#4268,
    #4269,#4270,#4271,#4272,#4273,#4274,#4275,#4276,#4277,#4278,#4279),
  .UNSPECIFIED.,.F.,.F.,(8,6,6,6,6,6,8),(0.,0.253318129757,
    0.335305942914,0.432228907376,0.564684343212,0.761594322033,1.),
  .UNSPECIFIED.);
#4242 = CARTESIAN_POINT('',(-15.5867851662,37.34,30.));
#4243 = CARTESIAN_POINT('',(-15.5867851662,37.34,30.297007403388));
#4244 = CARTESIAN_POINT('',(-15.58907173143,37.305695661938,
    30.593695946792));
#4245 = CARTESIAN_POINT('',(-15.59363659616,37.237213280171,
    30.887917792845));
#4246 = CARTESIAN_POINT('',(-15.60035717891,37.133724529731,
    31.177283658045));
#4247 = CARTESIAN_POINT('',(-15.60898803672,36.993664000638,
    31.458700339187));
#4248 = CARTESIAN_POINT('',(-15.61906221614,36.814978058354,
    31.727792831932));
#4249 = CARTESIAN_POINT('',(-15.63326212008,36.524490421635,
    32.059030497906));
#4250 = CARTESIAN_POINT('',(-15.6368035794,36.449172171507,
    32.138070037375));
#4251 = CARTESIAN_POINT('',(-15.64038668351,36.369509300008,
    32.214907226613));
#4252 = CARTESIAN_POINT('',(-15.64397968614,36.285457724621,
    32.289269199206));
#4253 = CARTESIAN_POINT('',(-15.64754694572,36.196985195502,
    32.360858779599));
#4254 = CARTESIAN_POINT('',(-15.65104907171,36.104071838644,
    32.429354203275));
#4255 = CARTESIAN_POINT('',(-15.65845533135,35.891613955867,
    32.571314022001));
#4256 = CARTESIAN_POINT('',(-15.66232270572,35.77012199973,
    32.643529859548));
#4257 = CARTESIAN_POINT('',(-15.66596291397,35.64249446498,
    32.710252003103));
#4258 = CARTESIAN_POINT('',(-15.66928947636,35.50906716419,
    32.770721052787));
#4259 = CARTESIAN_POINT('',(-15.67221632807,35.370250774558,
    32.824222692949));
#4260 = CARTESIAN_POINT('',(-15.67466243384,35.2265295243,
    32.870087829813));
#4261 = CARTESIAN_POINT('',(-15.67914471035,34.876107118751,
    32.959083783418));
#4262 = CARTESIAN_POINT('',(-15.6807001965,34.665765870069,
    32.995014846714));
#4263 = CARTESIAN_POINT('',(-15.68102364489,34.450434216323,
    33.013536639832));
#4264 = CARTESIAN_POINT('',(-15.68000273269,34.23339849385,
    33.013674824043));
#4265 = CARTESIAN_POINT('',(-15.67765292762,34.018041269778,
    32.995427000181));
#4266 = CARTESIAN_POINT('',(-15.67411668532,33.807649480024,
    32.959762577236));
#4267 = CARTESIAN_POINT('',(-15.66293752342,33.304292476596,
    32.832604479802));
#4268 = CARTESIAN_POINT('',(-15.65419061512,33.02354061326,
    32.723039457124));
#4269 = CARTESIAN_POINT('',(-15.64404849684,32.765781019117,
    32.585724420684));
#4270 = CARTESIAN_POINT('',(-15.63323028677,32.532699254996,
    32.425962179879));
#4271 = CARTESIAN_POINT('',(-15.62238257538,32.325135127583,
    32.248714235184));
#4272 = CARTESIAN_POINT('',(-15.61201342935,32.143224875424,
    32.05867404537));
#4273 = CARTESIAN_POINT('',(-15.59094588475,31.796533309666,31.620041481
    ));
#4274 = CARTESIAN_POINT('',(-15.58052507068,31.641577892357,
    31.36519359059));
#4275 = CARTESIAN_POINT('',(-15.57177992961,31.519803016537,
    31.100553898547));
#4276 = CARTESIAN_POINT('',(-15.56504168547,31.42963680563,
    30.829474737719));
#4277 = CARTESIAN_POINT('',(-15.56048844147,31.369907082629,
    30.554408990676));
#4278 = CARTESIAN_POINT('',(-15.55820863257,31.34,30.27731787422));
#4279 = CARTESIAN_POINT('',(-15.55820863257,31.34,30.));
#4280 = ORIENTED_EDGE('',*,*,#4281,.T.);
#4281 = EDGE_CURVE('',#4237,#4282,#4284,.T.);
#4282 = VERTEX_POINT('',#4283);
#4283 = CARTESIAN_POINT('',(-15.5867851662,37.34,8.));
#4284 = LINE('',#4285,#4286);
#4285 = CARTESIAN_POINT('',(-15.5867851662,37.34,3.));
#4286 = VECTOR('',#4287,1.);
#4287 = DIRECTION('',(-0.,-0.,-1.));
#4288 = ORIENTED_EDGE('',*,*,#4289,.F.);
#4289 = EDGE_CURVE('',#4290,#4282,#4292,.T.);
#4290 = VERTEX_POINT('',#4291);
#4291 = CARTESIAN_POINT('',(-15.55820863257,31.34,7.999999999916));
#4292 = B_SPLINE_CURVE_WITH_KNOTS('',7,(#4293,#4294,#4295,#4296,#4297,
    #4298,#4299,#4300,#4301,#4302,#4303,#4304,#4305,#4306,#4307,#4308,
    #4309,#4310,#4311,#4312,#4313,#4314,#4315,#4316,#4317,#4318,#4319,
    #4320,#4321,#4322,#4323,#4324,#4325,#4326,#4327,#4328,#4329,#4330),
  .UNSPECIFIED.,.F.,.F.,(8,6,6,6,6,6,8),(0.,0.259358974134,
    0.438260340695,0.5679067482,0.664911801035,0.746972099914,1.),
  .UNSPECIFIED.);
#4293 = CARTESIAN_POINT('',(-15.55820863257,31.34,7.999999999958));
#4294 = CARTESIAN_POINT('',(-15.55820863257,31.340000000004,
    7.697960503874));
#4295 = CARTESIAN_POINT('',(-15.56091298127,31.375476505095,
    7.396264037321));
#4296 = CARTESIAN_POINT('',(-15.56631135661,31.446291632991,
    7.097163588709));
#4297 = CARTESIAN_POINT('',(-15.57428061646,31.5533306791,6.80317672629)
  );
#4298 = CARTESIAN_POINT('',(-15.58457344208,31.698261340391,
    6.517584451385));
#4299 = CARTESIAN_POINT('',(-15.59670585438,31.883259557622,
    6.245057031395));
#4300 = CARTESIAN_POINT('',(-15.61890770272,32.267357275531,
    5.818473298974));
#4301 = CARTESIAN_POINT('',(-15.6285160994,32.445429136134,
    5.652615103059));
#4302 = CARTESIAN_POINT('',(-15.63834518498,32.644944976093,
    5.498818896198));
#4303 = CARTESIAN_POINT('',(-15.64796505229,32.865472460409,
    5.360951512102));
#4304 = CARTESIAN_POINT('',(-15.6568623335,33.10599860189,5.242952334795
    ));
#4305 = CARTESIAN_POINT('',(-15.66449378697,33.364870877628,
    5.148862208646));
#4306 = CARTESIAN_POINT('',(-15.67463141547,33.838801175731,
    5.035081610788));
#4307 = CARTESIAN_POINT('',(-15.67794723255,34.045224638672,
    5.002297656539));
#4308 = CARTESIAN_POINT('',(-15.68011421669,34.256096567175,
    4.986274868292));
#4309 = CARTESIAN_POINT('',(-15.68100758496,34.46832799381,
    4.987855114937));
#4310 = CARTESIAN_POINT('',(-15.68061917253,34.678751141459,
    5.006987976096));
#4311 = CARTESIAN_POINT('',(-15.67905716436,34.884291749939,
    5.042730547081));
#4312 = CARTESIAN_POINT('',(-15.67460265869,35.230177846363,
    5.131040821805));
#4313 = CARTESIAN_POINT('',(-15.67214491493,35.373847554579,
    5.17709146069));
#4314 = CARTESIAN_POINT('',(-15.66920758576,35.512596681786,
    5.230770946403));
#4315 = CARTESIAN_POINT('',(-15.66587187428,35.645943727108,
    5.29140894501));
#4316 = CARTESIAN_POINT('',(-15.66222391886,35.773480719851,
    5.358290605812));
#4317 = CARTESIAN_POINT('',(-15.65835019012,35.894874506124,
    5.430656693555));
#4318 = CARTESIAN_POINT('',(-15.65093449761,36.107145477302,
    5.572880759192));
#4319 = CARTESIAN_POINT('',(-15.64742891531,36.199970834102,
    5.641492822563));
#4320 = CARTESIAN_POINT('',(-15.64385911369,36.288351767831,
    5.713193467772));
#4321 = CARTESIAN_POINT('',(-15.64026444821,36.372308778132,
    5.787661200365));
#4322 = CARTESIAN_POINT('',(-15.63668051506,36.451874658275,
    5.864599193531));
#4323 = CARTESIAN_POINT('',(-15.63313900918,36.527093951119,
    5.943735007239));
#4324 = CARTESIAN_POINT('',(-15.61896365026,36.816725943886,
    6.274841858598));
#4325 = CARTESIAN_POINT('',(-15.60891773065,36.994804424178,
    6.543594358218));
#4326 = CARTESIAN_POINT('',(-15.60031345624,37.134397892213,
    6.824601937604));
#4327 = CARTESIAN_POINT('',(-15.59361430812,37.237547621266,
    7.113519386647));
#4328 = CARTESIAN_POINT('',(-15.58906426591,37.305807670299,7.4072709348
    ));
#4329 = CARTESIAN_POINT('',(-15.5867851662,37.34,7.703477920122));
#4330 = CARTESIAN_POINT('',(-15.5867851662,37.34,8.));
#4331 = ORIENTED_EDGE('',*,*,#4332,.F.);
#4332 = EDGE_CURVE('',#4239,#4290,#4333,.T.);
#4333 = LINE('',#4334,#4335);
#4334 = CARTESIAN_POINT('',(-15.55820863257,31.34,3.));
#4335 = VECTOR('',#4336,1.);
#4336 = DIRECTION('',(-0.,-0.,-1.));
#4337 = FACE_BOUND('',#4338,.F.);
#4338 = EDGE_LOOP('',(#4339,#4378,#4386,#4417));
#4339 = ORIENTED_EDGE('',*,*,#4340,.F.);
#4340 = EDGE_CURVE('',#4341,#4343,#4345,.T.);
#4341 = VERTEX_POINT('',#4342);
#4342 = CARTESIAN_POINT('',(-9.210001784939,12.114278767334,30.));
#4343 = VERTEX_POINT('',#4344);
#4344 = CARTESIAN_POINT('',(-5.660171369834,7.276973666116,
    29.999999999916));
#4345 = B_SPLINE_CURVE_WITH_KNOTS('',7,(#4346,#4347,#4348,#4349,#4350,
    #4351,#4352,#4353,#4354,#4355,#4356,#4357,#4358,#4359,#4360,#4361,
    #4362,#4363,#4364,#4365,#4366,#4367,#4368,#4369,#4370,#4371,#4372,
    #4373,#4374,#4375,#4376,#4377),.UNSPECIFIED.,.F.,.F.,(8,6,6,6,6,8),(
    0.,0.258707715808,0.437112939407,0.598660604947,0.775925800933,1.),
  .UNSPECIFIED.);
#4346 = CARTESIAN_POINT('',(-9.210001784939,12.114278767334,30.));
#4347 = CARTESIAN_POINT('',(-9.210001784939,12.114278767334,
    30.302011076417));
#4348 = CARTESIAN_POINT('',(-9.191065860224,12.084193405809,
    30.603676573357));
#4349 = CARTESIAN_POINT('',(-9.153268329712,12.02414040816,
    30.902753488356));
#4350 = CARTESIAN_POINT('',(-9.095980021398,11.93347635754,
    31.196733075014));
#4351 = CARTESIAN_POINT('',(-9.018003228469,11.810997987184,
    31.482338975499));
#4352 = CARTESIAN_POINT('',(-8.917645056545,11.655231089844,
    31.754899419328));
#4353 = CARTESIAN_POINT('',(-8.706861108582,11.333572762839,
    32.18151095155));
#4354 = CARTESIAN_POINT('',(-8.608594135165,11.184861928829,
    32.347372263845));
#4355 = CARTESIAN_POINT('',(-8.497731324487,11.018783817081,
    32.501178184691));
#4356 = CARTESIAN_POINT('',(-8.374185240731,10.835942567428,
    32.639053499667));
#4357 = CARTESIAN_POINT('',(-8.238147913155,10.63745963817,
    32.757054729917));
#4358 = CARTESIAN_POINT('',(-8.090168410692,10.424988291622,
    32.851141480903));
#4359 = CARTESIAN_POINT('',(-7.787443593051,9.997736047712,
    32.976844680767));
#4360 = CARTESIAN_POINT('',(-7.635860573923,9.786766234363,
    33.013024573101));
#4361 = CARTESIAN_POINT('',(-7.479429352495,9.572392468061,
    33.022462334822));
#4362 = CARTESIAN_POINT('',(-7.321513024148,9.359478122768,
    33.00403702067));
#4363 = CARTESIAN_POINT('',(-7.165740249684,9.15275693347,
    32.958661085001));
#4364 = CARTESIAN_POINT('',(-7.015693174364,8.956457579203,
    32.889256718408));
#4365 = CARTESIAN_POINT('',(-6.719575191477,8.573817437965,
    32.703613867709));
#4366 = CARTESIAN_POINT('',(-6.574896162186,8.389766767193,
    32.583214335363));
#4367 = CARTESIAN_POINT('',(-6.441500184571,8.222410313681,
    32.443797394108));
#4368 = CARTESIAN_POINT('',(-6.320022957294,8.071804182986,
    32.28904273682));
#4369 = CARTESIAN_POINT('',(-6.210786559758,7.937704104115,
    32.122188320821));
#4370 = CARTESIAN_POINT('',(-6.113860489641,7.819677753129,
    31.946111178717));
#4371 = CARTESIAN_POINT('',(-5.921953916894,7.587517780911,
    31.532341571786));
#4372 = CARTESIAN_POINT('',(-5.833717791505,7.482003766103,
    31.289518857183));
#4373 = CARTESIAN_POINT('',(-5.763889199663,7.399181926006,
    31.03864663086));
#4374 = CARTESIAN_POINT('',(-5.711938262586,7.337887304948,
    30.782401165838));
#4375 = CARTESIAN_POINT('',(-5.677440012693,7.297293537246,
    30.522796086254));
#4376 = CARTESIAN_POINT('',(-5.660171369834,7.276973666116,
    30.261483199228));
#4377 = CARTESIAN_POINT('',(-5.660171369834,7.276973666116,30.));
#4378 = ORIENTED_EDGE('',*,*,#4379,.T.);
#4379 = EDGE_CURVE('',#4341,#4380,#4382,.T.);
#4380 = VERTEX_POINT('',#4381);
#4381 = CARTESIAN_POINT('',(-9.210001784939,12.114278767334,8.));
#4382 = LINE('',#4383,#4384);
#4383 = CARTESIAN_POINT('',(-9.210001784939,12.114278767334,3.));
#4384 = VECTOR('',#4385,1.);
#4385 = DIRECTION('',(-0.,-0.,-1.));
#4386 = ORIENTED_EDGE('',*,*,#4387,.F.);
#4387 = EDGE_CURVE('',#4388,#4380,#4390,.T.);
#4388 = VERTEX_POINT('',#4389);
#4389 = CARTESIAN_POINT('',(-5.660171369834,7.276973666116,
    7.999999999916));
#4390 = B_SPLINE_CURVE_WITH_KNOTS('',7,(#4391,#4392,#4393,#4394,#4395,
    #4396,#4397,#4398,#4399,#4400,#4401,#4402,#4403,#4404,#4405,#4406,
    #4407,#4408,#4409,#4410,#4411,#4412,#4413,#4414,#4415,#4416),
  .UNSPECIFIED.,.F.,.F.,(8,6,6,6,8),(0.,0.240537082831,0.455753334315,
    0.688305460134,1.),.UNSPECIFIED.);
#4391 = CARTESIAN_POINT('',(-5.660171369834,7.276973666116,
    7.999999999958));
#4392 = CARTESIAN_POINT('',(-5.660171369837,7.276973666119,
    7.718095990747));
#4393 = CARTESIAN_POINT('',(-5.680242426655,7.300591125045,
    7.436438043296));
#4394 = CARTESIAN_POINT('',(-5.720324132113,7.347754839659,
    7.156905097142));
#4395 = CARTESIAN_POINT('',(-5.780727406754,7.419053063542,
    6.881553461067));
#4396 = CARTESIAN_POINT('',(-5.862036114009,7.515612202942,6.61297581139
    ));
#4397 = CARTESIAN_POINT('',(-5.964946990385,7.638996761227,
    6.354741394758));
#4398 = CARTESIAN_POINT('',(-6.2019766714,7.927076961413,5.894885046302)
  );
#4399 = CARTESIAN_POINT('',(-6.333196835479,8.087912391446,
    5.687203101393));
#4400 = CARTESIAN_POINT('',(-6.483627702666,8.274318349973,
    5.495990519923));
#4401 = CARTESIAN_POINT('',(-6.652167205943,8.486081712477,
    5.328287024956));
#4402 = CARTESIAN_POINT('',(-6.836781284922,8.722029143974,
    5.191134152906));
#4403 = CARTESIAN_POINT('',(-7.034599663699,8.979896138336,5.09159894503
    ));
#4404 = CARTESIAN_POINT('',(-7.465907594251,9.554116332197,
    4.977867776731));
#4405 = CARTESIAN_POINT('',(-7.69200061147,9.861544467424,4.973562445956
    ));
#4406 = CARTESIAN_POINT('',(-7.912013676124,10.167824795305,
    5.026100129144));
#4407 = CARTESIAN_POINT('',(-8.118233065207,10.461909222181,
    5.132279225842));
#4408 = CARTESIAN_POINT('',(-8.304587694817,10.733289411269,
    5.283974721456));
#4409 = CARTESIAN_POINT('',(-8.467170782249,10.973997621152,
    5.468470062787));
#4410 = CARTESIAN_POINT('',(-8.788301053334,11.455472790945,
    5.936749732129));
#4411 = CARTESIAN_POINT('',(-8.934808868768,11.68062138262,
    6.244862513345));
#4412 = CARTESIAN_POINT('',(-9.047315378436,11.85652790547,6.57716724013
    ));
#4413 = CARTESIAN_POINT('',(-9.129249152515,11.985976742036,
    6.924231633161));
#4414 = CARTESIAN_POINT('',(-9.183014622649,12.071402092883,
    7.279688294075));
#4415 = CARTESIAN_POINT('',(-9.210001784939,12.114278767334,
    7.639464623215));
#4416 = CARTESIAN_POINT('',(-9.210001784939,12.114278767334,8.));
#4417 = ORIENTED_EDGE('',*,*,#4418,.F.);
#4418 = EDGE_CURVE('',#4343,#4388,#4419,.T.);
#4419 = LINE('',#4420,#4421);
#4420 = CARTESIAN_POINT('',(-5.660171369834,7.276973666116,3.));
#4421 = VECTOR('',#4422,1.);
#4422 = DIRECTION('',(-0.,-0.,-1.));
#4423 = CYLINDRICAL_SURFACE('',#4424,42.1);
#4424 = AXIS2_PLACEMENT_3D('',#4425,#4426,#4427);
#4425 = CARTESIAN_POINT('',(26.42,34.54,3.));
#4426 = DIRECTION('',(-0.,-0.,-1.));
#4427 = DIRECTION('',(1.,0.,0.));
#4428 = ADVANCED_FACE('',(#4429),#4466,.F.);
#4429 = FACE_BOUND('',#4430,.F.);
#4430 = EDGE_LOOP('',(#4431,#4439,#4440,#4441,#4450,#4459));
#4431 = ORIENTED_EDGE('',*,*,#4432,.F.);
#4432 = EDGE_CURVE('',#3042,#4433,#4435,.T.);
#4433 = VERTEX_POINT('',#4434);
#4434 = CARTESIAN_POINT('',(21.201910043555,5.102630423245,33.));
#4435 = LINE('',#4436,#4437);
#4436 = CARTESIAN_POINT('',(21.201910043555,5.102630423245,35.));
#4437 = VECTOR('',#4438,1.);
#4438 = DIRECTION('',(-0.,-0.,-1.));
#4439 = ORIENTED_EDGE('',*,*,#3041,.F.);
#4440 = ORIENTED_EDGE('',*,*,#4432,.T.);
#4441 = ORIENTED_EDGE('',*,*,#4442,.T.);
#4442 = EDGE_CURVE('',#4433,#4443,#4445,.T.);
#4443 = VERTEX_POINT('',#4444);
#4444 = CARTESIAN_POINT('',(18.417254981442,9.262869808673,33.));
#4445 = CIRCLE('',#4446,4.5);
#4446 = AXIS2_PLACEMENT_3D('',#4447,#4448,#4449);
#4447 = CARTESIAN_POINT('',(16.701910043555,5.102630423245,33.));
#4448 = DIRECTION('',(0.,0.,1.));
#4449 = DIRECTION('',(1.,0.,-0.));
#4450 = ORIENTED_EDGE('',*,*,#4451,.T.);
#4451 = EDGE_CURVE('',#4443,#4452,#4454,.T.);
#4452 = VERTEX_POINT('',#4453);
#4453 = CARTESIAN_POINT('',(15.64432589276,0.728671602682,33.));
#4454 = CIRCLE('',#4455,4.5);
#4455 = AXIS2_PLACEMENT_3D('',#4456,#4457,#4458);
#4456 = CARTESIAN_POINT('',(16.701910043555,5.102630423245,33.));
#4457 = DIRECTION('',(0.,0.,1.));
#4458 = DIRECTION('',(1.,0.,-0.));
#4459 = ORIENTED_EDGE('',*,*,#4460,.T.);
#4460 = EDGE_CURVE('',#4452,#4433,#4461,.T.);
#4461 = CIRCLE('',#4462,4.5);
#4462 = AXIS2_PLACEMENT_3D('',#4463,#4464,#4465);
#4463 = CARTESIAN_POINT('',(16.701910043555,5.102630423245,33.));
#4464 = DIRECTION('',(0.,0.,1.));
#4465 = DIRECTION('',(1.,0.,-0.));
#4466 = CYLINDRICAL_SURFACE('',#4467,4.5);
#4467 = AXIS2_PLACEMENT_3D('',#4468,#4469,#4470);
#4468 = CARTESIAN_POINT('',(16.701910043555,5.102630423245,35.));
#4469 = DIRECTION('',(0.,0.,1.));
#4470 = DIRECTION('',(1.,0.,-0.));
#4471 = ADVANCED_FACE('',(#4472),#4509,.F.);
#4472 = FACE_BOUND('',#4473,.F.);
#4473 = EDGE_LOOP('',(#4474,#4482,#4483,#4484,#4493,#4502));
#4474 = ORIENTED_EDGE('',*,*,#4475,.F.);
#4475 = EDGE_CURVE('',#3053,#4476,#4478,.T.);
#4476 = VERTEX_POINT('',#4477);
#4477 = CARTESIAN_POINT('',(-7.935805391778E-02,34.340500012524,33.));
#4478 = LINE('',#4479,#4480);
#4479 = CARTESIAN_POINT('',(-7.935805391778E-02,34.340500012524,35.));
#4480 = VECTOR('',#4481,1.);
#4481 = DIRECTION('',(-0.,-0.,-1.));
#4482 = ORIENTED_EDGE('',*,*,#3052,.F.);
#4483 = ORIENTED_EDGE('',*,*,#4475,.T.);
#4484 = ORIENTED_EDGE('',*,*,#4485,.T.);
#4485 = EDGE_CURVE('',#4476,#4486,#4488,.T.);
#4486 = VERTEX_POINT('',#4487);
#4487 = CARTESIAN_POINT('',(-9.079358026139,34.34,33.));
#4488 = CIRCLE('',#4489,4.5);
#4489 = AXIS2_PLACEMENT_3D('',#4490,#4491,#4492);
#4490 = CARTESIAN_POINT('',(-4.579358053918,34.340500012524,33.));
#4491 = DIRECTION('',(0.,0.,1.));
#4492 = DIRECTION('',(1.,0.,-0.));
#4493 = ORIENTED_EDGE('',*,*,#4494,.T.);
#4494 = EDGE_CURVE('',#4486,#4495,#4497,.T.);
#4495 = VERTEX_POINT('',#4496);
#4496 = CARTESIAN_POINT('',(-7.935808169695E-02,34.34,33.));
#4497 = CIRCLE('',#4498,4.5);
#4498 = AXIS2_PLACEMENT_3D('',#4499,#4500,#4501);
#4499 = CARTESIAN_POINT('',(-4.579358053918,34.340500012524,33.));
#4500 = DIRECTION('',(0.,0.,1.));
#4501 = DIRECTION('',(1.,0.,-0.));
#4502 = ORIENTED_EDGE('',*,*,#4503,.T.);
#4503 = EDGE_CURVE('',#4495,#4476,#4504,.T.);
#4504 = CIRCLE('',#4505,4.5);
#4505 = AXIS2_PLACEMENT_3D('',#4506,#4507,#4508);
#4506 = CARTESIAN_POINT('',(-4.579358053918,34.340500012524,33.));
#4507 = DIRECTION('',(0.,0.,1.));
#4508 = DIRECTION('',(1.,0.,-0.));
#4509 = CYLINDRICAL_SURFACE('',#4510,4.5);
#4510 = AXIS2_PLACEMENT_3D('',#4511,#4512,#4513);
#4511 = CARTESIAN_POINT('',(-4.579358053918,34.340500012524,35.));
#4512 = DIRECTION('',(0.,0.,1.));
#4513 = DIRECTION('',(1.,0.,-0.));
#4514 = ADVANCED_FACE('',(#4515),#4552,.F.);
#4515 = FACE_BOUND('',#4516,.F.);
#4516 = EDGE_LOOP('',(#4517,#4525,#4526,#4527,#4536,#4545));
#4517 = ORIENTED_EDGE('',*,*,#4518,.F.);
#4518 = EDGE_CURVE('',#3064,#4519,#4521,.T.);
#4519 = VERTEX_POINT('',#4520);
#4520 = CARTESIAN_POINT('',(40.543604522473,5.071606151759,33.));
#4521 = LINE('',#4522,#4523);
#4522 = CARTESIAN_POINT('',(40.543604522473,5.071606151759,35.));
#4523 = VECTOR('',#4524,1.);
#4524 = DIRECTION('',(-0.,-0.,-1.));
#4525 = ORIENTED_EDGE('',*,*,#3063,.F.);
#4526 = ORIENTED_EDGE('',*,*,#4518,.T.);
#4527 = ORIENTED_EDGE('',*,*,#4528,.T.);
#4528 = EDGE_CURVE('',#4519,#4529,#4531,.T.);
#4529 = VERTEX_POINT('',#4530);
#4530 = CARTESIAN_POINT('',(34.799961699629,9.396343430391,33.));
#4531 = CIRCLE('',#4532,4.5);
#4532 = AXIS2_PLACEMENT_3D('',#4533,#4534,#4535);
#4533 = CARTESIAN_POINT('',(36.043604522473,5.071606151759,33.));
#4534 = DIRECTION('',(0.,0.,1.));
#4535 = DIRECTION('',(1.,0.,-0.));
#4536 = ORIENTED_EDGE('',*,*,#4537,.T.);
#4537 = EDGE_CURVE('',#4529,#4538,#4540,.T.);
#4538 = VERTEX_POINT('',#4539);
#4539 = CARTESIAN_POINT('',(37.579493136279,0.841825286752,33.));
#4540 = CIRCLE('',#4541,4.5);
#4541 = AXIS2_PLACEMENT_3D('',#4542,#4543,#4544);
#4542 = CARTESIAN_POINT('',(36.043604522473,5.071606151759,33.));
#4543 = DIRECTION('',(0.,0.,1.));
#4544 = DIRECTION('',(1.,0.,-0.));
#4545 = ORIENTED_EDGE('',*,*,#4546,.T.);
#4546 = EDGE_CURVE('',#4538,#4519,#4547,.T.);
#4547 = CIRCLE('',#4548,4.5);
#4548 = AXIS2_PLACEMENT_3D('',#4549,#4550,#4551);
#4549 = CARTESIAN_POINT('',(36.043604522473,5.071606151759,33.));
#4550 = DIRECTION('',(0.,0.,1.));
#4551 = DIRECTION('',(1.,0.,-0.));
#4552 = CYLINDRICAL_SURFACE('',#4553,4.5);
#4553 = AXIS2_PLACEMENT_3D('',#4554,#4555,#4556);
#4554 = CARTESIAN_POINT('',(36.043604522473,5.071606151759,35.));
#4555 = DIRECTION('',(0.,0.,1.));
#4556 = DIRECTION('',(1.,0.,-0.));
#4557 = ADVANCED_FACE('',(#4558),#4577,.F.);
#4558 = FACE_BOUND('',#4559,.T.);
#4559 = EDGE_LOOP('',(#4560,#4568,#4569,#4570));
#4560 = ORIENTED_EDGE('',*,*,#4561,.F.);
#4561 = EDGE_CURVE('',#3075,#4562,#4564,.T.);
#4562 = VERTEX_POINT('',#4563);
#4563 = CARTESIAN_POINT('',(51.,32.125,34.5));
#4564 = LINE('',#4565,#4566);
#4565 = CARTESIAN_POINT('',(51.,32.125,35.));
#4566 = VECTOR('',#4567,1.);
#4567 = DIRECTION('',(0.,0.,-1.));
#4568 = ORIENTED_EDGE('',*,*,#3074,.F.);
#4569 = ORIENTED_EDGE('',*,*,#4561,.T.);
#4570 = ORIENTED_EDGE('',*,*,#4571,.F.);
#4571 = EDGE_CURVE('',#4562,#4562,#4572,.T.);
#4572 = CIRCLE('',#4573,1.5);
#4573 = AXIS2_PLACEMENT_3D('',#4574,#4575,#4576);
#4574 = CARTESIAN_POINT('',(49.5,32.125,34.5));
#4575 = DIRECTION('',(0.,0.,1.));
#4576 = DIRECTION('',(1.,0.,0.));
#4577 = CYLINDRICAL_SURFACE('',#4578,1.5);
#4578 = AXIS2_PLACEMENT_3D('',#4579,#4580,#4581);
#4579 = CARTESIAN_POINT('',(49.5,32.125,35.));
#4580 = DIRECTION('',(0.,0.,1.));
#4581 = DIRECTION('',(1.,0.,0.));
#4582 = ADVANCED_FACE('',(#4583),#4620,.F.);
#4583 = FACE_BOUND('',#4584,.F.);
#4584 = EDGE_LOOP('',(#4585,#4593,#4594,#4595,#4604,#4613));
#4585 = ORIENTED_EDGE('',*,*,#4586,.F.);
#4586 = EDGE_CURVE('',#3086,#4587,#4589,.T.);
#4587 = VERTEX_POINT('',#4588);
#4588 = CARTESIAN_POINT('',(21.201910043555,63.977369576755,33.));
#4589 = LINE('',#4590,#4591);
#4590 = CARTESIAN_POINT('',(21.201910043555,63.977369576755,35.));
#4591 = VECTOR('',#4592,1.);
#4592 = DIRECTION('',(-0.,-0.,-1.));
#4593 = ORIENTED_EDGE('',*,*,#3085,.F.);
#4594 = ORIENTED_EDGE('',*,*,#4586,.T.);
#4595 = ORIENTED_EDGE('',*,*,#4596,.T.);
#4596 = EDGE_CURVE('',#4587,#4597,#4599,.T.);
#4597 = VERTEX_POINT('',#4598);
#4598 = CARTESIAN_POINT('',(15.25989220431,68.240066440396,33.));
#4599 = CIRCLE('',#4600,4.5);
#4600 = AXIS2_PLACEMENT_3D('',#4601,#4602,#4603);
#4601 = CARTESIAN_POINT('',(16.701910043555,63.977369576755,33.));
#4602 = DIRECTION('',(0.,0.,1.));
#4603 = DIRECTION('',(1.,0.,-0.));
#4604 = ORIENTED_EDGE('',*,*,#4605,.T.);
#4605 = EDGE_CURVE('',#4597,#4606,#4608,.T.);
#4606 = VERTEX_POINT('',#4607);
#4607 = CARTESIAN_POINT('',(18.040843456856,59.681178552749,33.));
#4608 = CIRCLE('',#4609,4.5);
#4609 = AXIS2_PLACEMENT_3D('',#4610,#4611,#4612);
#4610 = CARTESIAN_POINT('',(16.701910043555,63.977369576755,33.));
#4611 = DIRECTION('',(0.,0.,1.));
#4612 = DIRECTION('',(1.,0.,-0.));
#4613 = ORIENTED_EDGE('',*,*,#4614,.T.);
#4614 = EDGE_CURVE('',#4606,#4587,#4615,.T.);
#4615 = CIRCLE('',#4616,4.5);
#4616 = AXIS2_PLACEMENT_3D('',#4617,#4618,#4619);
#4617 = CARTESIAN_POINT('',(16.701910043555,63.977369576755,33.));
#4618 = DIRECTION('',(0.,0.,1.));
#4619 = DIRECTION('',(1.,0.,-0.));
#4620 = CYLINDRICAL_SURFACE('',#4621,4.5);
#4621 = AXIS2_PLACEMENT_3D('',#4622,#4623,#4624);
#4622 = CARTESIAN_POINT('',(16.701910043555,63.977369576755,35.));
#4623 = DIRECTION('',(0.,0.,1.));
#4624 = DIRECTION('',(1.,0.,-0.));
#4625 = ADVANCED_FACE('',(#4626),#4651,.T.);
#4626 = FACE_BOUND('',#4627,.T.);
#4627 = EDGE_LOOP('',(#4628,#4638,#4644,#4645));
#4628 = ORIENTED_EDGE('',*,*,#4629,.F.);
#4629 = EDGE_CURVE('',#4630,#4632,#4634,.T.);
#4630 = VERTEX_POINT('',#4631);
#4631 = CARTESIAN_POINT('',(22.42,-2.56,33.));
#4632 = VERTEX_POINT('',#4633);
#4633 = CARTESIAN_POINT('',(30.42,-2.56,33.));
#4634 = LINE('',#4635,#4636);
#4635 = CARTESIAN_POINT('',(22.42,-2.56,33.));
#4636 = VECTOR('',#4637,1.);
#4637 = DIRECTION('',(1.,0.,0.));
#4638 = ORIENTED_EDGE('',*,*,#4639,.T.);
#4639 = EDGE_CURVE('',#4630,#3099,#4640,.T.);
#4640 = LINE('',#4641,#4642);
#4641 = CARTESIAN_POINT('',(22.42,-2.56,33.));
#4642 = VECTOR('',#4643,1.);
#4643 = DIRECTION('',(0.,0.,1.));
#4644 = ORIENTED_EDGE('',*,*,#3096,.F.);
#4645 = ORIENTED_EDGE('',*,*,#4646,.F.);
#4646 = EDGE_CURVE('',#4632,#3097,#4647,.T.);
#4647 = LINE('',#4648,#4649);
#4648 = CARTESIAN_POINT('',(30.42,-2.56,33.));
#4649 = VECTOR('',#4650,1.);
#4650 = DIRECTION('',(0.,0.,1.));
#4651 = PLANE('',#4652);
#4652 = AXIS2_PLACEMENT_3D('',#4653,#4654,#4655);
#4653 = CARTESIAN_POINT('',(22.42,-2.56,33.));
#4654 = DIRECTION('',(0.,1.,0.));
#4655 = DIRECTION('',(1.,0.,0.));
#4656 = ADVANCED_FACE('',(#4657),#4675,.T.);
#4657 = FACE_BOUND('',#4658,.T.);
#4658 = EDGE_LOOP('',(#4659,#4667,#4668,#4669));
#4659 = ORIENTED_EDGE('',*,*,#4660,.F.);
#4660 = EDGE_CURVE('',#4632,#4661,#4663,.T.);
#4661 = VERTEX_POINT('',#4662);
#4662 = CARTESIAN_POINT('',(30.42,71.64,33.));
#4663 = LINE('',#4664,#4665);
#4664 = CARTESIAN_POINT('',(30.42,-2.56,33.));
#4665 = VECTOR('',#4666,1.);
#4666 = DIRECTION('',(0.,1.,0.));
#4667 = ORIENTED_EDGE('',*,*,#4646,.T.);
#4668 = ORIENTED_EDGE('',*,*,#3122,.F.);
#4669 = ORIENTED_EDGE('',*,*,#4670,.F.);
#4670 = EDGE_CURVE('',#4661,#3115,#4671,.T.);
#4671 = LINE('',#4672,#4673);
#4672 = CARTESIAN_POINT('',(30.42,71.64,33.));
#4673 = VECTOR('',#4674,1.);
#4674 = DIRECTION('',(0.,0.,1.));
#4675 = PLANE('',#4676);
#4676 = AXIS2_PLACEMENT_3D('',#4677,#4678,#4679);
#4677 = CARTESIAN_POINT('',(30.42,-2.56,33.));
#4678 = DIRECTION('',(-1.,0.,0.));
#4679 = DIRECTION('',(0.,1.,0.));
#4680 = ADVANCED_FACE('',(#4681),#4699,.T.);
#4681 = FACE_BOUND('',#4682,.T.);
#4682 = EDGE_LOOP('',(#4683,#4691,#4697,#4698));
#4683 = ORIENTED_EDGE('',*,*,#4684,.F.);
#4684 = EDGE_CURVE('',#4685,#4630,#4687,.T.);
#4685 = VERTEX_POINT('',#4686);
#4686 = CARTESIAN_POINT('',(22.42,71.64,33.));
#4687 = LINE('',#4688,#4689);
#4688 = CARTESIAN_POINT('',(22.42,71.64,33.));
#4689 = VECTOR('',#4690,1.);
#4690 = DIRECTION('',(0.,-1.,0.));
#4691 = ORIENTED_EDGE('',*,*,#4692,.T.);
#4692 = EDGE_CURVE('',#4685,#3107,#4693,.T.);
#4693 = LINE('',#4694,#4695);
#4694 = CARTESIAN_POINT('',(22.42,71.64,33.));
#4695 = VECTOR('',#4696,1.);
#4696 = DIRECTION('',(0.,0.,1.));
#4697 = ORIENTED_EDGE('',*,*,#3106,.F.);
#4698 = ORIENTED_EDGE('',*,*,#4639,.F.);
#4699 = PLANE('',#4700);
#4700 = AXIS2_PLACEMENT_3D('',#4701,#4702,#4703);
#4701 = CARTESIAN_POINT('',(22.42,71.64,33.));
#4702 = DIRECTION('',(1.,0.,0.));
#4703 = DIRECTION('',(0.,-1.,0.));
#4704 = ADVANCED_FACE('',(#4705),#4716,.T.);
#4705 = FACE_BOUND('',#4706,.T.);
#4706 = EDGE_LOOP('',(#4707,#4713,#4714,#4715));
#4707 = ORIENTED_EDGE('',*,*,#4708,.F.);
#4708 = EDGE_CURVE('',#4661,#4685,#4709,.T.);
#4709 = LINE('',#4710,#4711);
#4710 = CARTESIAN_POINT('',(30.42,71.64,33.));
#4711 = VECTOR('',#4712,1.);
#4712 = DIRECTION('',(-1.,0.,0.));
#4713 = ORIENTED_EDGE('',*,*,#4670,.T.);
#4714 = ORIENTED_EDGE('',*,*,#3114,.F.);
#4715 = ORIENTED_EDGE('',*,*,#4692,.F.);
#4716 = PLANE('',#4717);
#4717 = AXIS2_PLACEMENT_3D('',#4718,#4719,#4720);
#4718 = CARTESIAN_POINT('',(30.42,71.64,33.));
#4719 = DIRECTION('',(0.,-1.,0.));
#4720 = DIRECTION('',(-1.,0.,0.));
#4721 = ADVANCED_FACE('',(#4722),#4741,.F.);
#4722 = FACE_BOUND('',#4723,.T.);
#4723 = EDGE_LOOP('',(#4724,#4732,#4733,#4734));
#4724 = ORIENTED_EDGE('',*,*,#4725,.F.);
#4725 = EDGE_CURVE('',#3131,#4726,#4728,.T.);
#4726 = VERTEX_POINT('',#4727);
#4727 = CARTESIAN_POINT('',(51.,47.875,34.5));
#4728 = LINE('',#4729,#4730);
#4729 = CARTESIAN_POINT('',(51.,47.875,35.));
#4730 = VECTOR('',#4731,1.);
#4731 = DIRECTION('',(0.,0.,-1.));
#4732 = ORIENTED_EDGE('',*,*,#3130,.F.);
#4733 = ORIENTED_EDGE('',*,*,#4725,.T.);
#4734 = ORIENTED_EDGE('',*,*,#4735,.F.);
#4735 = EDGE_CURVE('',#4726,#4726,#4736,.T.);
#4736 = CIRCLE('',#4737,1.5);
#4737 = AXIS2_PLACEMENT_3D('',#4738,#4739,#4740);
#4738 = CARTESIAN_POINT('',(49.5,47.875,34.5));
#4739 = DIRECTION('',(0.,0.,1.));
#4740 = DIRECTION('',(1.,0.,0.));
#4741 = CYLINDRICAL_SURFACE('',#4742,1.5);
#4742 = AXIS2_PLACEMENT_3D('',#4743,#4744,#4745);
#4743 = CARTESIAN_POINT('',(49.5,47.875,35.));
#4744 = DIRECTION('',(0.,0.,1.));
#4745 = DIRECTION('',(1.,0.,0.));
#4746 = ADVANCED_FACE('',(#4747),#4784,.F.);
#4747 = FACE_BOUND('',#4748,.F.);
#4748 = EDGE_LOOP('',(#4749,#4757,#4758,#4759,#4768,#4777));
#4749 = ORIENTED_EDGE('',*,*,#4750,.F.);
#4750 = EDGE_CURVE('',#3142,#4751,#4753,.T.);
#4751 = VERTEX_POINT('',#4752);
#4752 = CARTESIAN_POINT('',(40.543604522473,64.008393848241,33.));
#4753 = LINE('',#4754,#4755);
#4754 = CARTESIAN_POINT('',(40.543604522473,64.008393848241,35.));
#4755 = VECTOR('',#4756,1.);
#4756 = DIRECTION('',(-0.,-0.,-1.));
#4757 = ORIENTED_EDGE('',*,*,#3141,.F.);
#4758 = ORIENTED_EDGE('',*,*,#4750,.T.);
#4759 = ORIENTED_EDGE('',*,*,#4760,.T.);
#4760 = EDGE_CURVE('',#4751,#4761,#4763,.T.);
#4761 = VERTEX_POINT('',#4762);
#4762 = CARTESIAN_POINT('',(37.197795851953,68.357858456092,33.));
#4763 = CIRCLE('',#4764,4.5);
#4764 = AXIS2_PLACEMENT_3D('',#4765,#4766,#4767);
#4765 = CARTESIAN_POINT('',(36.043604522473,64.008393848241,33.));
#4766 = DIRECTION('',(0.,0.,1.));
#4767 = DIRECTION('',(1.,0.,-0.));
#4768 = ORIENTED_EDGE('',*,*,#4769,.T.);
#4769 = EDGE_CURVE('',#4761,#4770,#4772,.T.);
#4770 = VERTEX_POINT('',#4771);
#4771 = CARTESIAN_POINT('',(34.42081377092,59.811186422264,33.));
#4772 = CIRCLE('',#4773,4.5);
#4773 = AXIS2_PLACEMENT_3D('',#4774,#4775,#4776);
#4774 = CARTESIAN_POINT('',(36.043604522473,64.008393848241,33.));
#4775 = DIRECTION('',(0.,0.,1.));
#4776 = DIRECTION('',(1.,0.,-0.));
#4777 = ORIENTED_EDGE('',*,*,#4778,.T.);
#4778 = EDGE_CURVE('',#4770,#4751,#4779,.T.);
#4779 = CIRCLE('',#4780,4.5);
#4780 = AXIS2_PLACEMENT_3D('',#4781,#4782,#4783);
#4781 = CARTESIAN_POINT('',(36.043604522473,64.008393848241,33.));
#4782 = DIRECTION('',(0.,0.,1.));
#4783 = DIRECTION('',(1.,0.,-0.));
#4784 = CYLINDRICAL_SURFACE('',#4785,4.5);
#4785 = AXIS2_PLACEMENT_3D('',#4786,#4787,#4788);
#4786 = CARTESIAN_POINT('',(36.043604522473,64.008393848241,35.));
#4787 = DIRECTION('',(0.,0.,1.));
#4788 = DIRECTION('',(1.,0.,-0.));
#4789 = ADVANCED_FACE('',(#4790),#4808,.T.);
#4790 = FACE_BOUND('',#4791,.T.);
#4791 = EDGE_LOOP('',(#4792,#4800,#4806,#4807));
#4792 = ORIENTED_EDGE('',*,*,#4793,.T.);
#4793 = EDGE_CURVE('',#3201,#4794,#4796,.T.);
#4794 = VERTEX_POINT('',#4795);
#4795 = CARTESIAN_POINT('',(82.322068451469,52.866025403782,13.5));
#4796 = LINE('',#4797,#4798);
#4797 = CARTESIAN_POINT('',(82.322068451469,52.866025403782,17.5));
#4798 = VECTOR('',#4799,1.);
#4799 = DIRECTION('',(-0.,-0.,-1.));
#4800 = ORIENTED_EDGE('',*,*,#4801,.T.);
#4801 = EDGE_CURVE('',#4794,#3245,#4802,.T.);
#4802 = LINE('',#4803,#4804);
#4803 = CARTESIAN_POINT('',(82.322068451469,52.866025403782,13.5));
#4804 = VECTOR('',#4805,1.);
#4805 = DIRECTION('',(-1.,0.,0.));
#4806 = ORIENTED_EDGE('',*,*,#3244,.F.);
#4807 = ORIENTED_EDGE('',*,*,#3208,.F.);
#4808 = PLANE('',#4809);
#4809 = AXIS2_PLACEMENT_3D('',#4810,#4811,#4812);
#4810 = CARTESIAN_POINT('',(73.322068451467,52.866025403782,24.25));
#4811 = DIRECTION('',(0.,1.,0.));
#4812 = DIRECTION('',(0.,0.,1.));
#4813 = ADVANCED_FACE('',(#4814),#4832,.T.);
#4814 = FACE_BOUND('',#4815,.T.);
#4815 = EDGE_LOOP('',(#4816,#4817,#4825,#4831));
#4816 = ORIENTED_EDGE('',*,*,#3200,.F.);
#4817 = ORIENTED_EDGE('',*,*,#4818,.F.);
#4818 = EDGE_CURVE('',#4819,#3193,#4821,.T.);
#4819 = VERTEX_POINT('',#4820);
#4820 = CARTESIAN_POINT('',(82.322068451469,46.866025403784,13.5));
#4821 = LINE('',#4822,#4823);
#4822 = CARTESIAN_POINT('',(82.322068451469,46.866025403784,22.5));
#4823 = VECTOR('',#4824,1.);
#4824 = DIRECTION('',(0.,0.,1.));
#4825 = ORIENTED_EDGE('',*,*,#4826,.T.);
#4826 = EDGE_CURVE('',#4819,#4794,#4827,.T.);
#4827 = LINE('',#4828,#4829);
#4828 = CARTESIAN_POINT('',(82.322068451469,46.866025403784,13.5));
#4829 = VECTOR('',#4830,1.);
#4830 = DIRECTION('',(0.,1.,0.));
#4831 = ORIENTED_EDGE('',*,*,#4793,.F.);
#4832 = PLANE('',#4833);
#4833 = AXIS2_PLACEMENT_3D('',#4834,#4835,#4836);
#4834 = CARTESIAN_POINT('',(82.322068451469,49.866025403783,24.25));
#4835 = DIRECTION('',(1.,0.,0.));
#4836 = DIRECTION('',(0.,0.,1.));
#4837 = ADVANCED_FACE('',(#4838),#4856,.T.);
#4838 = FACE_BOUND('',#4839,.T.);
#4839 = EDGE_LOOP('',(#4840,#4848,#4854,#4855));
#4840 = ORIENTED_EDGE('',*,*,#4841,.F.);
#4841 = EDGE_CURVE('',#4842,#3185,#4844,.T.);
#4842 = VERTEX_POINT('',#4843);
#4843 = CARTESIAN_POINT('',(69.519999999996,46.866025403784,13.5));
#4844 = LINE('',#4845,#4846);
#4845 = CARTESIAN_POINT('',(69.519999999996,46.866025403784,17.5));
#4846 = VECTOR('',#4847,1.);
#4847 = DIRECTION('',(0.,0.,1.));
#4848 = ORIENTED_EDGE('',*,*,#4849,.T.);
#4849 = EDGE_CURVE('',#4842,#4819,#4850,.T.);
#4850 = LINE('',#4851,#4852);
#4851 = CARTESIAN_POINT('',(69.519999999996,46.866025403784,13.5));
#4852 = VECTOR('',#4853,1.);
#4853 = DIRECTION('',(1.,0.,0.));
#4854 = ORIENTED_EDGE('',*,*,#4818,.T.);
#4855 = ORIENTED_EDGE('',*,*,#3192,.F.);
#4856 = PLANE('',#4857);
#4857 = AXIS2_PLACEMENT_3D('',#4858,#4859,#4860);
#4858 = CARTESIAN_POINT('',(75.921034225732,46.866025403784,24.25));
#4859 = DIRECTION('',(-0.,-1.,-0.));
#4860 = DIRECTION('',(0.,0.,-1.));
#4861 = ADVANCED_FACE('',(#4862),#4880,.T.);
#4862 = FACE_BOUND('',#4863,.T.);
#4863 = EDGE_LOOP('',(#4864,#4872,#4878,#4879));
#4864 = ORIENTED_EDGE('',*,*,#4865,.T.);
#4865 = EDGE_CURVE('',#3177,#4866,#4868,.T.);
#4866 = VERTEX_POINT('',#4867);
#4867 = CARTESIAN_POINT('',(69.519999999996,23.133974596216,13.5));
#4868 = LINE('',#4869,#4870);
#4869 = CARTESIAN_POINT('',(69.519999999996,23.133974596216,17.5));
#4870 = VECTOR('',#4871,1.);
#4871 = DIRECTION('',(-0.,-0.,-1.));
#4872 = ORIENTED_EDGE('',*,*,#4873,.T.);
#4873 = EDGE_CURVE('',#4866,#4842,#4874,.T.);
#4874 = LINE('',#4875,#4876);
#4875 = CARTESIAN_POINT('',(69.519999999996,23.133974596216,13.5));
#4876 = VECTOR('',#4877,1.);
#4877 = DIRECTION('',(0.,1.,0.));
#4878 = ORIENTED_EDGE('',*,*,#4841,.T.);
#4879 = ORIENTED_EDGE('',*,*,#3184,.F.);
#4880 = PLANE('',#4881);
#4881 = AXIS2_PLACEMENT_3D('',#4882,#4883,#4884);
#4882 = CARTESIAN_POINT('',(69.519999999996,35.,24.25));
#4883 = DIRECTION('',(1.,0.,0.));
#4884 = DIRECTION('',(0.,0.,1.));
#4885 = ADVANCED_FACE('',(#4886),#4904,.T.);
#4886 = FACE_BOUND('',#4887,.T.);
#4887 = EDGE_LOOP('',(#4888,#4896,#4902,#4903));
#4888 = ORIENTED_EDGE('',*,*,#4889,.T.);
#4889 = EDGE_CURVE('',#3169,#4890,#4892,.T.);
#4890 = VERTEX_POINT('',#4891);
#4891 = CARTESIAN_POINT('',(82.322068451469,23.133974596216,13.5));
#4892 = LINE('',#4893,#4894);
#4893 = CARTESIAN_POINT('',(82.322068451469,23.133974596216,17.5));
#4894 = VECTOR('',#4895,1.);
#4895 = DIRECTION('',(-0.,-0.,-1.));
#4896 = ORIENTED_EDGE('',*,*,#4897,.T.);
#4897 = EDGE_CURVE('',#4890,#4866,#4898,.T.);
#4898 = LINE('',#4899,#4900);
#4899 = CARTESIAN_POINT('',(82.322068451469,23.133974596216,13.5));
#4900 = VECTOR('',#4901,1.);
#4901 = DIRECTION('',(-1.,0.,0.));
#4902 = ORIENTED_EDGE('',*,*,#4865,.F.);
#4903 = ORIENTED_EDGE('',*,*,#3176,.F.);
#4904 = PLANE('',#4905);
#4905 = AXIS2_PLACEMENT_3D('',#4906,#4907,#4908);
#4906 = CARTESIAN_POINT('',(75.921034225732,23.133974596216,24.25));
#4907 = DIRECTION('',(0.,1.,0.));
#4908 = DIRECTION('',(0.,0.,1.));
#4909 = ADVANCED_FACE('',(#4910),#4928,.T.);
#4910 = FACE_BOUND('',#4911,.T.);
#4911 = EDGE_LOOP('',(#4912,#4920,#4926,#4927));
#4912 = ORIENTED_EDGE('',*,*,#4913,.T.);
#4913 = EDGE_CURVE('',#3161,#4914,#4916,.T.);
#4914 = VERTEX_POINT('',#4915);
#4915 = CARTESIAN_POINT('',(82.322068451469,17.133974596218,13.5));
#4916 = LINE('',#4917,#4918);
#4917 = CARTESIAN_POINT('',(82.322068451469,17.133974596218,17.5));
#4918 = VECTOR('',#4919,1.);
#4919 = DIRECTION('',(-0.,-0.,-1.));
#4920 = ORIENTED_EDGE('',*,*,#4921,.T.);
#4921 = EDGE_CURVE('',#4914,#4890,#4922,.T.);
#4922 = LINE('',#4923,#4924);
#4923 = CARTESIAN_POINT('',(82.322068451469,17.133974596218,13.5));
#4924 = VECTOR('',#4925,1.);
#4925 = DIRECTION('',(0.,1.,0.));
#4926 = ORIENTED_EDGE('',*,*,#4889,.F.);
#4927 = ORIENTED_EDGE('',*,*,#3168,.F.);
#4928 = PLANE('',#4929);
#4929 = AXIS2_PLACEMENT_3D('',#4930,#4931,#4932);
#4930 = CARTESIAN_POINT('',(82.322068451469,20.133974596217,24.25));
#4931 = DIRECTION('',(1.,0.,0.));
#4932 = DIRECTION('',(0.,0.,1.));
#4933 = ADVANCED_FACE('',(#4934),#4945,.T.);
#4934 = FACE_BOUND('',#4935,.T.);
#4935 = EDGE_LOOP('',(#4936,#4937,#4938,#4944));
#4936 = ORIENTED_EDGE('',*,*,#3160,.F.);
#4937 = ORIENTED_EDGE('',*,*,#3420,.F.);
#4938 = ORIENTED_EDGE('',*,*,#4939,.T.);
#4939 = EDGE_CURVE('',#3421,#4914,#4940,.T.);
#4940 = LINE('',#4941,#4942);
#4941 = CARTESIAN_POINT('',(64.753279009792,17.133974596218,13.5));
#4942 = VECTOR('',#4943,1.);
#4943 = DIRECTION('',(1.,0.,0.));
#4944 = ORIENTED_EDGE('',*,*,#4913,.F.);
#4945 = PLANE('',#4946);
#4946 = AXIS2_PLACEMENT_3D('',#4947,#4948,#4949);
#4947 = CARTESIAN_POINT('',(73.53767373063,17.133974596218,24.25));
#4948 = DIRECTION('',(-0.,-1.,-0.));
#4949 = DIRECTION('',(0.,0.,-1.));
#4950 = ADVANCED_FACE('',(#4951),#4969,.F.);
#4951 = FACE_BOUND('',#4952,.T.);
#4952 = EDGE_LOOP('',(#4953,#4962,#4967,#4968));
#4953 = ORIENTED_EDGE('',*,*,#4954,.F.);
#4954 = EDGE_CURVE('',#4955,#4955,#4957,.T.);
#4955 = VERTEX_POINT('',#4956);
#4956 = CARTESIAN_POINT('',(77.,21.,13.5));
#4957 = CIRCLE('',#4958,1.);
#4958 = AXIS2_PLACEMENT_3D('',#4959,#4960,#4961);
#4959 = CARTESIAN_POINT('',(76.,21.,13.5));
#4960 = DIRECTION('',(0.,0.,1.));
#4961 = DIRECTION('',(1.,0.,0.));
#4962 = ORIENTED_EDGE('',*,*,#4963,.F.);
#4963 = EDGE_CURVE('',#3217,#4955,#4964,.T.);
#4964 = B_SPLINE_CURVE_WITH_KNOTS('',1,(#4965,#4966),.UNSPECIFIED.,.F.,
  .F.,(2,2),(-17.5,4.),.PIECEWISE_BEZIER_KNOTS.);
#4965 = CARTESIAN_POINT('',(77.,21.,35.));
#4966 = CARTESIAN_POINT('',(77.,21.,13.5));
#4967 = ORIENTED_EDGE('',*,*,#3216,.F.);
#4968 = ORIENTED_EDGE('',*,*,#4963,.T.);
#4969 = CYLINDRICAL_SURFACE('',#4970,1.);
#4970 = AXIS2_PLACEMENT_3D('',#4971,#4972,#4973);
#4971 = CARTESIAN_POINT('',(76.,21.,17.5));
#4972 = DIRECTION('',(-0.,-0.,-1.));
#4973 = DIRECTION('',(1.,0.,0.));
#4974 = ADVANCED_FACE('',(#4975),#4993,.F.);
#4975 = FACE_BOUND('',#4976,.T.);
#4976 = EDGE_LOOP('',(#4977,#4986,#4991,#4992));
#4977 = ORIENTED_EDGE('',*,*,#4978,.F.);
#4978 = EDGE_CURVE('',#4979,#4979,#4981,.T.);
#4979 = VERTEX_POINT('',#4980);
#4980 = CARTESIAN_POINT('',(77.,49.,13.5));
#4981 = CIRCLE('',#4982,1.);
#4982 = AXIS2_PLACEMENT_3D('',#4983,#4984,#4985);
#4983 = CARTESIAN_POINT('',(76.,49.,13.5));
#4984 = DIRECTION('',(0.,0.,1.));
#4985 = DIRECTION('',(1.,0.,0.));
#4986 = ORIENTED_EDGE('',*,*,#4987,.F.);
#4987 = EDGE_CURVE('',#3228,#4979,#4988,.T.);
#4988 = B_SPLINE_CURVE_WITH_KNOTS('',1,(#4989,#4990),.UNSPECIFIED.,.F.,
  .F.,(2,2),(-17.5,4.),.PIECEWISE_BEZIER_KNOTS.);
#4989 = CARTESIAN_POINT('',(77.,49.,35.));
#4990 = CARTESIAN_POINT('',(77.,49.,13.5));
#4991 = ORIENTED_EDGE('',*,*,#3227,.F.);
#4992 = ORIENTED_EDGE('',*,*,#4987,.T.);
#4993 = CYLINDRICAL_SURFACE('',#4994,1.);
#4994 = AXIS2_PLACEMENT_3D('',#4995,#4996,#4997);
#4995 = CARTESIAN_POINT('',(76.,49.,17.5));
#4996 = DIRECTION('',(-0.,-0.,-1.));
#4997 = DIRECTION('',(1.,0.,0.));
#4998 = ADVANCED_FACE('',(#4999,#5017,#5020),#5023,.F.);
#4999 = FACE_BOUND('',#5000,.F.);
#5000 = EDGE_LOOP('',(#5001,#5002,#5003,#5004,#5005,#5006,#5007,#5008,
    #5009,#5016));
#5001 = ORIENTED_EDGE('',*,*,#4939,.T.);
#5002 = ORIENTED_EDGE('',*,*,#4921,.T.);
#5003 = ORIENTED_EDGE('',*,*,#4897,.T.);
#5004 = ORIENTED_EDGE('',*,*,#4873,.T.);
#5005 = ORIENTED_EDGE('',*,*,#4849,.T.);
#5006 = ORIENTED_EDGE('',*,*,#4826,.T.);
#5007 = ORIENTED_EDGE('',*,*,#4801,.T.);
#5008 = ORIENTED_EDGE('',*,*,#3310,.F.);
#5009 = ORIENTED_EDGE('',*,*,#5010,.F.);
#5010 = EDGE_CURVE('',#3429,#3303,#5011,.T.);
#5011 = CIRCLE('',#5012,42.099999999996);
#5012 = AXIS2_PLACEMENT_3D('',#5013,#5014,#5015);
#5013 = CARTESIAN_POINT('',(26.42,34.54,13.5));
#5014 = DIRECTION('',(0.,0.,1.));
#5015 = DIRECTION('',(1.,0.,0.));
#5016 = ORIENTED_EDGE('',*,*,#3428,.F.);
#5017 = FACE_BOUND('',#5018,.T.);
#5018 = EDGE_LOOP('',(#5019));
#5019 = ORIENTED_EDGE('',*,*,#4978,.T.);
#5020 = FACE_BOUND('',#5021,.T.);
#5021 = EDGE_LOOP('',(#5022));
#5022 = ORIENTED_EDGE('',*,*,#4954,.T.);
#5023 = PLANE('',#5024);
#5024 = AXIS2_PLACEMENT_3D('',#5025,#5026,#5027);
#5025 = CARTESIAN_POINT('',(72.48536637182,35.060724289972,13.5));
#5026 = DIRECTION('',(0.,0.,1.));
#5027 = DIRECTION('',(1.,0.,0.));
#5028 = ADVANCED_FACE('',(#5029),#5062,.F.);
#5029 = FACE_BOUND('',#5030,.F.);
#5030 = EDGE_LOOP('',(#5031,#5041,#5049,#5055,#5056));
#5031 = ORIENTED_EDGE('',*,*,#5032,.F.);
#5032 = EDGE_CURVE('',#5033,#5035,#5037,.T.);
#5033 = VERTEX_POINT('',#5034);
#5034 = CARTESIAN_POINT('',(66.793382320534,37.74,29.999999999916));
#5035 = VERTEX_POINT('',#5036);
#5036 = CARTESIAN_POINT('',(66.793382320534,37.74,7.999999999916));
#5037 = LINE('',#5038,#5039);
#5038 = CARTESIAN_POINT('',(66.793382320534,37.74,3.));
#5039 = VECTOR('',#5040,1.);
#5040 = DIRECTION('',(0.,0.,-1.));
#5041 = ORIENTED_EDGE('',*,*,#5042,.T.);
#5042 = EDGE_CURVE('',#5033,#5043,#5045,.T.);
#5043 = VERTEX_POINT('',#5044);
#5044 = CARTESIAN_POINT('',(68.398208632575,37.74,29.999999999916));
#5045 = LINE('',#5046,#5047);
#5046 = CARTESIAN_POINT('',(52.84,37.74,29.999999999916));
#5047 = VECTOR('',#5048,1.);
#5048 = DIRECTION('',(1.,0.,-0.));
#5049 = ORIENTED_EDGE('',*,*,#5050,.T.);
#5050 = EDGE_CURVE('',#5043,#3303,#5051,.T.);
#5051 = LINE('',#5052,#5053);
#5052 = CARTESIAN_POINT('',(68.398208632575,37.74,3.));
#5053 = VECTOR('',#5054,1.);
#5054 = DIRECTION('',(-0.,-0.,-1.));
#5055 = ORIENTED_EDGE('',*,*,#3302,.T.);
#5056 = ORIENTED_EDGE('',*,*,#5057,.F.);
#5057 = EDGE_CURVE('',#5035,#3278,#5058,.T.);
#5058 = LINE('',#5059,#5060);
#5059 = CARTESIAN_POINT('',(52.84,37.74,7.999999999916));
#5060 = VECTOR('',#5061,1.);
#5061 = DIRECTION('',(1.,0.,-0.));
#5062 = PLANE('',#5063);
#5063 = AXIS2_PLACEMENT_3D('',#5064,#5065,#5066);
#5064 = CARTESIAN_POINT('',(52.84,37.74,29.999999999916));
#5065 = DIRECTION('',(0.,1.,0.));
#5066 = DIRECTION('',(0.,0.,-1.));
#5067 = ADVANCED_FACE('',(#5068),#5135,.F.);
#5068 = FACE_BOUND('',#5069,.F.);
#5069 = EDGE_LOOP('',(#5070,#5095,#5096,#5097,#5098,#5106));
#5070 = ORIENTED_EDGE('',*,*,#5071,.F.);
#5071 = EDGE_CURVE('',#5035,#5072,#5074,.T.);
#5072 = VERTEX_POINT('',#5073);
#5073 = CARTESIAN_POINT('',(66.92,34.54,5.006674090581));
#5074 = B_SPLINE_CURVE_WITH_KNOTS('',7,(#5075,#5076,#5077,#5078,#5079,
    #5080,#5081,#5082,#5083,#5084,#5085,#5086,#5087,#5088,#5089,#5090,
    #5091,#5092,#5093,#5094),.UNSPECIFIED.,.F.,.F.,(8,6,6,8),(0.,
    0.499288241273,0.774667960811,1.),.UNSPECIFIED.);
#5075 = CARTESIAN_POINT('',(66.793382320534,37.74,7.999999999979));
#5076 = CARTESIAN_POINT('',(66.793382320534,37.739999999998,
    7.697950940052));
#5077 = CARTESIAN_POINT('',(66.796194344319,37.704521247544,
    7.396244971393));
#5078 = CARTESIAN_POINT('',(66.801807655731,37.633701659713,
    7.097137871854));
#5079 = CARTESIAN_POINT('',(66.810093969078,37.526657639898,
    6.803149582495));
#5080 = CARTESIAN_POINT('',(66.820795662016,37.38172443641,
    6.517562055033));
#5081 = CARTESIAN_POINT('',(66.833409150293,37.196729255891,
    6.245044607544));
#5082 = CARTESIAN_POINT('',(66.854601868323,36.844071274475,
    5.853378239932));
#5083 = CARTESIAN_POINT('',(66.862474456292,36.70549326781,
    5.719872278872));
#5084 = CARTESIAN_POINT('',(66.870522721658,36.553547323892,
    5.593717002775));
#5085 = CARTESIAN_POINT('',(66.878544171409,36.388234878586,
    5.476644846937));
#5086 = CARTESIAN_POINT('',(66.886298124341,36.209741732062,
    5.370512953696));
#5087 = CARTESIAN_POINT('',(66.893516202155,36.018474518361,
    5.277325406396));
#5088 = CARTESIAN_POINT('',(66.90516416676,35.648693890053,
    5.135379922337));
#5089 = CARTESIAN_POINT('',(66.909866901375,35.474035091129,
    5.081569688609));
#5090 = CARTESIAN_POINT('',(66.913837843747,35.292741094545,
    5.039542325691));
#5091 = CARTESIAN_POINT('',(66.916911862645,35.106660959745,
    5.010535532185));
#5092 = CARTESIAN_POINT('',(66.918979463447,34.917797772464,
    4.995301683455));
#5093 = CARTESIAN_POINT('',(66.92,34.7282249154,4.994097784419));
#5094 = CARTESIAN_POINT('',(66.92,34.54,5.006674090581));
#5095 = ORIENTED_EDGE('',*,*,#5057,.T.);
#5096 = ORIENTED_EDGE('',*,*,#3277,.T.);
#5097 = ORIENTED_EDGE('',*,*,#3445,.T.);
#5098 = ORIENTED_EDGE('',*,*,#5099,.F.);
#5099 = EDGE_CURVE('',#5100,#3438,#5102,.T.);
#5100 = VERTEX_POINT('',#5101);
#5101 = CARTESIAN_POINT('',(66.823093940935,31.74,8.));
#5102 = LINE('',#5103,#5104);
#5103 = CARTESIAN_POINT('',(52.84,31.74,8.));
#5104 = VECTOR('',#5105,1.);
#5105 = DIRECTION('',(1.,0.,-0.));
#5106 = ORIENTED_EDGE('',*,*,#5107,.F.);
#5107 = EDGE_CURVE('',#5072,#5100,#5108,.T.);
#5108 = B_SPLINE_CURVE_WITH_KNOTS('',7,(#5109,#5110,#5111,#5112,#5113,
    #5114,#5115,#5116,#5117,#5118,#5119,#5120,#5121,#5122,#5123,#5124,
    #5125,#5126,#5127,#5128,#5129,#5130,#5131,#5132,#5133,#5134),
  .UNSPECIFIED.,.F.,.F.,(8,6,6,6,8),(0.,0.177380876982,0.303810921524,
    0.474306818833,1.),.UNSPECIFIED.);
#5109 = CARTESIAN_POINT('',(66.92,34.54,5.006674090581));
#5110 = CARTESIAN_POINT('',(66.92,34.402449922321,5.015864541727));
#5111 = CARTESIAN_POINT('',(66.919455098809,34.266024105185,
    5.032387012194));
#5112 = CARTESIAN_POINT('',(66.91838086311,34.131439747644,
    5.056071029626));
#5113 = CARTESIAN_POINT('',(66.916810742984,33.999391968836,
    5.086629400788));
#5114 = CARTESIAN_POINT('',(66.914792749259,33.870540094819,
    5.123660754243));
#5115 = CARTESIAN_POINT('',(66.912386130863,33.745493945412,
    5.166652083026));
#5116 = CARTESIAN_POINT('',(66.907713586019,33.538774356293,
    5.249428424785));
#5117 = CARTESIAN_POINT('',(66.905603975811,33.454889062414,
    5.286615629498));
#5118 = CARTESIAN_POINT('',(66.903350613198,33.373227578589,5.3263742082
    ));
#5119 = CARTESIAN_POINT('',(66.900974625576,33.293863113635,
    5.368534191144));
#5120 = CARTESIAN_POINT('',(66.898496876083,33.216858745994,
    5.412924332093));
#5121 = CARTESIAN_POINT('',(66.895937963595,33.142267423732,
    5.459372108326));
#5122 = CARTESIAN_POINT('',(66.889785398937,32.972854455167,
    5.572880804439));
#5123 = CARTESIAN_POINT('',(66.88614112179,32.880029199897,
    5.641492808455));
#5124 = CARTESIAN_POINT('',(66.882430058753,32.791648434255,
    5.713193319876));
#5125 = CARTESIAN_POINT('',(66.878693117634,32.707691570161,
    5.787660898321));
#5126 = CARTESIAN_POINT('',(66.874967299385,32.628125740819,
    5.864598794358));
#5127 = CARTESIAN_POINT('',(66.871285550903,32.552906345599,
    5.94373466803));
#5128 = CARTESIAN_POINT('',(66.856549127134,32.263281654603,
    6.274833172018));
#5129 = CARTESIAN_POINT('',(66.846105263138,32.085205336754,
    6.543578671398));
#5130 = CARTESIAN_POINT('',(66.83715967884,31.945610197197,
    6.824582835534));
#5131 = CARTESIAN_POINT('',(66.830194471579,31.842457068219,
    7.113501177188));
#5132 = CARTESIAN_POINT('',(66.825463613836,31.774193922516,
    7.407257327192));
#5133 = CARTESIAN_POINT('',(66.823093940935,31.74,7.703471014897));
#5134 = CARTESIAN_POINT('',(66.823093940935,31.74,8.));
#5135 = CYLINDRICAL_SURFACE('',#5136,3.);
#5136 = AXIS2_PLACEMENT_3D('',#5137,#5138,#5139);
#5137 = CARTESIAN_POINT('',(52.84,34.74,8.));
#5138 = DIRECTION('',(-1.,0.,0.));
#5139 = DIRECTION('',(0.,-1.,0.));
#5140 = ADVANCED_FACE('',(#5141,#5212),#5223,.F.);
#5141 = FACE_BOUND('',#5142,.F.);
#5142 = EDGE_LOOP('',(#5143,#5144,#5153,#5160,#5161,#5170,#5177,#5178,
    #5187,#5194,#5195,#5204,#5211));
#5143 = ORIENTED_EDGE('',*,*,#3261,.T.);
#5144 = ORIENTED_EDGE('',*,*,#5145,.T.);
#5145 = EDGE_CURVE('',#3254,#5146,#5148,.T.);
#5146 = VERTEX_POINT('',#5147);
#5147 = CARTESIAN_POINT('',(55.723944315545,64.767286473506,3.));
#5148 = CIRCLE('',#5149,42.1);
#5149 = AXIS2_PLACEMENT_3D('',#5150,#5151,#5152);
#5150 = CARTESIAN_POINT('',(26.42,34.54,3.));
#5151 = DIRECTION('',(0.,0.,1.));
#5152 = DIRECTION('',(1.,0.,0.));
#5153 = ORIENTED_EDGE('',*,*,#5154,.T.);
#5154 = EDGE_CURVE('',#5146,#3647,#5155,.T.);
#5155 = CIRCLE('',#5156,42.1);
#5156 = AXIS2_PLACEMENT_3D('',#5157,#5158,#5159);
#5157 = CARTESIAN_POINT('',(26.42,34.54,3.));
#5158 = DIRECTION('',(0.,0.,1.));
#5159 = DIRECTION('',(1.,0.,0.));
#5160 = ORIENTED_EDGE('',*,*,#3663,.T.);
#5161 = ORIENTED_EDGE('',*,*,#5162,.T.);
#5162 = EDGE_CURVE('',#3656,#5163,#5165,.T.);
#5163 = VERTEX_POINT('',#5164);
#5164 = CARTESIAN_POINT('',(-2.883944315545,64.767286473506,3.));
#5165 = CIRCLE('',#5166,42.1);
#5166 = AXIS2_PLACEMENT_3D('',#5167,#5168,#5169);
#5167 = CARTESIAN_POINT('',(26.42,34.54,3.));
#5168 = DIRECTION('',(0.,0.,1.));
#5169 = DIRECTION('',(1.,0.,0.));
#5170 = ORIENTED_EDGE('',*,*,#5171,.T.);
#5171 = EDGE_CURVE('',#5163,#4125,#5172,.T.);
#5172 = CIRCLE('',#5173,42.1);
#5173 = AXIS2_PLACEMENT_3D('',#5174,#5175,#5176);
#5174 = CARTESIAN_POINT('',(26.42,34.54,3.));
#5175 = DIRECTION('',(0.,0.,1.));
#5176 = DIRECTION('',(1.,0.,0.));
#5177 = ORIENTED_EDGE('',*,*,#4141,.T.);
#5178 = ORIENTED_EDGE('',*,*,#5179,.T.);
#5179 = EDGE_CURVE('',#4134,#5180,#5182,.T.);
#5180 = VERTEX_POINT('',#5181);
#5181 = CARTESIAN_POINT('',(-2.883944315545,4.312713526494,3.));
#5182 = CIRCLE('',#5183,42.1);
#5183 = AXIS2_PLACEMENT_3D('',#5184,#5185,#5186);
#5184 = CARTESIAN_POINT('',(26.42,34.54,3.));
#5185 = DIRECTION('',(0.,0.,1.));
#5186 = DIRECTION('',(1.,0.,0.));
#5187 = ORIENTED_EDGE('',*,*,#5188,.T.);
#5188 = EDGE_CURVE('',#5180,#3860,#5189,.T.);
#5189 = CIRCLE('',#5190,42.1);
#5190 = AXIS2_PLACEMENT_3D('',#5191,#5192,#5193);
#5191 = CARTESIAN_POINT('',(26.42,34.54,3.));
#5192 = DIRECTION('',(0.,0.,1.));
#5193 = DIRECTION('',(1.,0.,0.));
#5194 = ORIENTED_EDGE('',*,*,#3859,.T.);
#5195 = ORIENTED_EDGE('',*,*,#5196,.T.);
#5196 = EDGE_CURVE('',#3852,#5197,#5199,.T.);
#5197 = VERTEX_POINT('',#5198);
#5198 = CARTESIAN_POINT('',(55.723944315545,4.312713526494,3.));
#5199 = CIRCLE('',#5200,42.1);
#5200 = AXIS2_PLACEMENT_3D('',#5201,#5202,#5203);
#5201 = CARTESIAN_POINT('',(26.42,34.54,3.));
#5202 = DIRECTION('',(0.,0.,1.));
#5203 = DIRECTION('',(1.,0.,0.));
#5204 = ORIENTED_EDGE('',*,*,#5205,.T.);
#5205 = EDGE_CURVE('',#5197,#3412,#5206,.T.);
#5206 = CIRCLE('',#5207,42.1);
#5207 = AXIS2_PLACEMENT_3D('',#5208,#5209,#5210);
#5208 = CARTESIAN_POINT('',(26.42,34.54,3.));
#5209 = DIRECTION('',(0.,0.,1.));
#5210 = DIRECTION('',(1.,0.,0.));
#5211 = ORIENTED_EDGE('',*,*,#3475,.T.);
#5212 = FACE_BOUND('',#5213,.F.);
#5213 = EDGE_LOOP('',(#5214));
#5214 = ORIENTED_EDGE('',*,*,#5215,.T.);
#5215 = EDGE_CURVE('',#5216,#5216,#5218,.T.);
#5216 = VERTEX_POINT('',#5217);
#5217 = CARTESIAN_POINT('',(66.92,34.54,3.));
#5218 = CIRCLE('',#5219,40.5);
#5219 = AXIS2_PLACEMENT_3D('',#5220,#5221,#5222);
#5220 = CARTESIAN_POINT('',(26.42,34.54,3.));
#5221 = DIRECTION('',(0.,0.,-1.));
#5222 = DIRECTION('',(1.,0.,0.));
#5223 = PLANE('',#5224);
#5224 = AXIS2_PLACEMENT_3D('',#5225,#5226,#5227);
#5225 = CARTESIAN_POINT('',(26.42,34.54,3.));
#5226 = DIRECTION('',(0.,0.,1.));
#5227 = DIRECTION('',(1.,0.,0.));
#5228 = ADVANCED_FACE('',(#5229),#5241,.T.);
#5229 = FACE_BOUND('',#5230,.T.);
#5230 = EDGE_LOOP('',(#5231,#5238,#5239,#5240));
#5231 = ORIENTED_EDGE('',*,*,#5232,.F.);
#5232 = EDGE_CURVE('',#3647,#3254,#5233,.T.);
#5233 = CIRCLE('',#5234,3.);
#5234 = AXIS2_PLACEMENT_3D('',#5235,#5236,#5237);
#5235 = CARTESIAN_POINT('',(56.42,65.485274275727,3.));
#5236 = DIRECTION('',(0.,0.,-1.));
#5237 = DIRECTION('',(1.,0.,0.));
#5238 = ORIENTED_EDGE('',*,*,#3646,.T.);
#5239 = ORIENTED_EDGE('',*,*,#3576,.T.);
#5240 = ORIENTED_EDGE('',*,*,#3253,.F.);
#5241 = CYLINDRICAL_SURFACE('',#5242,3.);
#5242 = AXIS2_PLACEMENT_3D('',#5243,#5244,#5245);
#5243 = CARTESIAN_POINT('',(56.42,65.485274275727,3.));
#5244 = DIRECTION('',(0.,-1.2E-16,-1.));
#5245 = DIRECTION('',(1.,0.,0.));
#5246 = ADVANCED_FACE('',(#5247),#5338,.F.);
#5247 = FACE_BOUND('',#5248,.F.);
#5248 = EDGE_LOOP('',(#5249,#5288,#5294,#5295,#5303));
#5249 = ORIENTED_EDGE('',*,*,#5250,.F.);
#5250 = EDGE_CURVE('',#5251,#5253,#5255,.T.);
#5251 = VERTEX_POINT('',#5252);
#5252 = CARTESIAN_POINT('',(60.752588329963,56.023095181219,30.));
#5253 = VERTEX_POINT('',#5254);
#5254 = CARTESIAN_POINT('',(59.067231704726,58.506815850628,33.));
#5255 = B_SPLINE_CURVE_WITH_KNOTS('',7,(#5256,#5257,#5258,#5259,#5260,
    #5261,#5262,#5263,#5264,#5265,#5266,#5267,#5268,#5269,#5270,#5271,
    #5272,#5273,#5274,#5275,#5276,#5277,#5278,#5279,#5280,#5281,#5282,
    #5283,#5284,#5285,#5286,#5287),.UNSPECIFIED.,.F.,.F.,(8,6,6,6,6,8),(
    0.,0.254071452181,0.436014513443,0.600359546414,0.781283002791,1.),
  .UNSPECIFIED.);
#5256 = CARTESIAN_POINT('',(60.752588329963,56.023095181219,30.));
#5257 = CARTESIAN_POINT('',(60.752588329963,56.023095181219,
    30.296588868288));
#5258 = CARTESIAN_POINT('',(60.734399408423,56.05216324047,
    30.592860731316));
#5259 = CARTESIAN_POINT('',(60.698088379143,56.110192873781,
    30.886674048083));
#5260 = CARTESIAN_POINT('',(60.643069351232,56.197774607324,
    31.175648181009));
#5261 = CARTESIAN_POINT('',(60.568223170469,56.316016564483,
    31.456704591889));
#5262 = CARTESIAN_POINT('',(60.471959876054,56.466286081194,
    31.725493586524));
#5263 = CARTESIAN_POINT('',(60.266719325835,56.781272494602,
    32.154590630337));
#5264 = CARTESIAN_POINT('',(60.168465474597,56.930765964076,
    32.32537914539));
#5265 = CARTESIAN_POINT('',(60.057177961594,57.098307155213,
    32.483990036647));
#5266 = CARTESIAN_POINT('',(59.932705435968,57.28332499829,
    32.626398437959));
#5267 = CARTESIAN_POINT('',(59.795177851971,57.484705937693,
    32.748472408462));
#5268 = CARTESIAN_POINT('',(59.645096369651,57.700769923107,
    32.845936347651));
#5269 = CARTESIAN_POINT('',(59.337542168323,58.135535530605,
    32.976031691552));
#5270 = CARTESIAN_POINT('',(59.183446401526,58.350182821957,
    33.013490174293));
#5271 = CARTESIAN_POINT('',(59.024211508591,58.56838615216,
    33.023263376047));
#5272 = CARTESIAN_POINT('',(58.86337260653,58.785017198072,
    33.004156310839));
#5273 = CARTESIAN_POINT('',(58.704754489195,58.995101274695,
    32.957143415393));
#5274 = CARTESIAN_POINT('',(58.552131376367,59.194223826351,
    32.88534371983));
#5275 = CARTESIAN_POINT('',(58.25100473162,59.582031314574,
    32.693459842116));
#5276 = CARTESIAN_POINT('',(58.103961185196,59.768292579291,
    32.568910995971));
#5277 = CARTESIAN_POINT('',(57.968736218634,59.937095235408,
    32.424882577234));
#5278 = CARTESIAN_POINT('',(57.845968293234,60.088455351213,
    32.265243191333));
#5279 = CARTESIAN_POINT('',(57.735962855189,60.222694785802,
    32.093362562568));
#5280 = CARTESIAN_POINT('',(57.63876353534,60.340315647199,
    31.91220485688));
#5281 = CARTESIAN_POINT('',(57.451964436897,60.564848413001,
    31.497280701232));
#5282 = CARTESIAN_POINT('',(57.367718517958,60.664961062637,
    31.259375310032));
#5283 = CARTESIAN_POINT('',(57.301001692371,60.743605466503,
    31.014036763697));
#5284 = CARTESIAN_POINT('',(57.251338582256,60.801841944015,
    30.763710661069));
#5285 = CARTESIAN_POINT('',(57.218350633417,60.84042303976,
    30.510251216669));
#5286 = CARTESIAN_POINT('',(57.201839610371,60.859733095178,
    30.255201472765));
#5287 = CARTESIAN_POINT('',(57.201839610373,60.859733095175,
    29.999999999958));
#5288 = ORIENTED_EDGE('',*,*,#5289,.T.);
#5289 = EDGE_CURVE('',#5251,#3320,#5290,.T.);
#5290 = LINE('',#5291,#5292);
#5291 = CARTESIAN_POINT('',(49.440027697805,47.804038781317,30.));
#5292 = VECTOR('',#5293,1.);
#5293 = DIRECTION('',(0.809016994375,0.587785252292,-0.));
#5294 = ORIENTED_EDGE('',*,*,#3319,.T.);
#5295 = ORIENTED_EDGE('',*,*,#5296,.F.);
#5296 = EDGE_CURVE('',#5297,#3322,#5299,.T.);
#5297 = VERTEX_POINT('',#5298);
#5298 = CARTESIAN_POINT('',(57.201839610373,60.859733095175,
    29.999999999916));
#5299 = LINE('',#5300,#5301);
#5300 = CARTESIAN_POINT('',(45.91331618405,52.658140747567,
    29.999999999916));
#5301 = VECTOR('',#5302,1.);
#5302 = DIRECTION('',(0.809016994375,0.587785252292,-0.));
#5303 = ORIENTED_EDGE('',*,*,#5304,.F.);
#5304 = EDGE_CURVE('',#5253,#5297,#5305,.T.);
#5305 = B_SPLINE_CURVE_WITH_KNOTS('',7,(#5306,#5307,#5308,#5309,#5310,
    #5311,#5312,#5313,#5314,#5315,#5316,#5317,#5318,#5319,#5320,#5321,
    #5322,#5323,#5324,#5325,#5326,#5327,#5328,#5329,#5330,#5331,#5332,
    #5333,#5334,#5335,#5336,#5337),.UNSPECIFIED.,.F.,.F.,(8,6,6,6,6,8),(
    0.,0.254071452181,0.436014513443,0.600359546414,0.781283002791,1.),
  .UNSPECIFIED.);
#5306 = CARTESIAN_POINT('',(60.752588329963,56.023095181219,30.));
#5307 = CARTESIAN_POINT('',(60.752588329963,56.023095181219,
    30.296588868288));
#5308 = CARTESIAN_POINT('',(60.734399408423,56.05216324047,
    30.592860731316));
#5309 = CARTESIAN_POINT('',(60.698088379143,56.110192873781,
    30.886674048083));
#5310 = CARTESIAN_POINT('',(60.643069351232,56.197774607324,
    31.175648181009));
#5311 = CARTESIAN_POINT('',(60.568223170469,56.316016564483,
    31.456704591889));
#5312 = CARTESIAN_POINT('',(60.471959876054,56.466286081194,
    31.725493586524));
#5313 = CARTESIAN_POINT('',(60.266719325835,56.781272494602,
    32.154590630337));
#5314 = CARTESIAN_POINT('',(60.168465474597,56.930765964076,
    32.32537914539));
#5315 = CARTESIAN_POINT('',(60.057177961594,57.098307155213,
    32.483990036647));
#5316 = CARTESIAN_POINT('',(59.932705435968,57.28332499829,
    32.626398437959));
#5317 = CARTESIAN_POINT('',(59.795177851971,57.484705937693,
    32.748472408462));
#5318 = CARTESIAN_POINT('',(59.645096369651,57.700769923107,
    32.845936347651));
#5319 = CARTESIAN_POINT('',(59.337542168323,58.135535530605,
    32.976031691552));
#5320 = CARTESIAN_POINT('',(59.183446401526,58.350182821957,
    33.013490174293));
#5321 = CARTESIAN_POINT('',(59.024211508591,58.56838615216,
    33.023263376047));
#5322 = CARTESIAN_POINT('',(58.86337260653,58.785017198072,
    33.004156310839));
#5323 = CARTESIAN_POINT('',(58.704754489195,58.995101274695,
    32.957143415393));
#5324 = CARTESIAN_POINT('',(58.552131376367,59.194223826351,
    32.88534371983));
#5325 = CARTESIAN_POINT('',(58.25100473162,59.582031314574,
    32.693459842116));
#5326 = CARTESIAN_POINT('',(58.103961185196,59.768292579291,
    32.568910995971));
#5327 = CARTESIAN_POINT('',(57.968736218634,59.937095235408,
    32.424882577234));
#5328 = CARTESIAN_POINT('',(57.845968293234,60.088455351213,
    32.265243191333));
#5329 = CARTESIAN_POINT('',(57.735962855189,60.222694785802,
    32.093362562568));
#5330 = CARTESIAN_POINT('',(57.63876353534,60.340315647199,
    31.91220485688));
#5331 = CARTESIAN_POINT('',(57.451964436897,60.564848413001,
    31.497280701232));
#5332 = CARTESIAN_POINT('',(57.367718517958,60.664961062637,
    31.259375310032));
#5333 = CARTESIAN_POINT('',(57.301001692371,60.743605466503,
    31.014036763697));
#5334 = CARTESIAN_POINT('',(57.251338582256,60.801841944015,
    30.763710661069));
#5335 = CARTESIAN_POINT('',(57.218350633417,60.84042303976,
    30.510251216669));
#5336 = CARTESIAN_POINT('',(57.201839610371,60.859733095178,
    30.255201472765));
#5337 = CARTESIAN_POINT('',(57.201839610373,60.859733095175,
    29.999999999958));
#5338 = CYLINDRICAL_SURFACE('',#5339,3.);
#5339 = AXIS2_PLACEMENT_3D('',#5340,#5341,#5342);
#5340 = CARTESIAN_POINT('',(47.676671940928,50.231089764442,30.));
#5341 = DIRECTION('',(-0.809016994375,-0.587785252292,0.));
#5342 = DIRECTION('',(0.587785252292,-0.809016994375,0.));
#5343 = ADVANCED_FACE('',(#5344),#5362,.T.);
#5344 = FACE_BOUND('',#5345,.T.);
#5345 = EDGE_LOOP('',(#5346,#5354,#5355,#5356));
#5346 = ORIENTED_EDGE('',*,*,#5347,.F.);
#5347 = EDGE_CURVE('',#5251,#5348,#5350,.T.);
#5348 = VERTEX_POINT('',#5349);
#5349 = CARTESIAN_POINT('',(60.752588329963,56.023095181219,8.));
#5350 = LINE('',#5351,#5352);
#5351 = CARTESIAN_POINT('',(60.752588329963,56.023095181219,3.));
#5352 = VECTOR('',#5353,1.);
#5353 = DIRECTION('',(0.,0.,-1.));
#5354 = ORIENTED_EDGE('',*,*,#5289,.T.);
#5355 = ORIENTED_EDGE('',*,*,#3358,.T.);
#5356 = ORIENTED_EDGE('',*,*,#5357,.F.);
#5357 = EDGE_CURVE('',#5348,#3359,#5358,.T.);
#5358 = LINE('',#5359,#5360);
#5359 = CARTESIAN_POINT('',(49.440027697805,47.804038781317,8.));
#5360 = VECTOR('',#5361,1.);
#5361 = DIRECTION('',(0.809016994375,0.587785252292,-0.));
#5362 = PLANE('',#5363);
#5363 = AXIS2_PLACEMENT_3D('',#5364,#5365,#5366);
#5364 = CARTESIAN_POINT('',(49.440027697805,47.804038781317,30.));
#5365 = DIRECTION('',(-0.587785252292,0.809016994375,0.));
#5366 = DIRECTION('',(0.,-0.,-1.));
#5367 = ADVANCED_FACE('',(#5368),#5386,.F.);
#5368 = FACE_BOUND('',#5369,.F.);
#5369 = EDGE_LOOP('',(#5370,#5378,#5379,#5380));
#5370 = ORIENTED_EDGE('',*,*,#5371,.F.);
#5371 = EDGE_CURVE('',#5297,#5372,#5374,.T.);
#5372 = VERTEX_POINT('',#5373);
#5373 = CARTESIAN_POINT('',(57.201839610373,60.859733095175,
    7.999999999916));
#5374 = LINE('',#5375,#5376);
#5375 = CARTESIAN_POINT('',(57.201839610373,60.859733095175,3.));
#5376 = VECTOR('',#5377,1.);
#5377 = DIRECTION('',(0.,0.,-1.));
#5378 = ORIENTED_EDGE('',*,*,#5296,.T.);
#5379 = ORIENTED_EDGE('',*,*,#3397,.T.);
#5380 = ORIENTED_EDGE('',*,*,#5381,.F.);
#5381 = EDGE_CURVE('',#5372,#3367,#5382,.T.);
#5382 = LINE('',#5383,#5384);
#5383 = CARTESIAN_POINT('',(45.91331618405,52.658140747567,
    7.999999999916));
#5384 = VECTOR('',#5385,1.);
#5385 = DIRECTION('',(0.809016994375,0.587785252292,-0.));
#5386 = PLANE('',#5387);
#5387 = AXIS2_PLACEMENT_3D('',#5388,#5389,#5390);
#5388 = CARTESIAN_POINT('',(45.91331618405,52.658140747567,
    29.999999999916));
#5389 = DIRECTION('',(-0.587785252292,0.809016994375,0.));
#5390 = DIRECTION('',(0.,-0.,-1.));
#5391 = ADVANCED_FACE('',(#5392),#5430,.F.);
#5392 = FACE_BOUND('',#5393,.F.);
#5393 = EDGE_LOOP('',(#5394,#5427,#5428,#5429));
#5394 = ORIENTED_EDGE('',*,*,#5395,.F.);
#5395 = EDGE_CURVE('',#5372,#5348,#5396,.T.);
#5396 = B_SPLINE_CURVE_WITH_KNOTS('',8,(#5397,#5398,#5399,#5400,#5401,
    #5402,#5403,#5404,#5405,#5406,#5407,#5408,#5409,#5410,#5411,#5412,
    #5413,#5414,#5415,#5416,#5417,#5418,#5419,#5420,#5421,#5422,#5423,
    #5424,#5425,#5426),.UNSPECIFIED.,.F.,.F.,(9,7,7,7,9),(0.,
    0.24322319227,0.446195484466,0.69875102576,1.),.UNSPECIFIED.);
#5397 = CARTESIAN_POINT('',(57.201839610373,60.859733095175,
    7.999999999979));
#5398 = CARTESIAN_POINT('',(57.201839610374,60.859733095174,
    7.749422777487));
#5399 = CARTESIAN_POINT('',(57.217432673587,60.841496451535,
    7.499044742015));
#5400 = CARTESIAN_POINT('',(57.248577315576,60.805071777576,
    7.250091717653));
#5401 = CARTESIAN_POINT('',(57.295429664103,60.750153740871,
    7.003886319986));
#5402 = CARTESIAN_POINT('',(57.35830272095,60.676133205492,
    6.761993033812));
#5403 = CARTESIAN_POINT('',(57.437608006424,60.582140965713,
    6.526385540296));
#5404 = CARTESIAN_POINT('',(57.533779522574,60.467098513104,
    6.299653681355));
#5405 = CARTESIAN_POINT('',(57.741813828874,60.215203290047,
    5.906359900896));
#5406 = CARTESIAN_POINT('',(57.849354470722,60.084010722473,
    5.734332671694));
#5407 = CARTESIAN_POINT('',(57.96973168432,59.935811491375,5.57279079319
    ));
#5408 = CARTESIAN_POINT('',(58.102478969013,59.770580996712,
    5.425390221738));
#5409 = CARTESIAN_POINT('',(58.24676000757,59.588660184487,
    5.295825016379));
#5410 = CARTESIAN_POINT('',(58.401385968322,59.390789365562,
    5.187834629734));
#5411 = CARTESIAN_POINT('',(58.564823637727,59.178185792018,
    5.105231311742));
#5412 = CARTESIAN_POINT('',(58.947184283137,58.672052660487,
    4.985647492873));
#5413 = CARTESIAN_POINT('',(59.16201326224,58.381892034773,
    4.967211564967));
#5414 = CARTESIAN_POINT('',(59.373232762324,58.090182095688,
    4.998747285522));
#5415 = CARTESIAN_POINT('',(59.574639712828,57.805518062466,
    5.078823162551));
#5416 = CARTESIAN_POINT('',(59.760960647742,57.536352081724,
    5.202667731269));
#5417 = CARTESIAN_POINT('',(59.928223444043,57.290176308049,
    5.362334751052));
#5418 = CARTESIAN_POINT('',(60.073970946513,57.072425904759,
    5.546860054095));
#5419 = CARTESIAN_POINT('',(60.344448808998,56.663581990745,
    5.975394335724));
#5420 = CARTESIAN_POINT('',(60.46608209511,56.476088751265,
    6.234111168431));
#5421 = CARTESIAN_POINT('',(60.564162808066,56.322622963507,
    6.510237262755));
#5422 = CARTESIAN_POINT('',(60.640564216255,56.201801023765,
    6.798114100582));
#5423 = CARTESIAN_POINT('',(60.696805783837,56.112243236361,
    7.093675740851));
#5424 = CARTESIAN_POINT('',(60.733958470513,56.052867674168,
    7.393955685461));
#5425 = CARTESIAN_POINT('',(60.752588329963,56.023095181219,
    7.696732969055));
#5426 = CARTESIAN_POINT('',(60.752588329963,56.023095181219,8.));
#5427 = ORIENTED_EDGE('',*,*,#5381,.T.);
#5428 = ORIENTED_EDGE('',*,*,#3366,.T.);
#5429 = ORIENTED_EDGE('',*,*,#5357,.F.);
#5430 = CYLINDRICAL_SURFACE('',#5431,3.);
#5431 = AXIS2_PLACEMENT_3D('',#5432,#5433,#5434);
#5432 = CARTESIAN_POINT('',(47.676671940928,50.231089764442,8.));
#5433 = DIRECTION('',(-0.809016994375,-0.587785252292,0.));
#5434 = DIRECTION('',(0.587785252292,-0.809016994375,0.));
#5435 = ADVANCED_FACE('',(#5436),#5448,.T.);
#5436 = FACE_BOUND('',#5437,.T.);
#5437 = EDGE_LOOP('',(#5438,#5445,#5446,#5447));
#5438 = ORIENTED_EDGE('',*,*,#5439,.F.);
#5439 = EDGE_CURVE('',#3412,#3852,#5440,.T.);
#5440 = CIRCLE('',#5441,3.);
#5441 = AXIS2_PLACEMENT_3D('',#5442,#5443,#5444);
#5442 = CARTESIAN_POINT('',(56.42,3.594725724273,3.));
#5443 = DIRECTION('',(0.,0.,-1.));
#5444 = DIRECTION('',(1.,0.,0.));
#5445 = ORIENTED_EDGE('',*,*,#3411,.T.);
#5446 = ORIENTED_EDGE('',*,*,#3611,.T.);
#5447 = ORIENTED_EDGE('',*,*,#3851,.F.);
#5448 = CYLINDRICAL_SURFACE('',#5449,3.);
#5449 = AXIS2_PLACEMENT_3D('',#5450,#5451,#5452);
#5450 = CARTESIAN_POINT('',(56.42,3.594725724273,3.));
#5451 = DIRECTION('',(0.,-1.2E-16,-1.));
#5452 = DIRECTION('',(1.,0.,0.));
#5453 = ADVANCED_FACE('',(#5454),#5480,.T.);
#5454 = FACE_BOUND('',#5455,.T.);
#5455 = EDGE_LOOP('',(#5456,#5464,#5472,#5478,#5479));
#5456 = ORIENTED_EDGE('',*,*,#5457,.F.);
#5457 = EDGE_CURVE('',#5458,#5100,#5460,.T.);
#5458 = VERTEX_POINT('',#5459);
#5459 = CARTESIAN_POINT('',(66.823093940935,31.74,30.));
#5460 = LINE('',#5461,#5462);
#5461 = CARTESIAN_POINT('',(66.823093940935,31.74,3.));
#5462 = VECTOR('',#5463,1.);
#5463 = DIRECTION('',(0.,0.,-1.));
#5464 = ORIENTED_EDGE('',*,*,#5465,.T.);
#5465 = EDGE_CURVE('',#5458,#5466,#5468,.T.);
#5466 = VERTEX_POINT('',#5467);
#5467 = CARTESIAN_POINT('',(68.426785166209,31.74,30.));
#5468 = LINE('',#5469,#5470);
#5469 = CARTESIAN_POINT('',(52.84,31.74,30.));
#5470 = VECTOR('',#5471,1.);
#5471 = DIRECTION('',(1.,0.,-0.));
#5472 = ORIENTED_EDGE('',*,*,#5473,.T.);
#5473 = EDGE_CURVE('',#5466,#3429,#5474,.T.);
#5474 = LINE('',#5475,#5476);
#5475 = CARTESIAN_POINT('',(68.426785166209,31.74,3.));
#5476 = VECTOR('',#5477,1.);
#5477 = DIRECTION('',(-0.,-0.,-1.));
#5478 = ORIENTED_EDGE('',*,*,#3437,.T.);
#5479 = ORIENTED_EDGE('',*,*,#5099,.F.);
#5480 = PLANE('',#5481);
#5481 = AXIS2_PLACEMENT_3D('',#5482,#5483,#5484);
#5482 = CARTESIAN_POINT('',(52.84,31.74,30.));
#5483 = DIRECTION('',(0.,1.,0.));
#5484 = DIRECTION('',(0.,0.,-1.));
#5485 = ADVANCED_FACE('',(#5486),#5577,.F.);
#5486 = FACE_BOUND('',#5487,.F.);
#5487 = EDGE_LOOP('',(#5488,#5527,#5533,#5534,#5542));
#5488 = ORIENTED_EDGE('',*,*,#5489,.F.);
#5489 = EDGE_CURVE('',#5490,#5492,#5494,.T.);
#5490 = VERTEX_POINT('',#5491);
#5491 = CARTESIAN_POINT('',(57.460990917125,8.526409650281,30.));
#5492 = VERTEX_POINT('',#5493);
#5493 = CARTESIAN_POINT('',(59.302345805643,10.896790947122,33.));
#5494 = B_SPLINE_CURVE_WITH_KNOTS('',7,(#5495,#5496,#5497,#5498,#5499,
    #5500,#5501,#5502,#5503,#5504,#5505,#5506,#5507,#5508,#5509,#5510,
    #5511,#5512,#5513,#5514,#5515,#5516,#5517,#5518,#5519,#5520,#5521,
    #5522,#5523,#5524,#5525,#5526),.UNSPECIFIED.,.F.,.F.,(8,6,6,6,6,8),(
    0.,0.254071451744,0.436014512945,0.60035954607,0.781283002621,1.),
  .UNSPECIFIED.);
#5495 = CARTESIAN_POINT('',(57.460990917125,8.526409650281,30.));
#5496 = CARTESIAN_POINT('',(57.460990917125,8.526409650281,
    30.296588868288));
#5497 = CARTESIAN_POINT('',(57.483015598426,8.552690866938,
    30.592860731316));
#5498 = CARTESIAN_POINT('',(57.526984334194,8.605156850819,
    30.886674048083));
#5499 = CARTESIAN_POINT('',(57.59327769795,8.684547299894,
    31.175648181009));
#5500 = CARTESIAN_POINT('',(57.682603739986,8.79226902204,
    31.456704591889));
#5501 = CARTESIAN_POINT('',(57.795771549146,8.930256689874,
    31.725493586524));
#5502 = CARTESIAN_POINT('',(58.031918612346,9.222788207477,
    32.154590630586));
#5503 = CARTESIAN_POINT('',(58.143733240292,9.362429194871,
    32.325379144901));
#5504 = CARTESIAN_POINT('',(58.268684649817,9.520042985555,
    32.483990036851));
#5505 = CARTESIAN_POINT('',(58.406182949275,9.695597049809,
    32.626398438272));
#5506 = CARTESIAN_POINT('',(58.55520924256,9.888623686392,
    32.748472408105));
#5507 = CARTESIAN_POINT('',(58.714320575994,10.098127102482,
    32.84593634775));
#5508 = CARTESIAN_POINT('',(59.032767764894,10.524978490694,
    32.976031691541));
#5509 = CARTESIAN_POINT('',(59.189291259394,10.737861934738,
    33.013490174314));
#5510 = CARTESIAN_POINT('',(59.347608670439,10.956731854541,
    33.023263376033));
#5511 = CARTESIAN_POINT('',(59.503935084149,11.176641415056,
    33.004156310829));
#5512 = CARTESIAN_POINT('',(59.654721220316,11.392415759065,
    32.957143415421));
#5513 = CARTESIAN_POINT('',(59.796934885061,11.599101217558,
    32.885343719812));
#5514 = CARTESIAN_POINT('',(60.07270847307,12.00532877961,
    32.693459842132));
#5515 = CARTESIAN_POINT('',(60.204414507875,12.202733398838,
    32.568910995982));
#5516 = CARTESIAN_POINT('',(60.32316856123,12.383502873916,
    32.424882577218));
#5517 = CARTESIAN_POINT('',(60.429183210358,12.547034957411,
    32.265243191304));
#5518 = CARTESIAN_POINT('',(60.52285894952,12.693138612667,
    32.093362562565));
#5519 = CARTESIAN_POINT('',(60.604686794519,12.821927504238,
    31.912204856916));
#5520 = CARTESIAN_POINT('',(60.760506048618,13.068968444498,
    31.497280701232));
#5521 = CARTESIAN_POINT('',(60.829685415759,13.180027584766,
    31.259375310032));
#5522 = CARTESIAN_POINT('',(60.883864055609,13.267781513794,
    31.014036763697));
#5523 = CARTESIAN_POINT('',(60.923903492014,13.333009999532,
    30.763710661069));
#5524 = CARTESIAN_POINT('',(60.950402457727,13.376305617482,
    30.510251216669));
#5525 = CARTESIAN_POINT('',(60.963665225047,13.397975668827,
    30.255201472765));
#5526 = CARTESIAN_POINT('',(60.963665225045,13.397975668824,
    29.999999999958));
#5527 = ORIENTED_EDGE('',*,*,#5528,.T.);
#5528 = EDGE_CURVE('',#5490,#3485,#5529,.T.);
#5529 = LINE('',#5530,#5531);
#5530 = CARTESIAN_POINT('',(46.148430284967,16.745466050183,30.));
#5531 = VECTOR('',#5532,1.);
#5532 = DIRECTION('',(0.809016994375,-0.587785252292,-0.));
#5533 = ORIENTED_EDGE('',*,*,#3484,.T.);
#5534 = ORIENTED_EDGE('',*,*,#5535,.F.);
#5535 = EDGE_CURVE('',#5536,#3487,#5538,.T.);
#5536 = VERTEX_POINT('',#5537);
#5537 = CARTESIAN_POINT('',(60.963665225045,13.397975668824,
    29.999999999916));
#5538 = LINE('',#5539,#5540);
#5539 = CARTESIAN_POINT('',(49.675141798722,21.599568016433,
    29.999999999916));
#5540 = VECTOR('',#5541,1.);
#5541 = DIRECTION('',(0.809016994375,-0.587785252292,-0.));
#5542 = ORIENTED_EDGE('',*,*,#5543,.F.);
#5543 = EDGE_CURVE('',#5492,#5536,#5544,.T.);
#5544 = B_SPLINE_CURVE_WITH_KNOTS('',7,(#5545,#5546,#5547,#5548,#5549,
    #5550,#5551,#5552,#5553,#5554,#5555,#5556,#5557,#5558,#5559,#5560,
    #5561,#5562,#5563,#5564,#5565,#5566,#5567,#5568,#5569,#5570,#5571,
    #5572,#5573,#5574,#5575,#5576),.UNSPECIFIED.,.F.,.F.,(8,6,6,6,6,8),(
    0.,0.254071451744,0.436014512945,0.60035954607,0.781283002621,1.),
  .UNSPECIFIED.);
#5545 = CARTESIAN_POINT('',(57.460990917125,8.526409650281,30.));
#5546 = CARTESIAN_POINT('',(57.460990917125,8.526409650281,
    30.296588868288));
#5547 = CARTESIAN_POINT('',(57.483015598426,8.552690866938,
    30.592860731316));
#5548 = CARTESIAN_POINT('',(57.526984334194,8.605156850819,
    30.886674048083));
#5549 = CARTESIAN_POINT('',(57.59327769795,8.684547299894,
    31.175648181009));
#5550 = CARTESIAN_POINT('',(57.682603739986,8.79226902204,
    31.456704591889));
#5551 = CARTESIAN_POINT('',(57.795771549146,8.930256689874,
    31.725493586524));
#5552 = CARTESIAN_POINT('',(58.031918612346,9.222788207477,
    32.154590630586));
#5553 = CARTESIAN_POINT('',(58.143733240292,9.362429194871,
    32.325379144901));
#5554 = CARTESIAN_POINT('',(58.268684649817,9.520042985555,
    32.483990036851));
#5555 = CARTESIAN_POINT('',(58.406182949275,9.695597049809,
    32.626398438272));
#5556 = CARTESIAN_POINT('',(58.55520924256,9.888623686392,
    32.748472408105));
#5557 = CARTESIAN_POINT('',(58.714320575994,10.098127102482,
    32.84593634775));
#5558 = CARTESIAN_POINT('',(59.032767764894,10.524978490694,
    32.976031691541));
#5559 = CARTESIAN_POINT('',(59.189291259394,10.737861934738,
    33.013490174314));
#5560 = CARTESIAN_POINT('',(59.347608670439,10.956731854541,
    33.023263376033));
#5561 = CARTESIAN_POINT('',(59.503935084149,11.176641415056,
    33.004156310829));
#5562 = CARTESIAN_POINT('',(59.654721220316,11.392415759065,
    32.957143415421));
#5563 = CARTESIAN_POINT('',(59.796934885061,11.599101217558,
    32.885343719812));
#5564 = CARTESIAN_POINT('',(60.07270847307,12.00532877961,
    32.693459842132));
#5565 = CARTESIAN_POINT('',(60.204414507875,12.202733398838,
    32.568910995982));
#5566 = CARTESIAN_POINT('',(60.32316856123,12.383502873916,
    32.424882577218));
#5567 = CARTESIAN_POINT('',(60.429183210358,12.547034957411,
    32.265243191304));
#5568 = CARTESIAN_POINT('',(60.52285894952,12.693138612667,
    32.093362562565));
#5569 = CARTESIAN_POINT('',(60.604686794519,12.821927504238,
    31.912204856916));
#5570 = CARTESIAN_POINT('',(60.760506048618,13.068968444498,
    31.497280701232));
#5571 = CARTESIAN_POINT('',(60.829685415759,13.180027584766,
    31.259375310032));
#5572 = CARTESIAN_POINT('',(60.883864055609,13.267781513794,
    31.014036763697));
#5573 = CARTESIAN_POINT('',(60.923903492014,13.333009999532,
    30.763710661069));
#5574 = CARTESIAN_POINT('',(60.950402457727,13.376305617482,
    30.510251216669));
#5575 = CARTESIAN_POINT('',(60.963665225047,13.397975668827,
    30.255201472765));
#5576 = CARTESIAN_POINT('',(60.963665225045,13.397975668824,
    29.999999999958));
#5577 = CYLINDRICAL_SURFACE('',#5578,3.);
#5578 = AXIS2_PLACEMENT_3D('',#5579,#5580,#5581);
#5579 = CARTESIAN_POINT('',(47.911786041845,19.172517033308,30.));
#5580 = DIRECTION('',(-0.809016994375,0.587785252292,0.));
#5581 = DIRECTION('',(-0.587785252292,-0.809016994375,0.));
#5582 = ADVANCED_FACE('',(#5583),#5601,.T.);
#5583 = FACE_BOUND('',#5584,.T.);
#5584 = EDGE_LOOP('',(#5585,#5593,#5594,#5595));
#5585 = ORIENTED_EDGE('',*,*,#5586,.F.);
#5586 = EDGE_CURVE('',#5490,#5587,#5589,.T.);
#5587 = VERTEX_POINT('',#5588);
#5588 = CARTESIAN_POINT('',(57.460990917125,8.526409650281,8.));
#5589 = LINE('',#5590,#5591);
#5590 = CARTESIAN_POINT('',(57.460990917125,8.526409650281,3.));
#5591 = VECTOR('',#5592,1.);
#5592 = DIRECTION('',(0.,0.,-1.));
#5593 = ORIENTED_EDGE('',*,*,#5528,.T.);
#5594 = ORIENTED_EDGE('',*,*,#3523,.T.);
#5595 = ORIENTED_EDGE('',*,*,#5596,.F.);
#5596 = EDGE_CURVE('',#5587,#3524,#5597,.T.);
#5597 = LINE('',#5598,#5599);
#5598 = CARTESIAN_POINT('',(46.148430284967,16.745466050183,8.));
#5599 = VECTOR('',#5600,1.);
#5600 = DIRECTION('',(0.809016994375,-0.587785252292,-0.));
#5601 = PLANE('',#5602);
#5602 = AXIS2_PLACEMENT_3D('',#5603,#5604,#5605);
#5603 = CARTESIAN_POINT('',(46.148430284967,16.745466050183,30.));
#5604 = DIRECTION('',(0.587785252292,0.809016994375,0.));
#5605 = DIRECTION('',(-0.,0.,-1.));
#5606 = ADVANCED_FACE('',(#5607),#5625,.F.);
#5607 = FACE_BOUND('',#5608,.F.);
#5608 = EDGE_LOOP('',(#5609,#5617,#5618,#5619));
#5609 = ORIENTED_EDGE('',*,*,#5610,.F.);
#5610 = EDGE_CURVE('',#5536,#5611,#5613,.T.);
#5611 = VERTEX_POINT('',#5612);
#5612 = CARTESIAN_POINT('',(60.963665225045,13.397975668824,
    7.999999999916));
#5613 = LINE('',#5614,#5615);
#5614 = CARTESIAN_POINT('',(60.963665225045,13.397975668824,3.));
#5615 = VECTOR('',#5616,1.);
#5616 = DIRECTION('',(0.,0.,-1.));
#5617 = ORIENTED_EDGE('',*,*,#5535,.T.);
#5618 = ORIENTED_EDGE('',*,*,#3562,.T.);
#5619 = ORIENTED_EDGE('',*,*,#5620,.F.);
#5620 = EDGE_CURVE('',#5611,#3532,#5621,.T.);
#5621 = LINE('',#5622,#5623);
#5622 = CARTESIAN_POINT('',(49.675141798722,21.599568016433,
    7.999999999916));
#5623 = VECTOR('',#5624,1.);
#5624 = DIRECTION('',(0.809016994375,-0.587785252292,-0.));
#5625 = PLANE('',#5626);
#5626 = AXIS2_PLACEMENT_3D('',#5627,#5628,#5629);
#5627 = CARTESIAN_POINT('',(49.675141798722,21.599568016433,
    29.999999999916));
#5628 = DIRECTION('',(0.587785252292,0.809016994375,0.));
#5629 = DIRECTION('',(-0.,0.,-1.));
#5630 = ADVANCED_FACE('',(#5631),#5669,.F.);
#5631 = FACE_BOUND('',#5632,.F.);
#5632 = EDGE_LOOP('',(#5633,#5666,#5667,#5668));
#5633 = ORIENTED_EDGE('',*,*,#5634,.F.);
#5634 = EDGE_CURVE('',#5611,#5587,#5635,.T.);
#5635 = B_SPLINE_CURVE_WITH_KNOTS('',8,(#5636,#5637,#5638,#5639,#5640,
    #5641,#5642,#5643,#5644,#5645,#5646,#5647,#5648,#5649,#5650,#5651,
    #5652,#5653,#5654,#5655,#5656,#5657,#5658,#5659,#5660,#5661,#5662,
    #5663,#5664,#5665),.UNSPECIFIED.,.F.,.F.,(9,7,7,7,9),(0.,
    0.243223191082,0.446195480296,0.698751023491,1.),.UNSPECIFIED.);
#5636 = CARTESIAN_POINT('',(60.963665225045,13.397975668824,
    7.999999999979));
#5637 = CARTESIAN_POINT('',(60.963665225044,13.397975668823,
    7.749422785256));
#5638 = CARTESIAN_POINT('',(60.951139668682,13.377510353001,
    7.499044728275));
#5639 = CARTESIAN_POINT('',(60.926121964982,13.336634189024,
    7.25009171901));
#5640 = CARTESIAN_POINT('',(60.888369985518,13.275104359335,
    7.003886331542));
#5641 = CARTESIAN_POINT('',(60.837401116659,13.192434926473,
    6.76199303244));
#5642 = CARTESIAN_POINT('',(60.772515856664,13.08796590462,
    6.526385529261));
#5643 = CARTESIAN_POINT('',(60.692822624227,12.960951298591,
    6.299653688094));
#5644 = CARTESIAN_POINT('',(60.517542162248,12.68525900381,
    5.906359897027));
#5645 = CARTESIAN_POINT('',(60.42600250786,12.542441051796,
    5.734332676877));
#5646 = CARTESIAN_POINT('',(60.322255263013,12.382159429872,
    5.57279079435));
#5647 = CARTESIAN_POINT('',(60.206132887766,12.204850223509,
    5.425390217444));
#5648 = CARTESIAN_POINT('',(60.077701211981,12.011414186638,
    5.295825015121));
#5649 = CARTESIAN_POINT('',(59.937296934238,11.803210719849,
    5.187834633649));
#5650 = CARTESIAN_POINT('',(59.785603928837,11.582074129333,
    5.105231310558));
#5651 = CARTESIAN_POINT('',(59.42239865699,11.062023812032,
    4.985647492874));
#5652 = CARTESIAN_POINT('',(59.212825308558,10.768044747121,
    4.967211564967));
#5653 = CARTESIAN_POINT('',(59.000663085192,10.477019736593,
    4.998747285523));
#5654 = CARTESIAN_POINT('',(58.792169671932,10.197504319934,
    5.078823162552));
#5655 = CARTESIAN_POINT('',(58.593753947282,9.93712571831,5.202667731268
    ));
#5656 = CARTESIAN_POINT('',(58.411313920156,9.701976848282,
    5.362334751051));
#5657 = CARTESIAN_POINT('',(58.249259435331,9.496074161174,
    5.546860054096));
#5658 = CARTESIAN_POINT('',(57.944008022872,9.112494710068,
    5.975394335724));
#5659 = CARTESIAN_POINT('',(57.803278108193,8.938875983384,
    6.234111168431));
#5660 = CARTESIAN_POINT('',(57.687632077841,8.798172145731,
    6.510237262755));
#5661 = CARTESIAN_POINT('',(57.596332918263,8.688174055946,
    6.798114100582));
#5662 = CARTESIAN_POINT('',(57.52853800114,8.607010268324,7.093675740851
    ));
#5663 = CARTESIAN_POINT('',(57.483549297378,8.553327905794,
    7.393955685461));
#5664 = CARTESIAN_POINT('',(57.460990917125,8.526409650281,
    7.696732969055));
#5665 = CARTESIAN_POINT('',(57.460990917125,8.526409650281,8.));
#5666 = ORIENTED_EDGE('',*,*,#5620,.T.);
#5667 = ORIENTED_EDGE('',*,*,#3531,.T.);
#5668 = ORIENTED_EDGE('',*,*,#5596,.F.);
#5669 = CYLINDRICAL_SURFACE('',#5670,3.);
#5670 = AXIS2_PLACEMENT_3D('',#5671,#5672,#5673);
#5671 = CARTESIAN_POINT('',(47.911786041845,19.172517033308,8.));
#5672 = DIRECTION('',(-0.809016994375,0.587785252292,0.));
#5673 = DIRECTION('',(-0.587785252292,-0.809016994375,0.));
#5674 = ADVANCED_FACE('',(#5675),#5698,.F.);
#5675 = FACE_BOUND('',#5676,.F.);
#5676 = EDGE_LOOP('',(#5677,#5684,#5685,#5691));
#5677 = ORIENTED_EDGE('',*,*,#5678,.F.);
#5678 = EDGE_CURVE('',#3588,#5679,#5681,.T.);
#5679 = VERTEX_POINT('',#5680);
#5680 = CARTESIAN_POINT('',(57.42,65.485274275727,3.));
#5681 = B_SPLINE_CURVE_WITH_KNOTS('',1,(#5682,#5683),.UNSPECIFIED.,.F.,
  .F.,(2,2),(-32.,0.),.PIECEWISE_BEZIER_KNOTS.);
#5682 = CARTESIAN_POINT('',(57.42,65.485274275727,35.));
#5683 = CARTESIAN_POINT('',(57.42,65.485274275727,3.));
#5684 = ORIENTED_EDGE('',*,*,#3587,.T.);
#5685 = ORIENTED_EDGE('',*,*,#5686,.T.);
#5686 = EDGE_CURVE('',#2925,#5146,#5687,.T.);
#5687 = LINE('',#5688,#5689);
#5688 = CARTESIAN_POINT('',(55.723944315545,64.767286473506,3.));
#5689 = VECTOR('',#5690,1.);
#5690 = DIRECTION('',(-0.,-0.,-1.));
#5691 = ORIENTED_EDGE('',*,*,#5692,.F.);
#5692 = EDGE_CURVE('',#5679,#5146,#5693,.T.);
#5693 = CIRCLE('',#5694,1.);
#5694 = AXIS2_PLACEMENT_3D('',#5695,#5696,#5697);
#5695 = CARTESIAN_POINT('',(56.42,65.485274275727,3.));
#5696 = DIRECTION('',(0.,-1.2E-16,-1.));
#5697 = DIRECTION('',(1.,0.,0.));
#5698 = CYLINDRICAL_SURFACE('',#5699,1.);
#5699 = AXIS2_PLACEMENT_3D('',#5700,#5701,#5702);
#5700 = CARTESIAN_POINT('',(56.42,65.485274275727,3.));
#5701 = DIRECTION('',(0.,-1.2E-16,-1.));
#5702 = DIRECTION('',(1.,0.,0.));
#5703 = ADVANCED_FACE('',(#5704),#5716,.F.);
#5704 = FACE_BOUND('',#5705,.F.);
#5705 = EDGE_LOOP('',(#5706,#5707,#5708,#5715));
#5706 = ORIENTED_EDGE('',*,*,#3596,.T.);
#5707 = ORIENTED_EDGE('',*,*,#5678,.T.);
#5708 = ORIENTED_EDGE('',*,*,#5709,.F.);
#5709 = EDGE_CURVE('',#5146,#5679,#5710,.T.);
#5710 = CIRCLE('',#5711,1.);
#5711 = AXIS2_PLACEMENT_3D('',#5712,#5713,#5714);
#5712 = CARTESIAN_POINT('',(56.42,65.485274275727,3.));
#5713 = DIRECTION('',(0.,-1.2E-16,-1.));
#5714 = DIRECTION('',(1.,0.,0.));
#5715 = ORIENTED_EDGE('',*,*,#5686,.F.);
#5716 = CYLINDRICAL_SURFACE('',#5717,1.);
#5717 = AXIS2_PLACEMENT_3D('',#5718,#5719,#5720);
#5718 = CARTESIAN_POINT('',(56.42,65.485274275727,3.));
#5719 = DIRECTION('',(0.,-1.2E-16,-1.));
#5720 = DIRECTION('',(1.,0.,0.));
#5721 = ADVANCED_FACE('',(#5722),#5745,.F.);
#5722 = FACE_BOUND('',#5723,.F.);
#5723 = EDGE_LOOP('',(#5724,#5731,#5732,#5738));
#5724 = ORIENTED_EDGE('',*,*,#5725,.F.);
#5725 = EDGE_CURVE('',#3623,#5726,#5728,.T.);
#5726 = VERTEX_POINT('',#5727);
#5727 = CARTESIAN_POINT('',(57.42,3.594725724273,3.));
#5728 = B_SPLINE_CURVE_WITH_KNOTS('',1,(#5729,#5730),.UNSPECIFIED.,.F.,
  .F.,(2,2),(-32.,0.),.PIECEWISE_BEZIER_KNOTS.);
#5729 = CARTESIAN_POINT('',(57.42,3.594725724273,35.));
#5730 = CARTESIAN_POINT('',(57.42,3.594725724273,3.));
#5731 = ORIENTED_EDGE('',*,*,#3622,.T.);
#5732 = ORIENTED_EDGE('',*,*,#5733,.T.);
#5733 = EDGE_CURVE('',#3006,#5197,#5734,.T.);
#5734 = LINE('',#5735,#5736);
#5735 = CARTESIAN_POINT('',(55.723944315545,4.312713526494,3.));
#5736 = VECTOR('',#5737,1.);
#5737 = DIRECTION('',(-0.,-0.,-1.));
#5738 = ORIENTED_EDGE('',*,*,#5739,.F.);
#5739 = EDGE_CURVE('',#5726,#5197,#5740,.T.);
#5740 = CIRCLE('',#5741,1.);
#5741 = AXIS2_PLACEMENT_3D('',#5742,#5743,#5744);
#5742 = CARTESIAN_POINT('',(56.42,3.594725724273,3.));
#5743 = DIRECTION('',(0.,-1.2E-16,-1.));
#5744 = DIRECTION('',(1.,0.,0.));
#5745 = CYLINDRICAL_SURFACE('',#5746,1.);
#5746 = AXIS2_PLACEMENT_3D('',#5747,#5748,#5749);
#5747 = CARTESIAN_POINT('',(56.42,3.594725724273,3.));
#5748 = DIRECTION('',(0.,-1.2E-16,-1.));
#5749 = DIRECTION('',(1.,0.,0.));
#5750 = ADVANCED_FACE('',(#5751),#5763,.F.);
#5751 = FACE_BOUND('',#5752,.F.);
#5752 = EDGE_LOOP('',(#5753,#5754,#5755,#5762));
#5753 = ORIENTED_EDGE('',*,*,#3631,.T.);
#5754 = ORIENTED_EDGE('',*,*,#5725,.T.);
#5755 = ORIENTED_EDGE('',*,*,#5756,.F.);
#5756 = EDGE_CURVE('',#5197,#5726,#5757,.T.);
#5757 = CIRCLE('',#5758,1.);
#5758 = AXIS2_PLACEMENT_3D('',#5759,#5760,#5761);
#5759 = CARTESIAN_POINT('',(56.42,3.594725724273,3.));
#5760 = DIRECTION('',(0.,-1.2E-16,-1.));
#5761 = DIRECTION('',(1.,0.,0.));
#5762 = ORIENTED_EDGE('',*,*,#5733,.F.);
#5763 = CYLINDRICAL_SURFACE('',#5764,1.);
#5764 = AXIS2_PLACEMENT_3D('',#5765,#5766,#5767);
#5765 = CARTESIAN_POINT('',(56.42,3.594725724273,3.));
#5766 = DIRECTION('',(0.,-1.2E-16,-1.));
#5767 = DIRECTION('',(1.,0.,0.));
#5768 = ADVANCED_FACE('',(#5769),#5781,.T.);
#5769 = FACE_BOUND('',#5770,.T.);
#5770 = EDGE_LOOP('',(#5771,#5778,#5779,#5780));
#5771 = ORIENTED_EDGE('',*,*,#5772,.F.);
#5772 = EDGE_CURVE('',#4125,#3656,#5773,.T.);
#5773 = CIRCLE('',#5774,3.);
#5774 = AXIS2_PLACEMENT_3D('',#5775,#5776,#5777);
#5775 = CARTESIAN_POINT('',(-3.58,65.485274275727,3.));
#5776 = DIRECTION('',(0.,0.,-1.));
#5777 = DIRECTION('',(1.,0.,0.));
#5778 = ORIENTED_EDGE('',*,*,#4124,.T.);
#5779 = ORIENTED_EDGE('',*,*,#4054,.T.);
#5780 = ORIENTED_EDGE('',*,*,#3655,.F.);
#5781 = CYLINDRICAL_SURFACE('',#5782,3.);
#5782 = AXIS2_PLACEMENT_3D('',#5783,#5784,#5785);
#5783 = CARTESIAN_POINT('',(-3.58,65.485274275727,3.));
#5784 = DIRECTION('',(0.,-1.2E-16,-1.));
#5785 = DIRECTION('',(1.,0.,0.));
#5786 = ADVANCED_FACE('',(#5787),#5878,.F.);
#5787 = FACE_BOUND('',#5788,.F.);
#5788 = EDGE_LOOP('',(#5789,#5828,#5834,#5835,#5843));
#5789 = ORIENTED_EDGE('',*,*,#5790,.F.);
#5790 = EDGE_CURVE('',#5791,#5793,#5795,.T.);
#5791 = VERTEX_POINT('',#5792);
#5792 = CARTESIAN_POINT('',(41.568200898703,72.100378186761,30.));
#5793 = VERTEX_POINT('',#5794);
#5794 = CARTESIAN_POINT('',(38.744824367011,73.119122648426,33.));
#5795 = B_SPLINE_CURVE_WITH_KNOTS('',7,(#5796,#5797,#5798,#5799,#5800,
    #5801,#5802,#5803,#5804,#5805,#5806,#5807,#5808,#5809,#5810,#5811,
    #5812,#5813,#5814,#5815,#5816,#5817,#5818,#5819,#5820,#5821,#5822,
    #5823,#5824,#5825,#5826,#5827),.UNSPECIFIED.,.F.,.F.,(8,6,6,6,6,8),(
    0.,0.258702455269,0.437109407484,0.598655991366,0.775929256566,1.),
  .UNSPECIFIED.);
#5796 = CARTESIAN_POINT('',(41.568200898703,72.100378186761,30.));
#5797 = CARTESIAN_POINT('',(41.568200898703,72.100378186761,
    30.302018318996));
#5798 = CARTESIAN_POINT('',(41.535225099019,72.113677385758,
    30.603690814052));
#5799 = CARTESIAN_POINT('',(41.469402812072,72.14022384104,
    30.902772487392));
#5800 = CARTESIAN_POINT('',(41.369846404143,72.180162766076,
    31.196752919435));
#5801 = CARTESIAN_POINT('',(41.234878391571,72.233752766903,
    31.482355173789));
#5802 = CARTESIAN_POINT('',(41.062258525598,72.301171559636,
    31.754908315012));
#5803 = CARTESIAN_POINT('',(40.702899841115,72.438198017209,
    32.181510044605));
#5804 = CARTESIAN_POINT('',(40.53608886219,72.501044820742,
    32.347369391308));
#5805 = CARTESIAN_POINT('',(40.348880295175,72.570538687116,
    32.501173647861));
#5806 = CARTESIAN_POINT('',(40.14155243554,72.6461237849,32.639048482797
    ));
#5807 = CARTESIAN_POINT('',(39.914912356217,72.726987279976,
    32.757050781099));
#5808 = CARTESIAN_POINT('',(39.67036796343,72.812095149028,
    32.851139745317));
#5809 = CARTESIAN_POINT('',(39.174392669345,72.980049253941,
    32.976845273593));
#5810 = CARTESIAN_POINT('',(38.927767399407,73.061681940835,
    33.013025614098));
#5811 = CARTESIAN_POINT('',(38.675195584039,73.143146518278,
    33.022462735606));
#5812 = CARTESIAN_POINT('',(38.422256237577,73.222479645105,
    33.00403582969));
#5813 = CARTESIAN_POINT('',(38.174670490508,73.297989915334,
    32.9586580634));
#5814 = CARTESIAN_POINT('',(37.937828246846,73.368376902569,
    32.88925308226));
#5815 = CARTESIAN_POINT('',(37.473180854115,73.503332504946,
    32.703612786181));
#5816 = CARTESIAN_POINT('',(37.247842853347,73.566858699836,
    32.583212754127));
#5817 = CARTESIAN_POINT('',(37.041438841926,73.623484637462,
    32.443796647883));
#5818 = CARTESIAN_POINT('',(36.854520460515,73.673557083074,
    32.289043905577));
#5819 = CARTESIAN_POINT('',(36.68720844132,73.717478490039,
    32.122191446544));
#5820 = CARTESIAN_POINT('',(36.539308019843,73.755651349725,
    31.946114643156));
#5821 = CARTESIAN_POINT('',(36.247366124606,73.829962617959,
    31.532351270706));
#5822 = CARTESIAN_POINT('',(36.113848818827,73.86310743002,
    31.289535439894));
#5823 = CARTESIAN_POINT('',(36.008577312262,73.88877283853,
    31.038666001516));
#5824 = CARTESIAN_POINT('',(35.930443370746,73.907599140632,
    30.782419073963));
#5825 = CARTESIAN_POINT('',(35.878620941476,73.920010171113,
    30.522809171496));
#5826 = CARTESIAN_POINT('',(35.852680405298,73.926222722819,
    30.261489715596));
#5827 = CARTESIAN_POINT('',(35.852680405298,73.926222722819,30.));
#5828 = ORIENTED_EDGE('',*,*,#5829,.T.);
#5829 = EDGE_CURVE('',#5791,#3673,#5830,.T.);
#5830 = LINE('',#5831,#5832);
#5831 = CARTESIAN_POINT('',(37.247187237013,58.801665576268,30.));
#5832 = VECTOR('',#5833,1.);
#5833 = DIRECTION('',(0.309016994375,0.951056516295,-0.));
#5834 = ORIENTED_EDGE('',*,*,#3672,.T.);
#5835 = ORIENTED_EDGE('',*,*,#5836,.F.);
#5836 = EDGE_CURVE('',#5837,#3675,#5839,.T.);
#5837 = VERTEX_POINT('',#5838);
#5838 = CARTESIAN_POINT('',(35.852680405298,73.926222722819,
    29.999999999916));
#5839 = LINE('',#5840,#5841);
#5840 = CARTESIAN_POINT('',(31.540848139242,60.655767542518,
    29.999999999916));
#5841 = VECTOR('',#5842,1.);
#5842 = DIRECTION('',(0.309016994375,0.951056516295,-0.));
#5843 = ORIENTED_EDGE('',*,*,#5844,.F.);
#5844 = EDGE_CURVE('',#5793,#5837,#5845,.T.);
#5845 = B_SPLINE_CURVE_WITH_KNOTS('',7,(#5846,#5847,#5848,#5849,#5850,
    #5851,#5852,#5853,#5854,#5855,#5856,#5857,#5858,#5859,#5860,#5861,
    #5862,#5863,#5864,#5865,#5866,#5867,#5868,#5869,#5870,#5871,#5872,
    #5873,#5874,#5875,#5876,#5877),.UNSPECIFIED.,.F.,.F.,(8,6,6,6,6,8),(
    0.,0.258702455269,0.437109407484,0.598655991366,0.775929256566,1.),
  .UNSPECIFIED.);
#5846 = CARTESIAN_POINT('',(41.568200898703,72.100378186761,30.));
#5847 = CARTESIAN_POINT('',(41.568200898703,72.100378186761,
    30.302018318996));
#5848 = CARTESIAN_POINT('',(41.535225099019,72.113677385758,
    30.603690814052));
#5849 = CARTESIAN_POINT('',(41.469402812072,72.14022384104,
    30.902772487392));
#5850 = CARTESIAN_POINT('',(41.369846404143,72.180162766076,
    31.196752919435));
#5851 = CARTESIAN_POINT('',(41.234878391571,72.233752766903,
    31.482355173789));
#5852 = CARTESIAN_POINT('',(41.062258525598,72.301171559636,
    31.754908315012));
#5853 = CARTESIAN_POINT('',(40.702899841115,72.438198017209,
    32.181510044605));
#5854 = CARTESIAN_POINT('',(40.53608886219,72.501044820742,
    32.347369391308));
#5855 = CARTESIAN_POINT('',(40.348880295175,72.570538687116,
    32.501173647861));
#5856 = CARTESIAN_POINT('',(40.14155243554,72.6461237849,32.639048482797
    ));
#5857 = CARTESIAN_POINT('',(39.914912356217,72.726987279976,
    32.757050781099));
#5858 = CARTESIAN_POINT('',(39.67036796343,72.812095149028,
    32.851139745317));
#5859 = CARTESIAN_POINT('',(39.174392669345,72.980049253941,
    32.976845273593));
#5860 = CARTESIAN_POINT('',(38.927767399407,73.061681940835,
    33.013025614098));
#5861 = CARTESIAN_POINT('',(38.675195584039,73.143146518278,
    33.022462735606));
#5862 = CARTESIAN_POINT('',(38.422256237577,73.222479645105,
    33.00403582969));
#5863 = CARTESIAN_POINT('',(38.174670490508,73.297989915334,
    32.9586580634));
#5864 = CARTESIAN_POINT('',(37.937828246846,73.368376902569,
    32.88925308226));
#5865 = CARTESIAN_POINT('',(37.473180854115,73.503332504946,
    32.703612786181));
#5866 = CARTESIAN_POINT('',(37.247842853347,73.566858699836,
    32.583212754127));
#5867 = CARTESIAN_POINT('',(37.041438841926,73.623484637462,
    32.443796647883));
#5868 = CARTESIAN_POINT('',(36.854520460515,73.673557083074,
    32.289043905577));
#5869 = CARTESIAN_POINT('',(36.68720844132,73.717478490039,
    32.122191446544));
#5870 = CARTESIAN_POINT('',(36.539308019843,73.755651349725,
    31.946114643156));
#5871 = CARTESIAN_POINT('',(36.247366124606,73.829962617959,
    31.532351270706));
#5872 = CARTESIAN_POINT('',(36.113848818827,73.86310743002,
    31.289535439894));
#5873 = CARTESIAN_POINT('',(36.008577312262,73.88877283853,
    31.038666001516));
#5874 = CARTESIAN_POINT('',(35.930443370746,73.907599140632,
    30.782419073963));
#5875 = CARTESIAN_POINT('',(35.878620941476,73.920010171113,
    30.522809171496));
#5876 = CARTESIAN_POINT('',(35.852680405298,73.926222722819,
    30.261489715596));
#5877 = CARTESIAN_POINT('',(35.852680405298,73.926222722819,30.));
#5878 = CYLINDRICAL_SURFACE('',#5879,3.);
#5879 = AXIS2_PLACEMENT_3D('',#5880,#5881,#5882);
#5880 = CARTESIAN_POINT('',(34.394017688127,59.728716559393,30.));
#5881 = DIRECTION('',(-0.309016994375,-0.951056516295,0.));
#5882 = DIRECTION('',(0.951056516295,-0.309016994375,0.));
#5883 = ADVANCED_FACE('',(#5884),#5902,.T.);
#5884 = FACE_BOUND('',#5885,.T.);
#5885 = EDGE_LOOP('',(#5886,#5894,#5895,#5896));
#5886 = ORIENTED_EDGE('',*,*,#5887,.F.);
#5887 = EDGE_CURVE('',#5791,#5888,#5890,.T.);
#5888 = VERTEX_POINT('',#5889);
#5889 = CARTESIAN_POINT('',(41.568200898703,72.100378186761,8.));
#5890 = LINE('',#5891,#5892);
#5891 = CARTESIAN_POINT('',(41.568200898703,72.100378186761,3.));
#5892 = VECTOR('',#5893,1.);
#5893 = DIRECTION('',(0.,0.,-1.));
#5894 = ORIENTED_EDGE('',*,*,#5829,.T.);
#5895 = ORIENTED_EDGE('',*,*,#3711,.T.);
#5896 = ORIENTED_EDGE('',*,*,#5897,.F.);
#5897 = EDGE_CURVE('',#5888,#3712,#5898,.T.);
#5898 = LINE('',#5899,#5900);
#5899 = CARTESIAN_POINT('',(37.247187237013,58.801665576268,8.));
#5900 = VECTOR('',#5901,1.);
#5901 = DIRECTION('',(0.309016994375,0.951056516295,-0.));
#5902 = PLANE('',#5903);
#5903 = AXIS2_PLACEMENT_3D('',#5904,#5905,#5906);
#5904 = CARTESIAN_POINT('',(37.247187237013,58.801665576268,30.));
#5905 = DIRECTION('',(-0.951056516295,0.309016994375,0.));
#5906 = DIRECTION('',(0.,-0.,-1.));
#5907 = ADVANCED_FACE('',(#5908),#5926,.F.);
#5908 = FACE_BOUND('',#5909,.F.);
#5909 = EDGE_LOOP('',(#5910,#5918,#5919,#5920));
#5910 = ORIENTED_EDGE('',*,*,#5911,.F.);
#5911 = EDGE_CURVE('',#5837,#5912,#5914,.T.);
#5912 = VERTEX_POINT('',#5913);
#5913 = CARTESIAN_POINT('',(35.852680405298,73.926222722819,
    7.999999999916));
#5914 = LINE('',#5915,#5916);
#5915 = CARTESIAN_POINT('',(35.852680405298,73.926222722819,3.));
#5916 = VECTOR('',#5917,1.);
#5917 = DIRECTION('',(0.,0.,-1.));
#5918 = ORIENTED_EDGE('',*,*,#5836,.T.);
#5919 = ORIENTED_EDGE('',*,*,#3750,.T.);
#5920 = ORIENTED_EDGE('',*,*,#5921,.F.);
#5921 = EDGE_CURVE('',#5912,#3720,#5922,.T.);
#5922 = LINE('',#5923,#5924);
#5923 = CARTESIAN_POINT('',(31.540848139242,60.655767542518,
    7.999999999916));
#5924 = VECTOR('',#5925,1.);
#5925 = DIRECTION('',(0.309016994375,0.951056516295,-0.));
#5926 = PLANE('',#5927);
#5927 = AXIS2_PLACEMENT_3D('',#5928,#5929,#5930);
#5928 = CARTESIAN_POINT('',(31.540848139242,60.655767542518,
    29.999999999916));
#5929 = DIRECTION('',(-0.951056516295,0.309016994375,0.));
#5930 = DIRECTION('',(0.,-0.,-1.));
#5931 = ADVANCED_FACE('',(#5932),#5966,.F.);
#5932 = FACE_BOUND('',#5933,.F.);
#5933 = EDGE_LOOP('',(#5934,#5963,#5964,#5965));
#5934 = ORIENTED_EDGE('',*,*,#5935,.F.);
#5935 = EDGE_CURVE('',#5912,#5888,#5936,.T.);
#5936 = B_SPLINE_CURVE_WITH_KNOTS('',7,(#5937,#5938,#5939,#5940,#5941,
    #5942,#5943,#5944,#5945,#5946,#5947,#5948,#5949,#5950,#5951,#5952,
    #5953,#5954,#5955,#5956,#5957,#5958,#5959,#5960,#5961,#5962),
  .UNSPECIFIED.,.F.,.F.,(8,6,6,6,8),(0.,0.240530365804,0.455751655736,
    0.688303750055,1.),.UNSPECIFIED.);
#5937 = CARTESIAN_POINT('',(35.852680405298,73.926222722819,
    7.999999999979));
#5938 = CARTESIAN_POINT('',(35.852680405299,73.926222722819,
    7.718088021432));
#5939 = CARTESIAN_POINT('',(35.882830867726,73.919001920323,
    7.436422076764));
#5940 = CARTESIAN_POINT('',(35.943040989162,73.904582145514,
    7.156883382701));
#5941 = CARTESIAN_POINT('',(36.033905631738,73.882666904404,
    6.881530239394));
#5942 = CARTESIAN_POINT('',(36.15655460688,73.852681297775,
    6.612956275621));
#5943 = CARTESIAN_POINT('',(36.31246423616,73.81375619845,6.354730250506
    ));
#5944 = CARTESIAN_POINT('',(36.673821638673,73.720865046883,
    5.894883869786));
#5945 = CARTESIAN_POINT('',(36.874657521118,73.668314486562,
    5.687205635777));
#5946 = CARTESIAN_POINT('',(37.10606845678,73.606388465901,
    5.495997271414));
#5947 = CARTESIAN_POINT('',(37.367030278884,73.534582226783,
    5.32829556796));
#5948 = CARTESIAN_POINT('',(37.655199469785,73.452612659555,
    5.191140817988));
#5949 = CARTESIAN_POINT('',(37.96691494932,73.360586231725,
    5.091601173997));
#5950 = CARTESIAN_POINT('',(38.653527576738,73.149971857071,
    4.977866759072));
#5951 = CARTESIAN_POINT('',(39.017173774058,73.034232949479,
    4.973562625975));
#5952 = CARTESIAN_POINT('',(39.375172901371,72.915690002302,
    5.026102613842));
#5953 = CARTESIAN_POINT('',(39.714794297288,72.79875658034,
    5.132284223315));
#5954 = CARTESIAN_POINT('',(40.024964383075,72.688412982608,
    5.283982545606));
#5955 = CARTESIAN_POINT('',(40.297855752462,72.588866943999,
    5.468478627976));
#5956 = CARTESIAN_POINT('',(40.840354365029,72.387235640109,
    5.936739759683));
#5957 = CARTESIAN_POINT('',(41.091047582823,72.290683289461,
    6.244842182056));
#5958 = CARTESIAN_POINT('',(41.285312944479,72.214034339307,
    6.577140362771));
#5959 = CARTESIAN_POINT('',(41.427571976018,72.157095507806,
    6.924204188551));
#5960 = CARTESIAN_POINT('',(41.521203908108,72.119331872481,
    7.279666819834));
#5961 = CARTESIAN_POINT('',(41.568200898703,72.100378186761,
    7.639453214911));
#5962 = CARTESIAN_POINT('',(41.568200898703,72.100378186761,8.));
#5963 = ORIENTED_EDGE('',*,*,#5921,.T.);
#5964 = ORIENTED_EDGE('',*,*,#3719,.T.);
#5965 = ORIENTED_EDGE('',*,*,#5897,.F.);
#5966 = CYLINDRICAL_SURFACE('',#5967,3.);
#5967 = AXIS2_PLACEMENT_3D('',#5968,#5969,#5970);
#5968 = CARTESIAN_POINT('',(34.394017688127,59.728716559393,8.));
#5969 = DIRECTION('',(-0.309016994375,-0.951056516295,0.));
#5970 = DIRECTION('',(0.951056516295,-0.309016994375,0.));
#5971 = ADVANCED_FACE('',(#5972),#6063,.F.);
#5972 = FACE_BOUND('',#5973,.F.);
#5973 = EDGE_LOOP('',(#5974,#6013,#6019,#6020,#6028));
#5974 = ORIENTED_EDGE('',*,*,#5975,.F.);
#5975 = EDGE_CURVE('',#5976,#5978,#5980,.T.);
#5976 = VERTEX_POINT('',#5977);
#5977 = CARTESIAN_POINT('',(16.59771559255,73.830873355261,30.));
#5978 = VERTEX_POINT('',#5979);
#5979 = CARTESIAN_POINT('',(13.714753026471,72.995515850676,33.));
#5980 = B_SPLINE_CURVE_WITH_KNOTS('',7,(#5981,#5982,#5983,#5984,#5985,
    #5986,#5987,#5988,#5989,#5990,#5991,#5992,#5993,#5994,#5995,#5996,
    #5997,#5998,#5999,#6000,#6001,#6002,#6003,#6004,#6005,#6006,#6007,
    #6008,#6009,#6010,#6011,#6012),.UNSPECIFIED.,.F.,.F.,(8,6,6,6,6,8),(
    0.,0.258702458082,0.437109410774,0.598655993728,0.775929257885,1.),
  .UNSPECIFIED.);
#5981 = CARTESIAN_POINT('',(16.59771559255,73.830873355261,30.));
#5982 = CARTESIAN_POINT('',(16.59771559255,73.830873355261,
    30.302018318997));
#5983 = CARTESIAN_POINT('',(16.563220537165,73.822249944524,
    30.603690814052));
#5984 = CARTESIAN_POINT('',(16.494365573501,73.805037108448,
    30.902772487393));
#5985 = CARTESIAN_POINT('',(16.39034723646,73.778830589188,
    31.196752919434));
#5986 = CARTESIAN_POINT('',(16.249656408434,73.742853603264,
    31.482355173789));
#5987 = CARTESIAN_POINT('',(16.070376231201,73.695933140854,
    31.754908315012));
#5988 = CARTESIAN_POINT('',(15.699106818685,73.595564139023,
    32.181510043177));
#5989 = CARTESIAN_POINT('',(15.527213472639,73.548359236381,
    32.347369394107));
#5990 = CARTESIAN_POINT('',(15.334911097297,73.494542522445,
    32.501173646702));
#5991 = CARTESIAN_POINT('',(15.122751528931,73.433827892522,
    32.639048481006));
#5992 = CARTESIAN_POINT('',(14.891865476492,73.366032136045,
    32.757050783134));
#5993 = CARTESIAN_POINT('',(14.643999763448,73.29114626295,
    32.851139744753));
#5994 = CARTESIAN_POINT('',(14.144026373536,73.135497024026,
    32.976845273601));
#5995 = CARTESIAN_POINT('',(13.896519849519,73.056576558528,
    33.013025614083));
#5996 = CARTESIAN_POINT('',(13.644301281372,72.9740247979,
    33.022462735616));
#5997 = CARTESIAN_POINT('',(13.393038209519,72.889532628127,
    33.004035829697));
#5998 = CARTESIAN_POINT('',(13.148353309335,72.805094469185,
    32.95865806338));
#5999 = CARTESIAN_POINT('',(12.915371476237,72.722826360118,
    32.889253082273));
#6000 = CARTESIAN_POINT('',(12.460138926304,72.558894850953,
    32.703612786182));
#6001 = CARTESIAN_POINT('',(12.240496893713,72.477838268575,
    32.583212754127));
#6002 = CARTESIAN_POINT('',(12.040228649732,72.40232838051,
    32.443796647883));
#6003 = CARTESIAN_POINT('',(11.859576657533,72.332969971984,
    32.289043905577));
#6004 = CARTESIAN_POINT('',(11.698402035367,72.270159599222,
    32.122191446544));
#6005 = CARTESIAN_POINT('',(11.556310636956,72.214108404879,
    31.946114643156));
#6006 = CARTESIAN_POINT('',(11.276445614793,72.102628343207,
    31.532351270706));
#6007 = CARTESIAN_POINT('',(11.148945813654,72.050963556177,
    31.289535439895));
#6008 = CARTESIAN_POINT('',(11.048693627203,72.009850268784,
    31.038666001515));
#6009 = CARTESIAN_POINT('',(10.974416117949,71.979155088599,
    30.782419073964));
#6010 = CARTESIAN_POINT('',(10.925195871297,71.958735363513,
    30.522809171496));
#6011 = CARTESIAN_POINT('',(10.900557890413,71.948513958819,
    30.261489715596));
#6012 = CARTESIAN_POINT('',(10.900557890413,71.948513958819,30.));
#6013 = ORIENTED_EDGE('',*,*,#6014,.T.);
#6014 = EDGE_CURVE('',#5976,#3759,#6015,.T.);
#6015 = LINE('',#6016,#6017);
#6016 = CARTESIAN_POINT('',(20.91872925424,60.532160744768,30.));
#6017 = VECTOR('',#6018,1.);
#6018 = DIRECTION('',(-0.309016994375,0.951056516295,-0.));
#6019 = ORIENTED_EDGE('',*,*,#3758,.T.);
#6020 = ORIENTED_EDGE('',*,*,#6021,.F.);
#6021 = EDGE_CURVE('',#6022,#3761,#6024,.T.);
#6022 = VERTEX_POINT('',#6023);
#6023 = CARTESIAN_POINT('',(10.900557890413,71.948513958819,
    29.999999999916));
#6024 = LINE('',#6025,#6026);
#6025 = CARTESIAN_POINT('',(15.212390156469,58.678058778518,
    29.999999999916));
#6026 = VECTOR('',#6027,1.);
#6027 = DIRECTION('',(-0.309016994375,0.951056516295,-0.));
#6028 = ORIENTED_EDGE('',*,*,#6029,.F.);
#6029 = EDGE_CURVE('',#5978,#6022,#6030,.T.);
#6030 = B_SPLINE_CURVE_WITH_KNOTS('',7,(#6031,#6032,#6033,#6034,#6035,
    #6036,#6037,#6038,#6039,#6040,#6041,#6042,#6043,#6044,#6045,#6046,
    #6047,#6048,#6049,#6050,#6051,#6052,#6053,#6054,#6055,#6056,#6057,
    #6058,#6059,#6060,#6061,#6062),.UNSPECIFIED.,.F.,.F.,(8,6,6,6,6,8),(
    0.,0.258702458082,0.437109410774,0.598655993728,0.775929257885,1.),
  .UNSPECIFIED.);
#6031 = CARTESIAN_POINT('',(16.59771559255,73.830873355261,30.));
#6032 = CARTESIAN_POINT('',(16.59771559255,73.830873355261,
    30.302018318997));
#6033 = CARTESIAN_POINT('',(16.563220537165,73.822249944524,
    30.603690814052));
#6034 = CARTESIAN_POINT('',(16.494365573501,73.805037108448,
    30.902772487393));
#6035 = CARTESIAN_POINT('',(16.39034723646,73.778830589188,
    31.196752919434));
#6036 = CARTESIAN_POINT('',(16.249656408434,73.742853603264,
    31.482355173789));
#6037 = CARTESIAN_POINT('',(16.070376231201,73.695933140854,
    31.754908315012));
#6038 = CARTESIAN_POINT('',(15.699106818685,73.595564139023,
    32.181510043177));
#6039 = CARTESIAN_POINT('',(15.527213472639,73.548359236381,
    32.347369394107));
#6040 = CARTESIAN_POINT('',(15.334911097297,73.494542522445,
    32.501173646702));
#6041 = CARTESIAN_POINT('',(15.122751528931,73.433827892522,
    32.639048481006));
#6042 = CARTESIAN_POINT('',(14.891865476492,73.366032136045,
    32.757050783134));
#6043 = CARTESIAN_POINT('',(14.643999763448,73.29114626295,
    32.851139744753));
#6044 = CARTESIAN_POINT('',(14.144026373536,73.135497024026,
    32.976845273601));
#6045 = CARTESIAN_POINT('',(13.896519849519,73.056576558528,
    33.013025614083));
#6046 = CARTESIAN_POINT('',(13.644301281372,72.9740247979,
    33.022462735616));
#6047 = CARTESIAN_POINT('',(13.393038209519,72.889532628127,
    33.004035829697));
#6048 = CARTESIAN_POINT('',(13.148353309335,72.805094469185,
    32.95865806338));
#6049 = CARTESIAN_POINT('',(12.915371476237,72.722826360118,
    32.889253082273));
#6050 = CARTESIAN_POINT('',(12.460138926304,72.558894850953,
    32.703612786182));
#6051 = CARTESIAN_POINT('',(12.240496893713,72.477838268575,
    32.583212754127));
#6052 = CARTESIAN_POINT('',(12.040228649732,72.40232838051,
    32.443796647883));
#6053 = CARTESIAN_POINT('',(11.859576657533,72.332969971984,
    32.289043905577));
#6054 = CARTESIAN_POINT('',(11.698402035367,72.270159599222,
    32.122191446544));
#6055 = CARTESIAN_POINT('',(11.556310636956,72.214108404879,
    31.946114643156));
#6056 = CARTESIAN_POINT('',(11.276445614793,72.102628343207,
    31.532351270706));
#6057 = CARTESIAN_POINT('',(11.148945813654,72.050963556177,
    31.289535439895));
#6058 = CARTESIAN_POINT('',(11.048693627203,72.009850268784,
    31.038666001515));
#6059 = CARTESIAN_POINT('',(10.974416117949,71.979155088599,
    30.782419073964));
#6060 = CARTESIAN_POINT('',(10.925195871297,71.958735363513,
    30.522809171496));
#6061 = CARTESIAN_POINT('',(10.900557890413,71.948513958819,
    30.261489715596));
#6062 = CARTESIAN_POINT('',(10.900557890413,71.948513958819,30.));
#6063 = CYLINDRICAL_SURFACE('',#6064,3.);
#6064 = AXIS2_PLACEMENT_3D('',#6065,#6066,#6067);
#6065 = CARTESIAN_POINT('',(18.065559705355,59.605109761643,30.));
#6066 = DIRECTION('',(0.309016994375,-0.951056516295,0.));
#6067 = DIRECTION('',(0.951056516295,0.309016994375,0.));
#6068 = ADVANCED_FACE('',(#6069),#6087,.T.);
#6069 = FACE_BOUND('',#6070,.T.);
#6070 = EDGE_LOOP('',(#6071,#6079,#6080,#6081));
#6071 = ORIENTED_EDGE('',*,*,#6072,.F.);
#6072 = EDGE_CURVE('',#5976,#6073,#6075,.T.);
#6073 = VERTEX_POINT('',#6074);
#6074 = CARTESIAN_POINT('',(16.59771559255,73.830873355261,8.));
#6075 = LINE('',#6076,#6077);
#6076 = CARTESIAN_POINT('',(16.59771559255,73.830873355261,3.));
#6077 = VECTOR('',#6078,1.);
#6078 = DIRECTION('',(0.,0.,-1.));
#6079 = ORIENTED_EDGE('',*,*,#6014,.T.);
#6080 = ORIENTED_EDGE('',*,*,#3797,.T.);
#6081 = ORIENTED_EDGE('',*,*,#6082,.F.);
#6082 = EDGE_CURVE('',#6073,#3798,#6083,.T.);
#6083 = LINE('',#6084,#6085);
#6084 = CARTESIAN_POINT('',(20.91872925424,60.532160744768,8.));
#6085 = VECTOR('',#6086,1.);
#6086 = DIRECTION('',(-0.309016994375,0.951056516295,-0.));
#6087 = PLANE('',#6088);
#6088 = AXIS2_PLACEMENT_3D('',#6089,#6090,#6091);
#6089 = CARTESIAN_POINT('',(20.91872925424,60.532160744768,30.));
#6090 = DIRECTION('',(-0.951056516295,-0.309016994375,0.));
#6091 = DIRECTION('',(0.,0.,-1.));
#6092 = ADVANCED_FACE('',(#6093),#6111,.F.);
#6093 = FACE_BOUND('',#6094,.F.);
#6094 = EDGE_LOOP('',(#6095,#6103,#6104,#6105));
#6095 = ORIENTED_EDGE('',*,*,#6096,.F.);
#6096 = EDGE_CURVE('',#6022,#6097,#6099,.T.);
#6097 = VERTEX_POINT('',#6098);
#6098 = CARTESIAN_POINT('',(10.900557890413,71.948513958819,
    7.999999999916));
#6099 = LINE('',#6100,#6101);
#6100 = CARTESIAN_POINT('',(10.900557890413,71.948513958819,3.));
#6101 = VECTOR('',#6102,1.);
#6102 = DIRECTION('',(0.,0.,-1.));
#6103 = ORIENTED_EDGE('',*,*,#6021,.T.);
#6104 = ORIENTED_EDGE('',*,*,#3836,.T.);
#6105 = ORIENTED_EDGE('',*,*,#6106,.F.);
#6106 = EDGE_CURVE('',#6097,#3806,#6107,.T.);
#6107 = LINE('',#6108,#6109);
#6108 = CARTESIAN_POINT('',(15.212390156469,58.678058778518,
    7.999999999916));
#6109 = VECTOR('',#6110,1.);
#6110 = DIRECTION('',(-0.309016994375,0.951056516295,-0.));
#6111 = PLANE('',#6112);
#6112 = AXIS2_PLACEMENT_3D('',#6113,#6114,#6115);
#6113 = CARTESIAN_POINT('',(15.212390156469,58.678058778518,
    29.999999999916));
#6114 = DIRECTION('',(-0.951056516295,-0.309016994375,0.));
#6115 = DIRECTION('',(0.,0.,-1.));
#6116 = ADVANCED_FACE('',(#6117),#6151,.F.);
#6117 = FACE_BOUND('',#6118,.F.);
#6118 = EDGE_LOOP('',(#6119,#6148,#6149,#6150));
#6119 = ORIENTED_EDGE('',*,*,#6120,.F.);
#6120 = EDGE_CURVE('',#6097,#6073,#6121,.T.);
#6121 = B_SPLINE_CURVE_WITH_KNOTS('',7,(#6122,#6123,#6124,#6125,#6126,
    #6127,#6128,#6129,#6130,#6131,#6132,#6133,#6134,#6135,#6136,#6137,
    #6138,#6139,#6140,#6141,#6142,#6143,#6144,#6145,#6146,#6147),
  .UNSPECIFIED.,.F.,.F.,(8,6,6,6,8),(0.,0.240530365841,0.455751655808,
    0.688303749946,1.),.UNSPECIFIED.);
#6122 = CARTESIAN_POINT('',(10.900557890413,71.948513958819,
    7.999999999979));
#6123 = CARTESIAN_POINT('',(10.900557890415,71.94851395882,
    7.718088021432));
#6124 = CARTESIAN_POINT('',(10.929194408123,71.960394204052,
    7.436422076765));
#6125 = CARTESIAN_POINT('',(10.986381150573,71.984118982596,7.1568833827
    ));
#6126 = CARTESIAN_POINT('',(11.072773646129,72.019798076963,
    6.881530239394));
#6127 = CARTESIAN_POINT('',(11.189623848719,72.067630470411,
    6.612956275621));
#6128 = CARTESIAN_POINT('',(11.338636987721,72.12778078433,
    6.354730250506));
#6129 = CARTESIAN_POINT('',(11.685581316358,72.26503081609,
    5.894883869785));
#6130 = CARTESIAN_POINT('',(11.878949402692,72.340564889558,
    5.687205635777));
#6131 = CARTESIAN_POINT('',(12.102563984002,72.42648562165,
    5.495997271414));
#6132 = CARTESIAN_POINT('',(12.355893181343,72.521782664345,
    5.328295567961));
#6133 = CARTESIAN_POINT('',(12.637207456793,72.624849492013,
    5.191140817987));
#6134 = CARTESIAN_POINT('',(12.943482354248,72.73362030975,
    5.091601173997));
#6135 = CARTESIAN_POINT('',(13.622759661387,72.966810477714,
    4.977866759128));
#6136 = CARTESIAN_POINT('',(13.984985238608,73.08692160663,
    4.973562625816));
#6137 = CARTESIAN_POINT('',(14.344290412671,73.201444955131,
    5.026102614045));
#6138 = CARTESIAN_POINT('',(14.687781633949,73.30646827726,
    5.132284223353));
#6139 = CARTESIAN_POINT('',(15.003572843978,73.399511833633,
    5.283982545277));
#6140 = CARTESIAN_POINT('',(15.282858293373,73.479378919221,
    5.468478628202));
#6141 = CARTESIAN_POINT('',(15.840264796924,73.635128451557,
    5.936739759683));
#6142 = CARTESIAN_POINT('',(16.099831918279,73.704369735304,
    6.244842182056));
#6143 = CARTESIAN_POINT('',(16.30204901978,73.756545746642,
    6.577140362771));
#6144 = CARTESIAN_POINT('',(16.450606799338,73.794099025062,
    6.924204188551));
#6145 = CARTESIAN_POINT('',(16.548553531532,73.81858307114,
    7.279666819834));
#6146 = CARTESIAN_POINT('',(16.59771559255,73.830873355261,
    7.639453214911));
#6147 = CARTESIAN_POINT('',(16.59771559255,73.830873355261,8.));
#6148 = ORIENTED_EDGE('',*,*,#6106,.T.);
#6149 = ORIENTED_EDGE('',*,*,#3805,.T.);
#6150 = ORIENTED_EDGE('',*,*,#6082,.F.);
#6151 = CYLINDRICAL_SURFACE('',#6152,3.);
#6152 = AXIS2_PLACEMENT_3D('',#6153,#6154,#6155);
#6153 = CARTESIAN_POINT('',(18.065559705355,59.605109761643,8.));
#6154 = DIRECTION('',(0.309016994375,-0.951056516295,0.));
#6155 = DIRECTION('',(0.951056516295,0.309016994375,0.));
#6156 = ADVANCED_FACE('',(#6157),#6169,.T.);
#6157 = FACE_BOUND('',#6158,.T.);
#6158 = EDGE_LOOP('',(#6159,#6166,#6167,#6168));
#6159 = ORIENTED_EDGE('',*,*,#6160,.F.);
#6160 = EDGE_CURVE('',#3860,#4134,#6161,.T.);
#6161 = CIRCLE('',#6162,3.);
#6162 = AXIS2_PLACEMENT_3D('',#6163,#6164,#6165);
#6163 = CARTESIAN_POINT('',(-3.58,3.594725724273,3.));
#6164 = DIRECTION('',(0.,0.,-1.));
#6165 = DIRECTION('',(1.,0.,0.));
#6166 = ORIENTED_EDGE('',*,*,#3868,.T.);
#6167 = ORIENTED_EDGE('',*,*,#4089,.T.);
#6168 = ORIENTED_EDGE('',*,*,#4133,.F.);
#6169 = CYLINDRICAL_SURFACE('',#6170,3.);
#6170 = AXIS2_PLACEMENT_3D('',#6171,#6172,#6173);
#6171 = CARTESIAN_POINT('',(-3.58,3.594725724273,3.));
#6172 = DIRECTION('',(0.,-1.2E-16,-1.));
#6173 = DIRECTION('',(1.,0.,0.));
#6174 = ADVANCED_FACE('',(#6175),#6266,.F.);
#6175 = FACE_BOUND('',#6176,.F.);
#6176 = EDGE_LOOP('',(#6177,#6216,#6222,#6223,#6231));
#6177 = ORIENTED_EDGE('',*,*,#6178,.F.);
#6178 = EDGE_CURVE('',#6179,#6181,#6183,.T.);
#6179 = VERTEX_POINT('',#6180);
#6180 = CARTESIAN_POINT('',(11.271799101297,-3.020378186761,30.));
#6181 = VERTEX_POINT('',#6182);
#6182 = CARTESIAN_POINT('',(14.095175632989,-4.039122648426,33.));
#6183 = B_SPLINE_CURVE_WITH_KNOTS('',7,(#6184,#6185,#6186,#6187,#6188,
    #6189,#6190,#6191,#6192,#6193,#6194,#6195,#6196,#6197,#6198,#6199,
    #6200,#6201,#6202,#6203,#6204,#6205,#6206,#6207,#6208,#6209,#6210,
    #6211,#6212,#6213,#6214,#6215),.UNSPECIFIED.,.F.,.F.,(8,6,6,6,6,8),(
    0.,0.258702457404,0.437109409989,0.598655993188,0.775929257519,1.),
  .UNSPECIFIED.);
#6184 = CARTESIAN_POINT('',(11.271799101297,-3.020378186761,30.));
#6185 = CARTESIAN_POINT('',(11.271799101297,-3.020378186761,
    30.302018318996));
#6186 = CARTESIAN_POINT('',(11.304774900981,-3.033677385758,
    30.603690814052));
#6187 = CARTESIAN_POINT('',(11.370597187928,-3.06022384104,
    30.902772487393));
#6188 = CARTESIAN_POINT('',(11.470153595857,-3.100162766076,
    31.196752919434));
#6189 = CARTESIAN_POINT('',(11.605121608429,-3.153752766903,
    31.482355173789));
#6190 = CARTESIAN_POINT('',(11.777741474402,-3.221171559636,
    31.754908315012));
#6191 = CARTESIAN_POINT('',(12.137100157979,-3.358198016863,
    32.181510043528));
#6192 = CARTESIAN_POINT('',(12.303911140562,-3.421044821742,
    32.347369393417));
#6193 = CARTESIAN_POINT('',(12.491119702659,-3.490538686365,
    32.501173646988));
#6194 = CARTESIAN_POINT('',(12.698447562866,-3.566123784315,
    32.639048481448));
#6195 = CARTESIAN_POINT('',(12.92508764723,-3.646987281177,
    32.757050782632));
#6196 = CARTESIAN_POINT('',(13.169632034892,-3.73209514846,
    32.851139744892));
#6197 = CARTESIAN_POINT('',(13.66560733069,-3.900049253953,
    32.976845273602));
#6198 = CARTESIAN_POINT('',(13.912232600557,-3.981681940823,
    33.013025614082));
#6199 = CARTESIAN_POINT('',(14.164804415934,-4.06314651827,
    33.022462735617));
#6200 = CARTESIAN_POINT('',(14.417743762451,-4.142479645114,
    33.004035829697));
#6201 = CARTESIAN_POINT('',(14.665329509525,-4.217989915343,
    32.958658063379));
#6202 = CARTESIAN_POINT('',(14.902171753121,-4.288376902559,
    32.889253082274));
#6203 = CARTESIAN_POINT('',(15.366819145756,-4.423332504908,
    32.703612786233));
#6204 = CARTESIAN_POINT('',(15.592157146788,-4.486858699876,
    32.583212754105));
#6205 = CARTESIAN_POINT('',(15.798561158149,-4.543484637481,
    32.443796647783));
#6206 = CARTESIAN_POINT('',(15.985479539391,-4.593557083047,
    32.289043905611));
#6207 = CARTESIAN_POINT('',(16.152791558604,-4.637478490022,
    32.12219144669));
#6208 = CARTESIAN_POINT('',(16.300691980238,-4.675651349746,
    31.946114643041));
#6209 = CARTESIAN_POINT('',(16.592633875397,-4.74996261796,
    31.532351270701));
#6210 = CARTESIAN_POINT('',(16.726151181179,-4.783107430022,
    31.289535439883));
#6211 = CARTESIAN_POINT('',(16.831422687746,-4.808772838532,
    31.038666001498));
#6212 = CARTESIAN_POINT('',(16.909556629261,-4.827599140634,
    30.78241907394));
#6213 = CARTESIAN_POINT('',(16.96137905853,-4.840010171115,
    30.522809171466));
#6214 = CARTESIAN_POINT('',(16.987319594706,-4.84622272282,
    30.26148971556));
#6215 = CARTESIAN_POINT('',(16.987319594702,-4.846222722819,
    29.999999999958));
#6216 = ORIENTED_EDGE('',*,*,#6217,.T.);
#6217 = EDGE_CURVE('',#6179,#3877,#6218,.T.);
#6218 = LINE('',#6219,#6220);
#6219 = CARTESIAN_POINT('',(15.592812762987,10.278334423732,30.));
#6220 = VECTOR('',#6221,1.);
#6221 = DIRECTION('',(-0.309016994375,-0.951056516295,-0.));
#6222 = ORIENTED_EDGE('',*,*,#3876,.T.);
#6223 = ORIENTED_EDGE('',*,*,#6224,.F.);
#6224 = EDGE_CURVE('',#6225,#3879,#6227,.T.);
#6225 = VERTEX_POINT('',#6226);
#6226 = CARTESIAN_POINT('',(16.987319594702,-4.846222722819,
    29.999999999916));
#6227 = LINE('',#6228,#6229);
#6228 = CARTESIAN_POINT('',(21.299151860758,8.424232457482,
    29.999999999916));
#6229 = VECTOR('',#6230,1.);
#6230 = DIRECTION('',(-0.309016994375,-0.951056516295,-0.));
#6231 = ORIENTED_EDGE('',*,*,#6232,.F.);
#6232 = EDGE_CURVE('',#6181,#6225,#6233,.T.);
#6233 = B_SPLINE_CURVE_WITH_KNOTS('',7,(#6234,#6235,#6236,#6237,#6238,
    #6239,#6240,#6241,#6242,#6243,#6244,#6245,#6246,#6247,#6248,#6249,
    #6250,#6251,#6252,#6253,#6254,#6255,#6256,#6257,#6258,#6259,#6260,
    #6261,#6262,#6263,#6264,#6265),.UNSPECIFIED.,.F.,.F.,(8,6,6,6,6,8),(
    0.,0.258702457404,0.437109409989,0.598655993188,0.775929257519,1.),
  .UNSPECIFIED.);
#6234 = CARTESIAN_POINT('',(11.271799101297,-3.020378186761,30.));
#6235 = CARTESIAN_POINT('',(11.271799101297,-3.020378186761,
    30.302018318996));
#6236 = CARTESIAN_POINT('',(11.304774900981,-3.033677385758,
    30.603690814052));
#6237 = CARTESIAN_POINT('',(11.370597187928,-3.06022384104,
    30.902772487393));
#6238 = CARTESIAN_POINT('',(11.470153595857,-3.100162766076,
    31.196752919434));
#6239 = CARTESIAN_POINT('',(11.605121608429,-3.153752766903,
    31.482355173789));
#6240 = CARTESIAN_POINT('',(11.777741474402,-3.221171559636,
    31.754908315012));
#6241 = CARTESIAN_POINT('',(12.137100157979,-3.358198016863,
    32.181510043528));
#6242 = CARTESIAN_POINT('',(12.303911140562,-3.421044821742,
    32.347369393417));
#6243 = CARTESIAN_POINT('',(12.491119702659,-3.490538686365,
    32.501173646988));
#6244 = CARTESIAN_POINT('',(12.698447562866,-3.566123784315,
    32.639048481448));
#6245 = CARTESIAN_POINT('',(12.92508764723,-3.646987281177,
    32.757050782632));
#6246 = CARTESIAN_POINT('',(13.169632034892,-3.73209514846,
    32.851139744892));
#6247 = CARTESIAN_POINT('',(13.66560733069,-3.900049253953,
    32.976845273602));
#6248 = CARTESIAN_POINT('',(13.912232600557,-3.981681940823,
    33.013025614082));
#6249 = CARTESIAN_POINT('',(14.164804415934,-4.06314651827,
    33.022462735617));
#6250 = CARTESIAN_POINT('',(14.417743762451,-4.142479645114,
    33.004035829697));
#6251 = CARTESIAN_POINT('',(14.665329509525,-4.217989915343,
    32.958658063379));
#6252 = CARTESIAN_POINT('',(14.902171753121,-4.288376902559,
    32.889253082274));
#6253 = CARTESIAN_POINT('',(15.366819145756,-4.423332504908,
    32.703612786233));
#6254 = CARTESIAN_POINT('',(15.592157146788,-4.486858699876,
    32.583212754105));
#6255 = CARTESIAN_POINT('',(15.798561158149,-4.543484637481,
    32.443796647783));
#6256 = CARTESIAN_POINT('',(15.985479539391,-4.593557083047,
    32.289043905611));
#6257 = CARTESIAN_POINT('',(16.152791558604,-4.637478490022,
    32.12219144669));
#6258 = CARTESIAN_POINT('',(16.300691980238,-4.675651349746,
    31.946114643041));
#6259 = CARTESIAN_POINT('',(16.592633875397,-4.74996261796,
    31.532351270701));
#6260 = CARTESIAN_POINT('',(16.726151181179,-4.783107430022,
    31.289535439883));
#6261 = CARTESIAN_POINT('',(16.831422687746,-4.808772838532,
    31.038666001498));
#6262 = CARTESIAN_POINT('',(16.909556629261,-4.827599140634,
    30.78241907394));
#6263 = CARTESIAN_POINT('',(16.96137905853,-4.840010171115,
    30.522809171466));
#6264 = CARTESIAN_POINT('',(16.987319594706,-4.84622272282,
    30.26148971556));
#6265 = CARTESIAN_POINT('',(16.987319594702,-4.846222722819,
    29.999999999958));
#6266 = CYLINDRICAL_SURFACE('',#6267,3.);
#6267 = AXIS2_PLACEMENT_3D('',#6268,#6269,#6270);
#6268 = CARTESIAN_POINT('',(18.445982311873,9.351283440607,30.));
#6269 = DIRECTION('',(0.309016994375,0.951056516295,0.));
#6270 = DIRECTION('',(-0.951056516295,0.309016994375,0.));
#6271 = ADVANCED_FACE('',(#6272),#6290,.T.);
#6272 = FACE_BOUND('',#6273,.T.);
#6273 = EDGE_LOOP('',(#6274,#6282,#6283,#6284));
#6274 = ORIENTED_EDGE('',*,*,#6275,.F.);
#6275 = EDGE_CURVE('',#6179,#6276,#6278,.T.);
#6276 = VERTEX_POINT('',#6277);
#6277 = CARTESIAN_POINT('',(11.271799101297,-3.020378186761,8.));
#6278 = LINE('',#6279,#6280);
#6279 = CARTESIAN_POINT('',(11.271799101297,-3.020378186761,3.));
#6280 = VECTOR('',#6281,1.);
#6281 = DIRECTION('',(0.,0.,-1.));
#6282 = ORIENTED_EDGE('',*,*,#6217,.T.);
#6283 = ORIENTED_EDGE('',*,*,#3915,.T.);
#6284 = ORIENTED_EDGE('',*,*,#6285,.F.);
#6285 = EDGE_CURVE('',#6276,#3916,#6286,.T.);
#6286 = LINE('',#6287,#6288);
#6287 = CARTESIAN_POINT('',(15.592812762987,10.278334423732,8.));
#6288 = VECTOR('',#6289,1.);
#6289 = DIRECTION('',(-0.309016994375,-0.951056516295,-0.));
#6290 = PLANE('',#6291);
#6291 = AXIS2_PLACEMENT_3D('',#6292,#6293,#6294);
#6292 = CARTESIAN_POINT('',(15.592812762987,10.278334423732,30.));
#6293 = DIRECTION('',(0.951056516295,-0.309016994375,0.));
#6294 = DIRECTION('',(0.,0.,-1.));
#6295 = ADVANCED_FACE('',(#6296),#6314,.F.);
#6296 = FACE_BOUND('',#6297,.F.);
#6297 = EDGE_LOOP('',(#6298,#6306,#6307,#6308));
#6298 = ORIENTED_EDGE('',*,*,#6299,.F.);
#6299 = EDGE_CURVE('',#6225,#6300,#6302,.T.);
#6300 = VERTEX_POINT('',#6301);
#6301 = CARTESIAN_POINT('',(16.987319594702,-4.846222722819,
    7.999999999916));
#6302 = LINE('',#6303,#6304);
#6303 = CARTESIAN_POINT('',(16.987319594702,-4.846222722819,3.));
#6304 = VECTOR('',#6305,1.);
#6305 = DIRECTION('',(0.,0.,-1.));
#6306 = ORIENTED_EDGE('',*,*,#6224,.T.);
#6307 = ORIENTED_EDGE('',*,*,#3954,.T.);
#6308 = ORIENTED_EDGE('',*,*,#6309,.F.);
#6309 = EDGE_CURVE('',#6300,#3924,#6310,.T.);
#6310 = LINE('',#6311,#6312);
#6311 = CARTESIAN_POINT('',(21.299151860758,8.424232457482,
    7.999999999916));
#6312 = VECTOR('',#6313,1.);
#6313 = DIRECTION('',(-0.309016994375,-0.951056516295,-0.));
#6314 = PLANE('',#6315);
#6315 = AXIS2_PLACEMENT_3D('',#6316,#6317,#6318);
#6316 = CARTESIAN_POINT('',(21.299151860758,8.424232457482,
    29.999999999916));
#6317 = DIRECTION('',(0.951056516295,-0.309016994375,0.));
#6318 = DIRECTION('',(0.,0.,-1.));
#6319 = ADVANCED_FACE('',(#6320),#6354,.F.);
#6320 = FACE_BOUND('',#6321,.F.);
#6321 = EDGE_LOOP('',(#6322,#6351,#6352,#6353));
#6322 = ORIENTED_EDGE('',*,*,#6323,.F.);
#6323 = EDGE_CURVE('',#6300,#6276,#6324,.T.);
#6324 = B_SPLINE_CURVE_WITH_KNOTS('',7,(#6325,#6326,#6327,#6328,#6329,
    #6330,#6331,#6332,#6333,#6334,#6335,#6336,#6337,#6338,#6339,#6340,
    #6341,#6342,#6343,#6344,#6345,#6346,#6347,#6348,#6349,#6350),
  .UNSPECIFIED.,.F.,.F.,(8,6,6,6,8),(0.,0.240530365797,0.455751655728,
    0.688303750051,1.),.UNSPECIFIED.);
#6325 = CARTESIAN_POINT('',(16.987319594702,-4.846222722819,
    7.999999999979));
#6326 = CARTESIAN_POINT('',(16.987319594701,-4.846222722819,
    7.718088021432));
#6327 = CARTESIAN_POINT('',(16.957169132274,-4.839001920323,
    7.436422076764));
#6328 = CARTESIAN_POINT('',(16.896959010838,-4.824582145514,
    7.156883382701));
#6329 = CARTESIAN_POINT('',(16.806094368262,-4.802666904405,
    6.881530239394));
#6330 = CARTESIAN_POINT('',(16.68344539312,-4.772681297776,
    6.612956275621));
#6331 = CARTESIAN_POINT('',(16.527535763839,-4.73375619845,
    6.354730250506));
#6332 = CARTESIAN_POINT('',(16.166178361322,-4.640865046882,
    5.894883869781));
#6333 = CARTESIAN_POINT('',(15.965342478881,-4.588314486561,
    5.687205635778));
#6334 = CARTESIAN_POINT('',(15.733931543223,-4.526388465902,
    5.495997271417));
#6335 = CARTESIAN_POINT('',(15.472969721123,-4.454582226784,
    5.328295567962));
#6336 = CARTESIAN_POINT('',(15.184800530214,-4.372612659555,
    5.191140817986));
#6337 = CARTESIAN_POINT('',(14.873085050673,-4.280586231723,
    5.091601173996));
#6338 = CARTESIAN_POINT('',(14.186472423262,-4.069971857071,
    4.977866759072));
#6339 = CARTESIAN_POINT('',(13.822826225943,-3.954232949479,
    4.973562625975));
#6340 = CARTESIAN_POINT('',(13.46482709863,-3.835690002303,
    5.026102613842));
#6341 = CARTESIAN_POINT('',(13.125205702712,-3.71875658034,
    5.132284223314));
#6342 = CARTESIAN_POINT('',(12.815035616924,-3.608412982607,
    5.283982545607));
#6343 = CARTESIAN_POINT('',(12.542144247539,-3.508866943999,
    5.468478627975));
#6344 = CARTESIAN_POINT('',(11.99964563497,-3.307235640109,
    5.936739759683));
#6345 = CARTESIAN_POINT('',(11.748952417177,-3.210683289461,
    6.244842182056));
#6346 = CARTESIAN_POINT('',(11.55468705552,-3.134034339307,
    6.577140362771));
#6347 = CARTESIAN_POINT('',(11.412428023982,-3.077095507806,
    6.924204188551));
#6348 = CARTESIAN_POINT('',(11.318796091892,-3.039331872481,
    7.279666819834));
#6349 = CARTESIAN_POINT('',(11.271799101297,-3.020378186761,
    7.639453214911));
#6350 = CARTESIAN_POINT('',(11.271799101297,-3.020378186761,8.));
#6351 = ORIENTED_EDGE('',*,*,#6309,.T.);
#6352 = ORIENTED_EDGE('',*,*,#3923,.T.);
#6353 = ORIENTED_EDGE('',*,*,#6285,.F.);
#6354 = CYLINDRICAL_SURFACE('',#6355,3.);
#6355 = AXIS2_PLACEMENT_3D('',#6356,#6357,#6358);
#6356 = CARTESIAN_POINT('',(18.445982311873,9.351283440607,8.));
#6357 = DIRECTION('',(0.309016994375,0.951056516295,0.));
#6358 = DIRECTION('',(-0.951056516295,0.309016994375,0.));
#6359 = ADVANCED_FACE('',(#6360),#6451,.F.);
#6360 = FACE_BOUND('',#6361,.F.);
#6361 = EDGE_LOOP('',(#6362,#6401,#6407,#6408,#6416));
#6362 = ORIENTED_EDGE('',*,*,#6363,.F.);
#6363 = EDGE_CURVE('',#6364,#6366,#6368,.T.);
#6364 = VERTEX_POINT('',#6365);
#6365 = CARTESIAN_POINT('',(36.24228440745,-4.750873355261,30.));
#6366 = VERTEX_POINT('',#6367);
#6367 = CARTESIAN_POINT('',(39.125246973529,-3.915515850676,33.));
#6368 = B_SPLINE_CURVE_WITH_KNOTS('',7,(#6369,#6370,#6371,#6372,#6373,
    #6374,#6375,#6376,#6377,#6378,#6379,#6380,#6381,#6382,#6383,#6384,
    #6385,#6386,#6387,#6388,#6389,#6390,#6391,#6392,#6393,#6394,#6395,
    #6396,#6397,#6398,#6399,#6400),.UNSPECIFIED.,.F.,.F.,(8,6,6,6,6,8),(
    0.,0.258702458074,0.437109410761,0.598655993734,0.775929257886,1.),
  .UNSPECIFIED.);
#6369 = CARTESIAN_POINT('',(36.24228440745,-4.750873355261,30.));
#6370 = CARTESIAN_POINT('',(36.24228440745,-4.750873355261,
    30.302018318996));
#6371 = CARTESIAN_POINT('',(36.276779462835,-4.742249944524,
    30.603690814052));
#6372 = CARTESIAN_POINT('',(36.345634426499,-4.725037108448,
    30.902772487392));
#6373 = CARTESIAN_POINT('',(36.449652763541,-4.698830589187,
    31.196752919435));
#6374 = CARTESIAN_POINT('',(36.590343591565,-4.662853603264,
    31.482355173789));
#6375 = CARTESIAN_POINT('',(36.769623768799,-4.615933140854,
    31.754908315012));
#6376 = CARTESIAN_POINT('',(37.140893181315,-4.515564139023,
    32.181510043177));
#6377 = CARTESIAN_POINT('',(37.312786527361,-4.468359236381,
    32.347369394107));
#6378 = CARTESIAN_POINT('',(37.505088902703,-4.414542522445,
    32.501173646702));
#6379 = CARTESIAN_POINT('',(37.717248471069,-4.353827892522,
    32.639048481006));
#6380 = CARTESIAN_POINT('',(37.948134523508,-4.286032136045,
    32.757050783134));
#6381 = CARTESIAN_POINT('',(38.196000236552,-4.21114626295,
    32.851139744753));
#6382 = CARTESIAN_POINT('',(38.695973626498,-4.055497024016,
    32.97684527361));
#6383 = CARTESIAN_POINT('',(38.943480150446,-3.976576558539,
    33.013025614067));
#6384 = CARTESIAN_POINT('',(39.195698718603,-3.894024797909,
    33.022462735626));
#6385 = CARTESIAN_POINT('',(39.446961790508,-3.809532628119,
    33.004035829704));
#6386 = CARTESIAN_POINT('',(39.691646690696,-3.725094469174,
    32.95865806336));
#6387 = CARTESIAN_POINT('',(39.924628523732,-3.64282636013,
    32.889253082286));
#6388 = CARTESIAN_POINT('',(40.379861073696,-3.478894850953,
    32.703612786181));
#6389 = CARTESIAN_POINT('',(40.599503106287,-3.397838268575,
    32.583212754127));
#6390 = CARTESIAN_POINT('',(40.799771350268,-3.32232838051,
    32.443796647883));
#6391 = CARTESIAN_POINT('',(40.980423342467,-3.252969971984,
    32.289043905577));
#6392 = CARTESIAN_POINT('',(41.141597964633,-3.190159599222,
    32.122191446544));
#6393 = CARTESIAN_POINT('',(41.283689363044,-3.134108404879,
    31.946114643156));
#6394 = CARTESIAN_POINT('',(41.563554385211,-3.022628343206,
    31.532351270701));
#6395 = CARTESIAN_POINT('',(41.691054186351,-2.970963556175,
    31.289535439884));
#6396 = CARTESIAN_POINT('',(41.791306372805,-2.929850268781,
    31.038666001498));
#6397 = CARTESIAN_POINT('',(41.865583882057,-2.899155088596,
    30.782419073941));
#6398 = CARTESIAN_POINT('',(41.914804128709,-2.878735363511,
    30.522809171466));
#6399 = CARTESIAN_POINT('',(41.93944210959,-2.868513958818,
    30.26148971556));
#6400 = CARTESIAN_POINT('',(41.939442109587,-2.868513958819,
    29.999999999958));
#6401 = ORIENTED_EDGE('',*,*,#6402,.T.);
#6402 = EDGE_CURVE('',#6364,#3963,#6403,.T.);
#6403 = LINE('',#6404,#6405);
#6404 = CARTESIAN_POINT('',(31.92127074576,8.547839255232,30.));
#6405 = VECTOR('',#6406,1.);
#6406 = DIRECTION('',(0.309016994375,-0.951056516295,-0.));
#6407 = ORIENTED_EDGE('',*,*,#3962,.T.);
#6408 = ORIENTED_EDGE('',*,*,#6409,.F.);
#6409 = EDGE_CURVE('',#6410,#3965,#6412,.T.);
#6410 = VERTEX_POINT('',#6411);
#6411 = CARTESIAN_POINT('',(41.939442109587,-2.868513958819,
    29.999999999916));
#6412 = LINE('',#6413,#6414);
#6413 = CARTESIAN_POINT('',(37.627609843531,10.401941221482,
    29.999999999916));
#6414 = VECTOR('',#6415,1.);
#6415 = DIRECTION('',(0.309016994375,-0.951056516295,-0.));
#6416 = ORIENTED_EDGE('',*,*,#6417,.F.);
#6417 = EDGE_CURVE('',#6366,#6410,#6418,.T.);
#6418 = B_SPLINE_CURVE_WITH_KNOTS('',7,(#6419,#6420,#6421,#6422,#6423,
    #6424,#6425,#6426,#6427,#6428,#6429,#6430,#6431,#6432,#6433,#6434,
    #6435,#6436,#6437,#6438,#6439,#6440,#6441,#6442,#6443,#6444,#6445,
    #6446,#6447,#6448,#6449,#6450),.UNSPECIFIED.,.F.,.F.,(8,6,6,6,6,8),(
    0.,0.258702458074,0.437109410761,0.598655993734,0.775929257886,1.),
  .UNSPECIFIED.);
#6419 = CARTESIAN_POINT('',(36.24228440745,-4.750873355261,30.));
#6420 = CARTESIAN_POINT('',(36.24228440745,-4.750873355261,
    30.302018318996));
#6421 = CARTESIAN_POINT('',(36.276779462835,-4.742249944524,
    30.603690814052));
#6422 = CARTESIAN_POINT('',(36.345634426499,-4.725037108448,
    30.902772487392));
#6423 = CARTESIAN_POINT('',(36.449652763541,-4.698830589187,
    31.196752919435));
#6424 = CARTESIAN_POINT('',(36.590343591565,-4.662853603264,
    31.482355173789));
#6425 = CARTESIAN_POINT('',(36.769623768799,-4.615933140854,
    31.754908315012));
#6426 = CARTESIAN_POINT('',(37.140893181315,-4.515564139023,
    32.181510043177));
#6427 = CARTESIAN_POINT('',(37.312786527361,-4.468359236381,
    32.347369394107));
#6428 = CARTESIAN_POINT('',(37.505088902703,-4.414542522445,
    32.501173646702));
#6429 = CARTESIAN_POINT('',(37.717248471069,-4.353827892522,
    32.639048481006));
#6430 = CARTESIAN_POINT('',(37.948134523508,-4.286032136045,
    32.757050783134));
#6431 = CARTESIAN_POINT('',(38.196000236552,-4.21114626295,
    32.851139744753));
#6432 = CARTESIAN_POINT('',(38.695973626498,-4.055497024016,
    32.97684527361));
#6433 = CARTESIAN_POINT('',(38.943480150446,-3.976576558539,
    33.013025614067));
#6434 = CARTESIAN_POINT('',(39.195698718603,-3.894024797909,
    33.022462735626));
#6435 = CARTESIAN_POINT('',(39.446961790508,-3.809532628119,
    33.004035829704));
#6436 = CARTESIAN_POINT('',(39.691646690696,-3.725094469174,
    32.95865806336));
#6437 = CARTESIAN_POINT('',(39.924628523732,-3.64282636013,
    32.889253082286));
#6438 = CARTESIAN_POINT('',(40.379861073696,-3.478894850953,
    32.703612786181));
#6439 = CARTESIAN_POINT('',(40.599503106287,-3.397838268575,
    32.583212754127));
#6440 = CARTESIAN_POINT('',(40.799771350268,-3.32232838051,
    32.443796647883));
#6441 = CARTESIAN_POINT('',(40.980423342467,-3.252969971984,
    32.289043905577));
#6442 = CARTESIAN_POINT('',(41.141597964633,-3.190159599222,
    32.122191446544));
#6443 = CARTESIAN_POINT('',(41.283689363044,-3.134108404879,
    31.946114643156));
#6444 = CARTESIAN_POINT('',(41.563554385211,-3.022628343206,
    31.532351270701));
#6445 = CARTESIAN_POINT('',(41.691054186351,-2.970963556175,
    31.289535439884));
#6446 = CARTESIAN_POINT('',(41.791306372805,-2.929850268781,
    31.038666001498));
#6447 = CARTESIAN_POINT('',(41.865583882057,-2.899155088596,
    30.782419073941));
#6448 = CARTESIAN_POINT('',(41.914804128709,-2.878735363511,
    30.522809171466));
#6449 = CARTESIAN_POINT('',(41.93944210959,-2.868513958818,
    30.26148971556));
#6450 = CARTESIAN_POINT('',(41.939442109587,-2.868513958819,
    29.999999999958));
#6451 = CYLINDRICAL_SURFACE('',#6452,3.);
#6452 = AXIS2_PLACEMENT_3D('',#6453,#6454,#6455);
#6453 = CARTESIAN_POINT('',(34.774440294645,9.474890238357,30.));
#6454 = DIRECTION('',(-0.309016994375,0.951056516295,0.));
#6455 = DIRECTION('',(-0.951056516295,-0.309016994375,0.));
#6456 = ADVANCED_FACE('',(#6457),#6475,.T.);
#6457 = FACE_BOUND('',#6458,.T.);
#6458 = EDGE_LOOP('',(#6459,#6467,#6468,#6469));
#6459 = ORIENTED_EDGE('',*,*,#6460,.F.);
#6460 = EDGE_CURVE('',#6364,#6461,#6463,.T.);
#6461 = VERTEX_POINT('',#6462);
#6462 = CARTESIAN_POINT('',(36.24228440745,-4.750873355261,8.));
#6463 = LINE('',#6464,#6465);
#6464 = CARTESIAN_POINT('',(36.24228440745,-4.750873355261,3.));
#6465 = VECTOR('',#6466,1.);
#6466 = DIRECTION('',(0.,0.,-1.));
#6467 = ORIENTED_EDGE('',*,*,#6402,.T.);
#6468 = ORIENTED_EDGE('',*,*,#4001,.T.);
#6469 = ORIENTED_EDGE('',*,*,#6470,.F.);
#6470 = EDGE_CURVE('',#6461,#4002,#6471,.T.);
#6471 = LINE('',#6472,#6473);
#6472 = CARTESIAN_POINT('',(31.92127074576,8.547839255232,8.));
#6473 = VECTOR('',#6474,1.);
#6474 = DIRECTION('',(0.309016994375,-0.951056516295,-0.));
#6475 = PLANE('',#6476);
#6476 = AXIS2_PLACEMENT_3D('',#6477,#6478,#6479);
#6477 = CARTESIAN_POINT('',(31.92127074576,8.547839255232,30.));
#6478 = DIRECTION('',(0.951056516295,0.309016994375,0.));
#6479 = DIRECTION('',(-0.,0.,-1.));
#6480 = ADVANCED_FACE('',(#6481),#6499,.F.);
#6481 = FACE_BOUND('',#6482,.F.);
#6482 = EDGE_LOOP('',(#6483,#6491,#6492,#6493));
#6483 = ORIENTED_EDGE('',*,*,#6484,.F.);
#6484 = EDGE_CURVE('',#6410,#6485,#6487,.T.);
#6485 = VERTEX_POINT('',#6486);
#6486 = CARTESIAN_POINT('',(41.939442109587,-2.868513958819,
    7.999999999916));
#6487 = LINE('',#6488,#6489);
#6488 = CARTESIAN_POINT('',(41.939442109586,-2.868513958819,3.));
#6489 = VECTOR('',#6490,1.);
#6490 = DIRECTION('',(0.,0.,-1.));
#6491 = ORIENTED_EDGE('',*,*,#6409,.T.);
#6492 = ORIENTED_EDGE('',*,*,#4040,.T.);
#6493 = ORIENTED_EDGE('',*,*,#6494,.F.);
#6494 = EDGE_CURVE('',#6485,#4010,#6495,.T.);
#6495 = LINE('',#6496,#6497);
#6496 = CARTESIAN_POINT('',(37.627609843531,10.401941221482,
    7.999999999916));
#6497 = VECTOR('',#6498,1.);
#6498 = DIRECTION('',(0.309016994375,-0.951056516295,-0.));
#6499 = PLANE('',#6500);
#6500 = AXIS2_PLACEMENT_3D('',#6501,#6502,#6503);
#6501 = CARTESIAN_POINT('',(37.627609843531,10.401941221482,
    29.999999999916));
#6502 = DIRECTION('',(0.951056516295,0.309016994375,0.));
#6503 = DIRECTION('',(-0.,0.,-1.));
#6504 = ADVANCED_FACE('',(#6505),#6539,.F.);
#6505 = FACE_BOUND('',#6506,.F.);
#6506 = EDGE_LOOP('',(#6507,#6536,#6537,#6538));
#6507 = ORIENTED_EDGE('',*,*,#6508,.F.);
#6508 = EDGE_CURVE('',#6485,#6461,#6509,.T.);
#6509 = B_SPLINE_CURVE_WITH_KNOTS('',7,(#6510,#6511,#6512,#6513,#6514,
    #6515,#6516,#6517,#6518,#6519,#6520,#6521,#6522,#6523,#6524,#6525,
    #6526,#6527,#6528,#6529,#6530,#6531,#6532,#6533,#6534,#6535),
  .UNSPECIFIED.,.F.,.F.,(8,6,6,6,8),(0.,0.240530367824,0.455751659399,
    0.688303755136,1.),.UNSPECIFIED.);
#6510 = CARTESIAN_POINT('',(41.939442109587,-2.868513958819,
    7.999999999979));
#6511 = CARTESIAN_POINT('',(41.939442109585,-2.86851395882,
    7.718088021432));
#6512 = CARTESIAN_POINT('',(41.910805591877,-2.880394204052,
    7.436422076764));
#6513 = CARTESIAN_POINT('',(41.853618849427,-2.904118982596,
    7.156883382701));
#6514 = CARTESIAN_POINT('',(41.767226353871,-2.939798076963,
    6.881530239394));
#6515 = CARTESIAN_POINT('',(41.650376151281,-2.987630470411,
    6.612956275621));
#6516 = CARTESIAN_POINT('',(41.501363012279,-3.04778078433,
    6.354730250506));
#6517 = CARTESIAN_POINT('',(41.154418683768,-3.18503081604,
    5.894883869951));
#6518 = CARTESIAN_POINT('',(40.961050597341,-3.260564889546,
    5.687205635746));
#6519 = CARTESIAN_POINT('',(40.737436015872,-3.346485621701,
    5.495997271288));
#6520 = CARTESIAN_POINT('',(40.484106818508,-3.441782664398,
    5.328295567915));
#6521 = CARTESIAN_POINT('',(40.20279254323,-3.544849492001,
    5.191140818048));
#6522 = CARTESIAN_POINT('',(39.896517645947,-3.653620309683,
    5.091601174029));
#6523 = CARTESIAN_POINT('',(39.217240338613,-3.886810477714,
    4.977866759128));
#6524 = CARTESIAN_POINT('',(38.855014761392,-4.006921606631,
    4.973562625816));
#6525 = CARTESIAN_POINT('',(38.495709587329,-4.121444955131,
    5.026102614044));
#6526 = CARTESIAN_POINT('',(38.15221836605,-4.226468277261,
    5.132284223354));
#6527 = CARTESIAN_POINT('',(37.836427156022,-4.319511833633,
    5.283982545277));
#6528 = CARTESIAN_POINT('',(37.557141706627,-4.399378919221,
    5.468478628202));
#6529 = CARTESIAN_POINT('',(36.999735210588,-4.555128449459,
    5.936739753373));
#6530 = CARTESIAN_POINT('',(36.740168058914,-4.624369741627,
    6.244842209012));
#6531 = CARTESIAN_POINT('',(36.537951011606,-4.676545737997,
    6.577140311343));
#6532 = CARTESIAN_POINT('',(36.389393178511,-4.714099031133,
    6.924204242142));
#6533 = CARTESIAN_POINT('',(36.291446475273,-4.738583069282,
    7.279666789065));
#6534 = CARTESIAN_POINT('',(36.24228440745,-4.750873355261,
    7.639453223074));
#6535 = CARTESIAN_POINT('',(36.24228440745,-4.750873355261,8.));
#6536 = ORIENTED_EDGE('',*,*,#6494,.T.);
#6537 = ORIENTED_EDGE('',*,*,#4009,.T.);
#6538 = ORIENTED_EDGE('',*,*,#6470,.F.);
#6539 = CYLINDRICAL_SURFACE('',#6540,3.);
#6540 = AXIS2_PLACEMENT_3D('',#6541,#6542,#6543);
#6541 = CARTESIAN_POINT('',(34.774440294645,9.474890238357,8.));
#6542 = DIRECTION('',(-0.309016994375,0.951056516295,0.));
#6543 = DIRECTION('',(-0.951056516295,-0.309016994375,0.));
#6544 = ADVANCED_FACE('',(#6545),#6568,.F.);
#6545 = FACE_BOUND('',#6546,.F.);
#6546 = EDGE_LOOP('',(#6547,#6554,#6555,#6561));
#6547 = ORIENTED_EDGE('',*,*,#6548,.F.);
#6548 = EDGE_CURVE('',#4066,#6549,#6551,.T.);
#6549 = VERTEX_POINT('',#6550);
#6550 = CARTESIAN_POINT('',(-2.58,65.485274275727,3.));
#6551 = B_SPLINE_CURVE_WITH_KNOTS('',1,(#6552,#6553),.UNSPECIFIED.,.F.,
  .F.,(2,2),(-32.,0.),.PIECEWISE_BEZIER_KNOTS.);
#6552 = CARTESIAN_POINT('',(-2.58,65.485274275727,35.));
#6553 = CARTESIAN_POINT('',(-2.58,65.485274275727,3.));
#6554 = ORIENTED_EDGE('',*,*,#4065,.T.);
#6555 = ORIENTED_EDGE('',*,*,#6556,.T.);
#6556 = EDGE_CURVE('',#2952,#5163,#6557,.T.);
#6557 = LINE('',#6558,#6559);
#6558 = CARTESIAN_POINT('',(-2.883944315545,64.767286473506,3.));
#6559 = VECTOR('',#6560,1.);
#6560 = DIRECTION('',(-0.,-0.,-1.));
#6561 = ORIENTED_EDGE('',*,*,#6562,.F.);
#6562 = EDGE_CURVE('',#6549,#5163,#6563,.T.);
#6563 = CIRCLE('',#6564,1.);
#6564 = AXIS2_PLACEMENT_3D('',#6565,#6566,#6567);
#6565 = CARTESIAN_POINT('',(-3.58,65.485274275727,3.));
#6566 = DIRECTION('',(0.,-1.2E-16,-1.));
#6567 = DIRECTION('',(1.,0.,0.));
#6568 = CYLINDRICAL_SURFACE('',#6569,1.);
#6569 = AXIS2_PLACEMENT_3D('',#6570,#6571,#6572);
#6570 = CARTESIAN_POINT('',(-3.58,65.485274275727,3.));
#6571 = DIRECTION('',(0.,-1.2E-16,-1.));
#6572 = DIRECTION('',(1.,0.,0.));
#6573 = ADVANCED_FACE('',(#6574),#6586,.F.);
#6574 = FACE_BOUND('',#6575,.F.);
#6575 = EDGE_LOOP('',(#6576,#6577,#6578,#6585));
#6576 = ORIENTED_EDGE('',*,*,#4074,.T.);
#6577 = ORIENTED_EDGE('',*,*,#6548,.T.);
#6578 = ORIENTED_EDGE('',*,*,#6579,.F.);
#6579 = EDGE_CURVE('',#5163,#6549,#6580,.T.);
#6580 = CIRCLE('',#6581,1.);
#6581 = AXIS2_PLACEMENT_3D('',#6582,#6583,#6584);
#6582 = CARTESIAN_POINT('',(-3.58,65.485274275727,3.));
#6583 = DIRECTION('',(0.,-1.2E-16,-1.));
#6584 = DIRECTION('',(1.,0.,0.));
#6585 = ORIENTED_EDGE('',*,*,#6556,.F.);
#6586 = CYLINDRICAL_SURFACE('',#6587,1.);
#6587 = AXIS2_PLACEMENT_3D('',#6588,#6589,#6590);
#6588 = CARTESIAN_POINT('',(-3.58,65.485274275727,3.));
#6589 = DIRECTION('',(0.,-1.2E-16,-1.));
#6590 = DIRECTION('',(1.,0.,0.));
#6591 = ADVANCED_FACE('',(#6592),#6615,.F.);
#6592 = FACE_BOUND('',#6593,.F.);
#6593 = EDGE_LOOP('',(#6594,#6603,#6608,#6609));
#6594 = ORIENTED_EDGE('',*,*,#6595,.F.);
#6595 = EDGE_CURVE('',#6596,#5180,#6598,.T.);
#6596 = VERTEX_POINT('',#6597);
#6597 = CARTESIAN_POINT('',(-2.58,3.594725724273,3.));
#6598 = CIRCLE('',#6599,1.);
#6599 = AXIS2_PLACEMENT_3D('',#6600,#6601,#6602);
#6600 = CARTESIAN_POINT('',(-3.58,3.594725724273,3.));
#6601 = DIRECTION('',(0.,-1.2E-16,-1.));
#6602 = DIRECTION('',(1.,0.,0.));
#6603 = ORIENTED_EDGE('',*,*,#6604,.F.);
#6604 = EDGE_CURVE('',#4101,#6596,#6605,.T.);
#6605 = B_SPLINE_CURVE_WITH_KNOTS('',1,(#6606,#6607),.UNSPECIFIED.,.F.,
  .F.,(2,2),(-32.,0.),.PIECEWISE_BEZIER_KNOTS.);
#6606 = CARTESIAN_POINT('',(-2.58,3.594725724273,35.));
#6607 = CARTESIAN_POINT('',(-2.58,3.594725724273,3.));
#6608 = ORIENTED_EDGE('',*,*,#4100,.T.);
#6609 = ORIENTED_EDGE('',*,*,#6610,.T.);
#6610 = EDGE_CURVE('',#2979,#5180,#6611,.T.);
#6611 = LINE('',#6612,#6613);
#6612 = CARTESIAN_POINT('',(-2.883944315545,4.312713526494,3.));
#6613 = VECTOR('',#6614,1.);
#6614 = DIRECTION('',(-0.,-0.,-1.));
#6615 = CYLINDRICAL_SURFACE('',#6616,1.);
#6616 = AXIS2_PLACEMENT_3D('',#6617,#6618,#6619);
#6617 = CARTESIAN_POINT('',(-3.58,3.594725724273,3.));
#6618 = DIRECTION('',(0.,-1.2E-16,-1.));
#6619 = DIRECTION('',(1.,0.,0.));
#6620 = ADVANCED_FACE('',(#6621),#6633,.F.);
#6621 = FACE_BOUND('',#6622,.F.);
#6622 = EDGE_LOOP('',(#6623,#6624,#6631,#6632));
#6623 = ORIENTED_EDGE('',*,*,#6604,.T.);
#6624 = ORIENTED_EDGE('',*,*,#6625,.F.);
#6625 = EDGE_CURVE('',#5180,#6596,#6626,.T.);
#6626 = CIRCLE('',#6627,1.);
#6627 = AXIS2_PLACEMENT_3D('',#6628,#6629,#6630);
#6628 = CARTESIAN_POINT('',(-3.58,3.594725724273,3.));
#6629 = DIRECTION('',(0.,-1.2E-16,-1.));
#6630 = DIRECTION('',(1.,0.,0.));
#6631 = ORIENTED_EDGE('',*,*,#6610,.F.);
#6632 = ORIENTED_EDGE('',*,*,#4109,.T.);
#6633 = CYLINDRICAL_SURFACE('',#6634,1.);
#6634 = AXIS2_PLACEMENT_3D('',#6635,#6636,#6637);
#6635 = CARTESIAN_POINT('',(-3.58,3.594725724273,3.));
#6636 = DIRECTION('',(0.,-1.2E-16,-1.));
#6637 = DIRECTION('',(1.,0.,0.));
#6638 = ADVANCED_FACE('',(#6639),#6730,.F.);
#6639 = FACE_BOUND('',#6640,.F.);
#6640 = EDGE_LOOP('',(#6641,#6680,#6686,#6687,#6695));
#6641 = ORIENTED_EDGE('',*,*,#6642,.F.);
#6642 = EDGE_CURVE('',#6643,#6645,#6647,.T.);
#6643 = VERTEX_POINT('',#6644);
#6644 = CARTESIAN_POINT('',(-4.620990917125,60.553590349719,30.));
#6645 = VERTEX_POINT('',#6646);
#6646 = CARTESIAN_POINT('',(-6.462346322221,58.183208334436,33.));
#6647 = B_SPLINE_CURVE_WITH_KNOTS('',7,(#6648,#6649,#6650,#6651,#6652,
    #6653,#6654,#6655,#6656,#6657,#6658,#6659,#6660,#6661,#6662,#6663,
    #6664,#6665,#6666,#6667,#6668,#6669,#6670,#6671,#6672,#6673,#6674,
    #6675,#6676,#6677,#6678,#6679),.UNSPECIFIED.,.F.,.F.,(8,6,6,6,6,8),(
    0.,0.254071448652,0.436014510187,0.600359544939,0.781283002005,1.),
  .UNSPECIFIED.);
#6648 = CARTESIAN_POINT('',(-4.620990917125,60.553590349719,30.));
#6649 = CARTESIAN_POINT('',(-4.620990917125,60.553590349719,
    30.296588868288));
#6650 = CARTESIAN_POINT('',(-4.643015598426,60.527309133062,
    30.592860731316));
#6651 = CARTESIAN_POINT('',(-4.686984334194,60.474843149181,
    30.886674048083));
#6652 = CARTESIAN_POINT('',(-4.75327769795,60.395452700106,
    31.175648181009));
#6653 = CARTESIAN_POINT('',(-4.842603739986,60.28773097796,
    31.456704591889));
#6654 = CARTESIAN_POINT('',(-4.955771549146,60.149743310126,
    31.725493586524));
#6655 = CARTESIAN_POINT('',(-5.191918613727,59.857211790813,
    32.154590633094));
#6656 = CARTESIAN_POINT('',(-5.303733236171,59.717570810406,
    32.325379139974));
#6657 = CARTESIAN_POINT('',(-5.428684653008,59.559957010233,
    32.4839900389));
#6658 = CARTESIAN_POINT('',(-5.566182951674,59.384402947142,
    32.626398441423));
#6659 = CARTESIAN_POINT('',(-5.715209237475,59.191376320301,
    32.748472404513));
#6660 = CARTESIAN_POINT('',(-5.874320578441,58.981872894237,
    32.84593634875));
#6661 = CARTESIAN_POINT('',(-6.192767763902,58.555021510636,
    32.976031691135));
#6662 = CARTESIAN_POINT('',(-6.349291261777,58.342138061973,
    33.013490174505));
#6663 = CARTESIAN_POINT('',(-6.507608669016,58.123268147504,
    33.023263376591));
#6664 = CARTESIAN_POINT('',(-6.663935082683,57.903358586956,
    33.004156310611));
#6665 = CARTESIAN_POINT('',(-6.814721222647,57.687584237604,
    32.957143414666));
#6666 = CARTESIAN_POINT('',(-6.956934884135,57.480898783807,
    32.885343720457));
#6667 = CARTESIAN_POINT('',(-7.23270847307,57.07467122039,
    32.693459842132));
#6668 = CARTESIAN_POINT('',(-7.364414507875,56.877266601162,
    32.568910995982));
#6669 = CARTESIAN_POINT('',(-7.48316856123,56.696497126084,
    32.424882577218));
#6670 = CARTESIAN_POINT('',(-7.589183210358,56.532965042589,
    32.265243191304));
#6671 = CARTESIAN_POINT('',(-7.68285894952,56.386861387333,
    32.093362562565));
#6672 = CARTESIAN_POINT('',(-7.764686794519,56.258072495762,
    31.912204856916));
#6673 = CARTESIAN_POINT('',(-7.920506048616,56.011031555505,
    31.497280701237));
#6674 = CARTESIAN_POINT('',(-7.989685415756,55.899972415239,
    31.259375310043));
#6675 = CARTESIAN_POINT('',(-8.043864055606,55.812218486212,
    31.014036763714));
#6676 = CARTESIAN_POINT('',(-8.08390349201,55.746990000474,
    30.763710661092));
#6677 = CARTESIAN_POINT('',(-8.110402457724,55.703694382523,
    30.510251216699));
#6678 = CARTESIAN_POINT('',(-8.123665225045,55.682024331176,
    30.255201472801));
#6679 = CARTESIAN_POINT('',(-8.123665225045,55.682024331176,30.));
#6680 = ORIENTED_EDGE('',*,*,#6681,.T.);
#6681 = EDGE_CURVE('',#6643,#4151,#6682,.T.);
#6682 = LINE('',#6683,#6684);
#6683 = CARTESIAN_POINT('',(6.691569715033,52.334533949817,30.));
#6684 = VECTOR('',#6685,1.);
#6685 = DIRECTION('',(-0.809016994375,0.587785252292,-0.));
#6686 = ORIENTED_EDGE('',*,*,#4150,.T.);
#6687 = ORIENTED_EDGE('',*,*,#6688,.F.);
#6688 = EDGE_CURVE('',#6689,#4153,#6691,.T.);
#6689 = VERTEX_POINT('',#6690);
#6690 = CARTESIAN_POINT('',(-8.123665225045,55.682024331176,
    29.999999999916));
#6691 = LINE('',#6692,#6693);
#6692 = CARTESIAN_POINT('',(3.164858201278,47.480431983567,
    29.999999999916));
#6693 = VECTOR('',#6694,1.);
#6694 = DIRECTION('',(-0.809016994375,0.587785252292,-0.));
#6695 = ORIENTED_EDGE('',*,*,#6696,.F.);
#6696 = EDGE_CURVE('',#6645,#6689,#6697,.T.);
#6697 = B_SPLINE_CURVE_WITH_KNOTS('',7,(#6698,#6699,#6700,#6701,#6702,
    #6703,#6704,#6705,#6706,#6707,#6708,#6709,#6710,#6711,#6712,#6713,
    #6714,#6715,#6716,#6717,#6718,#6719,#6720,#6721,#6722,#6723,#6724,
    #6725,#6726,#6727,#6728,#6729),.UNSPECIFIED.,.F.,.F.,(8,6,6,6,6,8),(
    0.,0.254071448652,0.436014510187,0.600359544939,0.781283002005,1.),
  .UNSPECIFIED.);
#6698 = CARTESIAN_POINT('',(-4.620990917125,60.553590349719,30.));
#6699 = CARTESIAN_POINT('',(-4.620990917125,60.553590349719,
    30.296588868288));
#6700 = CARTESIAN_POINT('',(-4.643015598426,60.527309133062,
    30.592860731316));
#6701 = CARTESIAN_POINT('',(-4.686984334194,60.474843149181,
    30.886674048083));
#6702 = CARTESIAN_POINT('',(-4.75327769795,60.395452700106,
    31.175648181009));
#6703 = CARTESIAN_POINT('',(-4.842603739986,60.28773097796,
    31.456704591889));
#6704 = CARTESIAN_POINT('',(-4.955771549146,60.149743310126,
    31.725493586524));
#6705 = CARTESIAN_POINT('',(-5.191918613727,59.857211790813,
    32.154590633094));
#6706 = CARTESIAN_POINT('',(-5.303733236171,59.717570810406,
    32.325379139974));
#6707 = CARTESIAN_POINT('',(-5.428684653008,59.559957010233,
    32.4839900389));
#6708 = CARTESIAN_POINT('',(-5.566182951674,59.384402947142,
    32.626398441423));
#6709 = CARTESIAN_POINT('',(-5.715209237475,59.191376320301,
    32.748472404513));
#6710 = CARTESIAN_POINT('',(-5.874320578441,58.981872894237,
    32.84593634875));
#6711 = CARTESIAN_POINT('',(-6.192767763902,58.555021510636,
    32.976031691135));
#6712 = CARTESIAN_POINT('',(-6.349291261777,58.342138061973,
    33.013490174505));
#6713 = CARTESIAN_POINT('',(-6.507608669016,58.123268147504,
    33.023263376591));
#6714 = CARTESIAN_POINT('',(-6.663935082683,57.903358586956,
    33.004156310611));
#6715 = CARTESIAN_POINT('',(-6.814721222647,57.687584237604,
    32.957143414666));
#6716 = CARTESIAN_POINT('',(-6.956934884135,57.480898783807,
    32.885343720457));
#6717 = CARTESIAN_POINT('',(-7.23270847307,57.07467122039,
    32.693459842132));
#6718 = CARTESIAN_POINT('',(-7.364414507875,56.877266601162,
    32.568910995982));
#6719 = CARTESIAN_POINT('',(-7.48316856123,56.696497126084,
    32.424882577218));
#6720 = CARTESIAN_POINT('',(-7.589183210358,56.532965042589,
    32.265243191304));
#6721 = CARTESIAN_POINT('',(-7.68285894952,56.386861387333,
    32.093362562565));
#6722 = CARTESIAN_POINT('',(-7.764686794519,56.258072495762,
    31.912204856916));
#6723 = CARTESIAN_POINT('',(-7.920506048616,56.011031555505,
    31.497280701237));
#6724 = CARTESIAN_POINT('',(-7.989685415756,55.899972415239,
    31.259375310043));
#6725 = CARTESIAN_POINT('',(-8.043864055606,55.812218486212,
    31.014036763714));
#6726 = CARTESIAN_POINT('',(-8.08390349201,55.746990000474,
    30.763710661092));
#6727 = CARTESIAN_POINT('',(-8.110402457724,55.703694382523,
    30.510251216699));
#6728 = CARTESIAN_POINT('',(-8.123665225045,55.682024331176,
    30.255201472801));
#6729 = CARTESIAN_POINT('',(-8.123665225045,55.682024331176,30.));
#6730 = CYLINDRICAL_SURFACE('',#6731,3.);
#6731 = AXIS2_PLACEMENT_3D('',#6732,#6733,#6734);
#6732 = CARTESIAN_POINT('',(4.928213958155,49.907482966692,30.));
#6733 = DIRECTION('',(0.809016994375,-0.587785252292,0.));
#6734 = DIRECTION('',(0.587785252292,0.809016994375,0.));
#6735 = ADVANCED_FACE('',(#6736),#6754,.T.);
#6736 = FACE_BOUND('',#6737,.T.);
#6737 = EDGE_LOOP('',(#6738,#6746,#6747,#6748));
#6738 = ORIENTED_EDGE('',*,*,#6739,.F.);
#6739 = EDGE_CURVE('',#6643,#6740,#6742,.T.);
#6740 = VERTEX_POINT('',#6741);
#6741 = CARTESIAN_POINT('',(-4.620990917125,60.553590349719,8.));
#6742 = LINE('',#6743,#6744);
#6743 = CARTESIAN_POINT('',(-4.620990917125,60.553590349719,3.));
#6744 = VECTOR('',#6745,1.);
#6745 = DIRECTION('',(0.,0.,-1.));
#6746 = ORIENTED_EDGE('',*,*,#6681,.T.);
#6747 = ORIENTED_EDGE('',*,*,#4189,.T.);
#6748 = ORIENTED_EDGE('',*,*,#6749,.F.);
#6749 = EDGE_CURVE('',#6740,#4190,#6750,.T.);
#6750 = LINE('',#6751,#6752);
#6751 = CARTESIAN_POINT('',(6.691569715033,52.334533949817,8.));
#6752 = VECTOR('',#6753,1.);
#6753 = DIRECTION('',(-0.809016994375,0.587785252292,-0.));
#6754 = PLANE('',#6755);
#6755 = AXIS2_PLACEMENT_3D('',#6756,#6757,#6758);
#6756 = CARTESIAN_POINT('',(6.691569715033,52.334533949817,30.));
#6757 = DIRECTION('',(-0.587785252292,-0.809016994375,0.));
#6758 = DIRECTION('',(0.,0.,-1.));
#6759 = ADVANCED_FACE('',(#6760),#6778,.F.);
#6760 = FACE_BOUND('',#6761,.F.);
#6761 = EDGE_LOOP('',(#6762,#6770,#6771,#6772));
#6762 = ORIENTED_EDGE('',*,*,#6763,.F.);
#6763 = EDGE_CURVE('',#6689,#6764,#6766,.T.);
#6764 = VERTEX_POINT('',#6765);
#6765 = CARTESIAN_POINT('',(-8.123665225045,55.682024331176,
    7.999999999916));
#6766 = LINE('',#6767,#6768);
#6767 = CARTESIAN_POINT('',(-8.123665225045,55.682024331176,3.));
#6768 = VECTOR('',#6769,1.);
#6769 = DIRECTION('',(0.,0.,-1.));
#6770 = ORIENTED_EDGE('',*,*,#6688,.T.);
#6771 = ORIENTED_EDGE('',*,*,#4228,.T.);
#6772 = ORIENTED_EDGE('',*,*,#6773,.F.);
#6773 = EDGE_CURVE('',#6764,#4198,#6774,.T.);
#6774 = LINE('',#6775,#6776);
#6775 = CARTESIAN_POINT('',(3.164858201278,47.480431983567,
    7.999999999916));
#6776 = VECTOR('',#6777,1.);
#6777 = DIRECTION('',(-0.809016994375,0.587785252292,-0.));
#6778 = PLANE('',#6779);
#6779 = AXIS2_PLACEMENT_3D('',#6780,#6781,#6782);
#6780 = CARTESIAN_POINT('',(3.164858201278,47.480431983567,
    29.999999999916));
#6781 = DIRECTION('',(-0.587785252292,-0.809016994375,0.));
#6782 = DIRECTION('',(0.,0.,-1.));
#6783 = ADVANCED_FACE('',(#6784),#6822,.F.);
#6784 = FACE_BOUND('',#6785,.F.);
#6785 = EDGE_LOOP('',(#6786,#6819,#6820,#6821));
#6786 = ORIENTED_EDGE('',*,*,#6787,.F.);
#6787 = EDGE_CURVE('',#6764,#6740,#6788,.T.);
#6788 = B_SPLINE_CURVE_WITH_KNOTS('',8,(#6789,#6790,#6791,#6792,#6793,
    #6794,#6795,#6796,#6797,#6798,#6799,#6800,#6801,#6802,#6803,#6804,
    #6805,#6806,#6807,#6808,#6809,#6810,#6811,#6812,#6813,#6814,#6815,
    #6816,#6817,#6818),.UNSPECIFIED.,.F.,.F.,(9,7,7,7,9),(0.,
    0.243223183831,0.446195473374,0.698751016975,1.),.UNSPECIFIED.);
#6789 = CARTESIAN_POINT('',(-8.123665225045,55.682024331176,
    7.999999999979));
#6790 = CARTESIAN_POINT('',(-8.123665225044,55.682024331177,
    7.749422777487));
#6791 = CARTESIAN_POINT('',(-8.111139667803,55.70248964836,
    7.499044742015));
#6792 = CARTESIAN_POINT('',(-8.086121967939,55.743365806338,
    7.250091717653));
#6793 = CARTESIAN_POINT('',(-8.04836998319,55.804895644349,
    7.003886319986));
#6794 = CARTESIAN_POINT('',(-7.997401113731,55.887565078127,
    6.761993033812));
#6795 = CARTESIAN_POINT('',(-7.932515862564,55.992034086085,
    6.526385540296));
#6796 = CARTESIAN_POINT('',(-7.852822621224,56.119048706132,
    6.299653681355));
#6797 = CARTESIAN_POINT('',(-7.677542162248,56.39474099619,
    5.906359897027));
#6798 = CARTESIAN_POINT('',(-7.58600250786,56.537558948204,
    5.734332676877));
#6799 = CARTESIAN_POINT('',(-7.482255263013,56.697840570128,
    5.57279079435));
#6800 = CARTESIAN_POINT('',(-7.366132887766,56.875149776492,
    5.425390217444));
#6801 = CARTESIAN_POINT('',(-7.237701211981,57.068585813362,
    5.295825015121));
#6802 = CARTESIAN_POINT('',(-7.097296934238,57.276789280151,
    5.187834633649));
#6803 = CARTESIAN_POINT('',(-6.945603928837,57.497925870668,
    5.105231310558));
#6804 = CARTESIAN_POINT('',(-6.582398656992,58.017976187964,
    4.985647492875));
#6805 = CARTESIAN_POINT('',(-6.372825308558,58.311955252879,
    4.967211564965));
#6806 = CARTESIAN_POINT('',(-6.160663085186,58.602980263415,
    4.998747285524));
#6807 = CARTESIAN_POINT('',(-5.952169671937,58.882495680061,
    5.078823162552));
#6808 = CARTESIAN_POINT('',(-5.753753947281,59.142874281691,
    5.202667731268));
#6809 = CARTESIAN_POINT('',(-5.571313920159,59.378023151715,
    5.362334751046));
#6810 = CARTESIAN_POINT('',(-5.409259435329,59.583925838829,5.5468600541
    ));
#6811 = CARTESIAN_POINT('',(-5.10400801955,59.967505294105,
    5.975394340387));
#6812 = CARTESIAN_POINT('',(-4.96327811587,60.141124007012,6.23411115331
    ));
#6813 = CARTESIAN_POINT('',(-4.8476320723,60.281827861166,6.51023727977)
  );
#6814 = CARTESIAN_POINT('',(-4.756332915911,60.391825947004,
    6.798114100637));
#6815 = CARTESIAN_POINT('',(-4.688538006791,60.472989724639,7.0936757238
    ));
#6816 = CARTESIAN_POINT('',(-4.643549294849,60.526672097348,
    7.393955700433));
#6817 = CARTESIAN_POINT('',(-4.620990917125,60.553590349719,
    7.696732964598));
#6818 = CARTESIAN_POINT('',(-4.620990917125,60.553590349719,8.));
#6819 = ORIENTED_EDGE('',*,*,#6773,.T.);
#6820 = ORIENTED_EDGE('',*,*,#4197,.T.);
#6821 = ORIENTED_EDGE('',*,*,#6749,.F.);
#6822 = CYLINDRICAL_SURFACE('',#6823,3.);
#6823 = AXIS2_PLACEMENT_3D('',#6824,#6825,#6826);
#6824 = CARTESIAN_POINT('',(4.928213958155,49.907482966692,8.));
#6825 = DIRECTION('',(0.809016994375,-0.587785252292,0.));
#6826 = DIRECTION('',(0.587785252292,0.809016994375,0.));
#6827 = ADVANCED_FACE('',(#6828),#6931,.F.);
#6828 = FACE_BOUND('',#6829,.F.);
#6829 = EDGE_LOOP('',(#6830,#6875,#6881,#6882,#6890));
#6830 = ORIENTED_EDGE('',*,*,#6831,.F.);
#6831 = EDGE_CURVE('',#6832,#6834,#6836,.T.);
#6832 = VERTEX_POINT('',#6833);
#6833 = CARTESIAN_POINT('',(-13.98309394093,37.34,30.));
#6834 = VERTEX_POINT('',#6835);
#6835 = CARTESIAN_POINT('',(-14.07950616949,34.339999933227,33.));
#6836 = B_SPLINE_CURVE_WITH_KNOTS('',7,(#6837,#6838,#6839,#6840,#6841,
    #6842,#6843,#6844,#6845,#6846,#6847,#6848,#6849,#6850,#6851,#6852,
    #6853,#6854,#6855,#6856,#6857,#6858,#6859,#6860,#6861,#6862,#6863,
    #6864,#6865,#6866,#6867,#6868,#6869,#6870,#6871,#6872,#6873,#6874),
  .UNSPECIFIED.,.F.,.F.,(8,6,6,6,6,6,8),(0.,0.253313586495,
    0.335303119053,0.432226662292,0.564680427352,0.761598240012,1.),
  .UNSPECIFIED.);
#6837 = CARTESIAN_POINT('',(-13.98309394093,37.34,30.));
#6838 = CARTESIAN_POINT('',(-13.98309394093,37.34,30.297014336446));
#6839 = CARTESIAN_POINT('',(-13.9854713763,37.305694060075,
    30.593709609192));
#6840 = CARTESIAN_POINT('',(-13.99021764611,37.237208564178,
    30.887936071697));
#6841 = CARTESIAN_POINT('',(-13.99720513942,37.133716396506,
    31.177302825581));
#6842 = CARTESIAN_POINT('',(-14.00617836036,36.99365419025,
    31.458716071453));
#6843 = CARTESIAN_POINT('',(-14.01665160083,36.814970423623,
    31.727801537674));
#6844 = CARTESIAN_POINT('',(-14.03141353669,36.52449012922,
    32.059030831341));
#6845 = CARTESIAN_POINT('',(-14.0350952357,36.449171780575,
    32.138070427072));
#6846 = CARTESIAN_POINT('',(-14.03882019109,36.369508962699,
    32.21490751758));
#6847 = CARTESIAN_POINT('',(-14.04255540265,36.285457534704,
    32.289269336439));
#6848 = CARTESIAN_POINT('',(-14.04626382229,36.196985172623,
    32.360858785273));
#6849 = CARTESIAN_POINT('',(-14.04990450574,36.104071913426,
    32.429354153307));
#6850 = CARTESIAN_POINT('',(-14.05760367865,35.891615593868,
    32.571312927524));
#6851 = CARTESIAN_POINT('',(-14.06162395904,35.770125004657,
    32.643528107162));
#6852 = CARTESIAN_POINT('',(-14.06540807773,35.642498432588,
    32.710250017104));
#6853 = CARTESIAN_POINT('',(-14.06886614457,35.509071524474,
    32.770719226541));
#6854 = CARTESIAN_POINT('',(-14.07190869988,35.370254760502,
    32.824221350042));
#6855 = CARTESIAN_POINT('',(-14.07445150745,35.226532141975,
    32.870087165008));
#6856 = CARTESIAN_POINT('',(-14.07911092463,34.876107302273,
    32.959083736809));
#6857 = CARTESIAN_POINT('',(-14.08072788136,34.665764401223,
    32.995015251699));
#6858 = CARTESIAN_POINT('',(-14.08106409814,34.450430404427,
    33.0135371299));
#6859 = CARTESIAN_POINT('',(-14.08000281498,34.233392680402,
    33.013674834918));
#6860 = CARTESIAN_POINT('',(-14.07756012285,34.018034761177,
    32.995426207078));
#6861 = CARTESIAN_POINT('',(-14.07388412998,33.807644552044,
    32.959761332329));
#6862 = CARTESIAN_POINT('',(-14.06226301013,33.304284034714,
    32.832602347213));
#6863 = CARTESIAN_POINT('',(-14.05317008097,33.023530763564,
    32.723034801702));
#6864 = CARTESIAN_POINT('',(-14.04262676734,32.765774059018,
    32.58571931067));
#6865 = CARTESIAN_POINT('',(-14.03138048361,32.532696616261,
    32.425959026596));
#6866 = CARTESIAN_POINT('',(-14.02010324001,32.325135877554,
    32.248714290003));
#6867 = CARTESIAN_POINT('',(-14.00932313572,32.143226625727,
    32.058676259846));
#6868 = CARTESIAN_POINT('',(-13.98742046428,31.79654186429,
    31.620052304271));
#6869 = CARTESIAN_POINT('',(-13.97658627212,31.641588613119,
    31.365212452376));
#6870 = CARTESIAN_POINT('',(-13.96749367968,31.519811708867,
    31.100576227743));
#6871 = CARTESIAN_POINT('',(-13.96048737633,31.42964175098,
    30.82949556136));
#6872 = CARTESIAN_POINT('',(-13.95575288136,31.3699087271,
    30.554424277379));
#6873 = CARTESIAN_POINT('',(-13.95338232053,31.34,30.277325497394));
#6874 = CARTESIAN_POINT('',(-13.95338232053,31.34,30.));
#6875 = ORIENTED_EDGE('',*,*,#6876,.T.);
#6876 = EDGE_CURVE('',#6832,#4237,#6877,.T.);
#6877 = LINE('',#6878,#6879);
#6878 = CARTESIAN_POINT('',(0.,37.34,30.));
#6879 = VECTOR('',#6880,1.);
#6880 = DIRECTION('',(-1.,-0.,-0.));
#6881 = ORIENTED_EDGE('',*,*,#4236,.T.);
#6882 = ORIENTED_EDGE('',*,*,#6883,.F.);
#6883 = EDGE_CURVE('',#6884,#4239,#6886,.T.);
#6884 = VERTEX_POINT('',#6885);
#6885 = CARTESIAN_POINT('',(-13.95338232053,31.34,29.999999999916));
#6886 = LINE('',#6887,#6888);
#6887 = CARTESIAN_POINT('',(0.,31.34,29.999999999916));
#6888 = VECTOR('',#6889,1.);
#6889 = DIRECTION('',(-1.,-0.,-0.));
#6890 = ORIENTED_EDGE('',*,*,#6891,.F.);
#6891 = EDGE_CURVE('',#6834,#6884,#6892,.T.);
#6892 = B_SPLINE_CURVE_WITH_KNOTS('',7,(#6893,#6894,#6895,#6896,#6897,
    #6898,#6899,#6900,#6901,#6902,#6903,#6904,#6905,#6906,#6907,#6908,
    #6909,#6910,#6911,#6912,#6913,#6914,#6915,#6916,#6917,#6918,#6919,
    #6920,#6921,#6922,#6923,#6924,#6925,#6926,#6927,#6928,#6929,#6930),
  .UNSPECIFIED.,.F.,.F.,(8,6,6,6,6,6,8),(0.,0.253313586495,
    0.335303119053,0.432226662292,0.564680427352,0.761598240012,1.),
  .UNSPECIFIED.);
#6893 = CARTESIAN_POINT('',(-13.98309394093,37.34,30.));
#6894 = CARTESIAN_POINT('',(-13.98309394093,37.34,30.297014336446));
#6895 = CARTESIAN_POINT('',(-13.9854713763,37.305694060075,
    30.593709609192));
#6896 = CARTESIAN_POINT('',(-13.99021764611,37.237208564178,
    30.887936071697));
#6897 = CARTESIAN_POINT('',(-13.99720513942,37.133716396506,
    31.177302825581));
#6898 = CARTESIAN_POINT('',(-14.00617836036,36.99365419025,
    31.458716071453));
#6899 = CARTESIAN_POINT('',(-14.01665160083,36.814970423623,
    31.727801537674));
#6900 = CARTESIAN_POINT('',(-14.03141353669,36.52449012922,
    32.059030831341));
#6901 = CARTESIAN_POINT('',(-14.0350952357,36.449171780575,
    32.138070427072));
#6902 = CARTESIAN_POINT('',(-14.03882019109,36.369508962699,
    32.21490751758));
#6903 = CARTESIAN_POINT('',(-14.04255540265,36.285457534704,
    32.289269336439));
#6904 = CARTESIAN_POINT('',(-14.04626382229,36.196985172623,
    32.360858785273));
#6905 = CARTESIAN_POINT('',(-14.04990450574,36.104071913426,
    32.429354153307));
#6906 = CARTESIAN_POINT('',(-14.05760367865,35.891615593868,
    32.571312927524));
#6907 = CARTESIAN_POINT('',(-14.06162395904,35.770125004657,
    32.643528107162));
#6908 = CARTESIAN_POINT('',(-14.06540807773,35.642498432588,
    32.710250017104));
#6909 = CARTESIAN_POINT('',(-14.06886614457,35.509071524474,
    32.770719226541));
#6910 = CARTESIAN_POINT('',(-14.07190869988,35.370254760502,
    32.824221350042));
#6911 = CARTESIAN_POINT('',(-14.07445150745,35.226532141975,
    32.870087165008));
#6912 = CARTESIAN_POINT('',(-14.07911092463,34.876107302273,
    32.959083736809));
#6913 = CARTESIAN_POINT('',(-14.08072788136,34.665764401223,
    32.995015251699));
#6914 = CARTESIAN_POINT('',(-14.08106409814,34.450430404427,
    33.0135371299));
#6915 = CARTESIAN_POINT('',(-14.08000281498,34.233392680402,
    33.013674834918));
#6916 = CARTESIAN_POINT('',(-14.07756012285,34.018034761177,
    32.995426207078));
#6917 = CARTESIAN_POINT('',(-14.07388412998,33.807644552044,
    32.959761332329));
#6918 = CARTESIAN_POINT('',(-14.06226301013,33.304284034714,
    32.832602347213));
#6919 = CARTESIAN_POINT('',(-14.05317008097,33.023530763564,
    32.723034801702));
#6920 = CARTESIAN_POINT('',(-14.04262676734,32.765774059018,
    32.58571931067));
#6921 = CARTESIAN_POINT('',(-14.03138048361,32.532696616261,
    32.425959026596));
#6922 = CARTESIAN_POINT('',(-14.02010324001,32.325135877554,
    32.248714290003));
#6923 = CARTESIAN_POINT('',(-14.00932313572,32.143226625727,
    32.058676259846));
#6924 = CARTESIAN_POINT('',(-13.98742046428,31.79654186429,
    31.620052304271));
#6925 = CARTESIAN_POINT('',(-13.97658627212,31.641588613119,
    31.365212452376));
#6926 = CARTESIAN_POINT('',(-13.96749367968,31.519811708867,
    31.100576227743));
#6927 = CARTESIAN_POINT('',(-13.96048737633,31.42964175098,
    30.82949556136));
#6928 = CARTESIAN_POINT('',(-13.95575288136,31.3699087271,
    30.554424277379));
#6929 = CARTESIAN_POINT('',(-13.95338232053,31.34,30.277325497394));
#6930 = CARTESIAN_POINT('',(-13.95338232053,31.34,30.));
#6931 = CYLINDRICAL_SURFACE('',#6932,3.);
#6932 = AXIS2_PLACEMENT_3D('',#6933,#6934,#6935);
#6933 = CARTESIAN_POINT('',(0.,34.34,30.));
#6934 = DIRECTION('',(1.,0.,0.));
#6935 = DIRECTION('',(0.,1.,0.));
#6936 = ADVANCED_FACE('',(#6937),#6955,.T.);
#6937 = FACE_BOUND('',#6938,.T.);
#6938 = EDGE_LOOP('',(#6939,#6947,#6948,#6949));
#6939 = ORIENTED_EDGE('',*,*,#6940,.F.);
#6940 = EDGE_CURVE('',#6832,#6941,#6943,.T.);
#6941 = VERTEX_POINT('',#6942);
#6942 = CARTESIAN_POINT('',(-13.98309394093,37.34,8.));
#6943 = LINE('',#6944,#6945);
#6944 = CARTESIAN_POINT('',(-13.98309394093,37.34,3.));
#6945 = VECTOR('',#6946,1.);
#6946 = DIRECTION('',(0.,0.,-1.));
#6947 = ORIENTED_EDGE('',*,*,#6876,.T.);
#6948 = ORIENTED_EDGE('',*,*,#4281,.T.);
#6949 = ORIENTED_EDGE('',*,*,#6950,.F.);
#6950 = EDGE_CURVE('',#6941,#4282,#6951,.T.);
#6951 = LINE('',#6952,#6953);
#6952 = CARTESIAN_POINT('',(0.,37.34,8.));
#6953 = VECTOR('',#6954,1.);
#6954 = DIRECTION('',(-1.,-0.,-0.));
#6955 = PLANE('',#6956);
#6956 = AXIS2_PLACEMENT_3D('',#6957,#6958,#6959);
#6957 = CARTESIAN_POINT('',(0.,37.34,30.));
#6958 = DIRECTION('',(0.,-1.,0.));
#6959 = DIRECTION('',(0.,0.,-1.));
#6960 = ADVANCED_FACE('',(#6961),#6979,.F.);
#6961 = FACE_BOUND('',#6962,.F.);
#6962 = EDGE_LOOP('',(#6963,#6971,#6972,#6973));
#6963 = ORIENTED_EDGE('',*,*,#6964,.F.);
#6964 = EDGE_CURVE('',#6884,#6965,#6967,.T.);
#6965 = VERTEX_POINT('',#6966);
#6966 = CARTESIAN_POINT('',(-13.95338232053,31.34,7.999999999916));
#6967 = LINE('',#6968,#6969);
#6968 = CARTESIAN_POINT('',(-13.95338232053,31.34,3.));
#6969 = VECTOR('',#6970,1.);
#6970 = DIRECTION('',(0.,0.,-1.));
#6971 = ORIENTED_EDGE('',*,*,#6883,.T.);
#6972 = ORIENTED_EDGE('',*,*,#4332,.T.);
#6973 = ORIENTED_EDGE('',*,*,#6974,.F.);
#6974 = EDGE_CURVE('',#6965,#4290,#6975,.T.);
#6975 = LINE('',#6976,#6977);
#6976 = CARTESIAN_POINT('',(0.,31.34,7.999999999916));
#6977 = VECTOR('',#6978,1.);
#6978 = DIRECTION('',(-1.,-0.,-0.));
#6979 = PLANE('',#6980);
#6980 = AXIS2_PLACEMENT_3D('',#6981,#6982,#6983);
#6981 = CARTESIAN_POINT('',(0.,31.34,29.999999999916));
#6982 = DIRECTION('',(0.,-1.,0.));
#6983 = DIRECTION('',(0.,0.,-1.));
#6984 = ADVANCED_FACE('',(#6985),#7031,.F.);
#6985 = FACE_BOUND('',#6986,.F.);
#6986 = EDGE_LOOP('',(#6987,#7028,#7029,#7030));
#6987 = ORIENTED_EDGE('',*,*,#6988,.F.);
#6988 = EDGE_CURVE('',#6965,#6941,#6989,.T.);
#6989 = B_SPLINE_CURVE_WITH_KNOTS('',7,(#6990,#6991,#6992,#6993,#6994,
    #6995,#6996,#6997,#6998,#6999,#7000,#7001,#7002,#7003,#7004,#7005,
    #7006,#7007,#7008,#7009,#7010,#7011,#7012,#7013,#7014,#7015,#7016,
    #7017,#7018,#7019,#7020,#7021,#7022,#7023,#7024,#7025,#7026,#7027),
  .UNSPECIFIED.,.F.,.F.,(8,6,6,6,6,6,8),(0.,0.259356030852,
    0.438264530849,0.567909165145,0.66491476852,0.746976752803,1.),
  .UNSPECIFIED.);
#6990 = CARTESIAN_POINT('',(-13.95338232053,31.34,7.999999999979));
#6991 = CARTESIAN_POINT('',(-13.95338232053,31.340000000002,
    7.697950940052));
#6992 = CARTESIAN_POINT('',(-13.95619434431,31.375478752457,
    7.396244971392));
#6993 = CARTESIAN_POINT('',(-13.96180765573,31.446298340286,
    7.097137871855));
#6994 = CARTESIAN_POINT('',(-13.97009396907,31.553342360102,
    6.803149582495));
#6995 = CARTESIAN_POINT('',(-13.98079566201,31.69827556359,
    6.517562055033));
#6996 = CARTESIAN_POINT('',(-13.99340915029,31.883270744109,
    6.245044607544));
#6997 = CARTESIAN_POINT('',(-14.01649056247,32.267357590133,
    5.818472949572));
#6998 = CARTESIAN_POINT('',(-14.02647958747,32.445427567766,
    5.652616972472));
#6999 = CARTESIAN_POINT('',(-14.03669775415,32.644939949694,
    5.498823215983));
#7000 = CARTESIAN_POINT('',(-14.04669822463,32.865463752087,
    5.360956948444));
#7001 = CARTESIAN_POINT('',(-14.05594744999,33.105987964013,
    5.242956860572));
#7002 = CARTESIAN_POINT('',(-14.06388080231,33.364862393323,
    5.148864245548));
#7003 = CARTESIAN_POINT('',(-14.07441921222,33.838796660269,
    5.035082694854));
#7004 = CARTESIAN_POINT('',(-14.07786606673,34.04521872564,
    5.002298315637));
#7005 = CARTESIAN_POINT('',(-14.08011870926,34.256091365803,
    4.986274808454));
#7006 = CARTESIAN_POINT('',(-14.08104740445,34.468324693357,
    4.98785465264));
#7007 = CARTESIAN_POINT('',(-14.08064365399,34.67875001272,
    5.006987631399));
#7008 = CARTESIAN_POINT('',(-14.07901991765,34.884292082759,
    5.042730632056));
#7009 = CARTESIAN_POINT('',(-14.07438937001,35.230180462272,
    5.131041489689));
#7010 = CARTESIAN_POINT('',(-14.0718344642,35.37385153525,5.177092807644
    ));
#7011 = CARTESIAN_POINT('',(-14.06878101697,35.512601032936,
    5.23077277573));
#7012 = CARTESIAN_POINT('',(-14.06531343896,35.645947682791,
    5.291410931785));
#7013 = CARTESIAN_POINT('',(-14.06152126623,35.77348371255,
    5.358292356442));
#7014 = CARTESIAN_POINT('',(-14.0574943794,35.89487613545,5.430657785222
    ));
#7015 = CARTESIAN_POINT('',(-14.04978539893,36.107145544833,
    5.572880804439));
#7016 = CARTESIAN_POINT('',(-14.04614112179,36.199970800103,
    5.641492808455));
#7017 = CARTESIAN_POINT('',(-14.04243005875,36.288351565745,
    5.713193319876));
#7018 = CARTESIAN_POINT('',(-14.03869311763,36.372308429839,
    5.787660898321));
#7019 = CARTESIAN_POINT('',(-14.03496729938,36.451874259181,
    5.864598794358));
#7020 = CARTESIAN_POINT('',(-14.0312855509,36.527093654401,5.94373466803
    ));
#7021 = CARTESIAN_POINT('',(-14.01654912713,36.816718345397,
    6.274833172018));
#7022 = CARTESIAN_POINT('',(-14.00610526313,36.994794663246,
    6.543578671398));
#7023 = CARTESIAN_POINT('',(-13.99715967884,37.134389802803,
    6.824582835535));
#7024 = CARTESIAN_POINT('',(-13.99019447157,37.237542931781,
    7.113501177187));
#7025 = CARTESIAN_POINT('',(-13.98546361383,37.305806077484,
    7.407257327193));
#7026 = CARTESIAN_POINT('',(-13.98309394093,37.34,7.703471014896));
#7027 = CARTESIAN_POINT('',(-13.98309394093,37.34,8.));
#7028 = ORIENTED_EDGE('',*,*,#6974,.T.);
#7029 = ORIENTED_EDGE('',*,*,#4289,.T.);
#7030 = ORIENTED_EDGE('',*,*,#6950,.F.);
#7031 = CYLINDRICAL_SURFACE('',#7032,3.);
#7032 = AXIS2_PLACEMENT_3D('',#7033,#7034,#7035);
#7033 = CARTESIAN_POINT('',(0.,34.34,8.));
#7034 = DIRECTION('',(1.,0.,0.));
#7035 = DIRECTION('',(0.,1.,0.));
#7036 = ADVANCED_FACE('',(#7037),#7128,.F.);
#7037 = FACE_BOUND('',#7038,.F.);
#7038 = EDGE_LOOP('',(#7039,#7078,#7084,#7085,#7093));
#7039 = ORIENTED_EDGE('',*,*,#7040,.F.);
#7040 = EDGE_CURVE('',#7041,#7043,#7045,.T.);
#7041 = VERTEX_POINT('',#7042);
#7042 = CARTESIAN_POINT('',(-7.912588329963,13.056904818781,30.));
#7043 = VERTEX_POINT('',#7044);
#7044 = CARTESIAN_POINT('',(-6.227231704726,10.573184149372,33.));
#7045 = B_SPLINE_CURVE_WITH_KNOTS('',7,(#7046,#7047,#7048,#7049,#7050,
    #7051,#7052,#7053,#7054,#7055,#7056,#7057,#7058,#7059,#7060,#7061,
    #7062,#7063,#7064,#7065,#7066,#7067,#7068,#7069,#7070,#7071,#7072,
    #7073,#7074,#7075,#7076,#7077),.UNSPECIFIED.,.F.,.F.,(8,6,6,6,6,8),(
    0.,0.254071452216,0.436014513503,0.600359546467,0.781283002841,1.),
  .UNSPECIFIED.);
#7046 = CARTESIAN_POINT('',(-7.912588329963,13.056904818781,30.));
#7047 = CARTESIAN_POINT('',(-7.912588329963,13.056904818781,
    30.296588868288));
#7048 = CARTESIAN_POINT('',(-7.894399408423,13.02783675953,
    30.592860731316));
#7049 = CARTESIAN_POINT('',(-7.858088379143,12.96980712622,
    30.886674048083));
#7050 = CARTESIAN_POINT('',(-7.803069351233,12.882225392676,
    31.175648181009));
#7051 = CARTESIAN_POINT('',(-7.728223170469,12.763983435517,
    31.456704591889));
#7052 = CARTESIAN_POINT('',(-7.631959876054,12.613713918806,
    31.725493586524));
#7053 = CARTESIAN_POINT('',(-7.426719325835,12.298727505398,
    32.154590630337));
#7054 = CARTESIAN_POINT('',(-7.328465474597,12.149234035924,
    32.32537914539));
#7055 = CARTESIAN_POINT('',(-7.217177961594,11.981692844787,
    32.483990036647));
#7056 = CARTESIAN_POINT('',(-7.092705435968,11.79667500171,
    32.626398437959));
#7057 = CARTESIAN_POINT('',(-6.955177851971,11.595294062307,
    32.748472408462));
#7058 = CARTESIAN_POINT('',(-6.805096369651,11.379230076893,
    32.845936347651));
#7059 = CARTESIAN_POINT('',(-6.49754216835,10.944464469433,
    32.976031691541));
#7060 = CARTESIAN_POINT('',(-6.343446401499,10.729817178004,
    33.013490174314));
#7061 = CARTESIAN_POINT('',(-6.184211508568,10.511613847811,
    33.023263376033));
#7062 = CARTESIAN_POINT('',(-6.023372606551,10.294982801958,
    33.004156310829));
#7063 = CARTESIAN_POINT('',(-5.864754489224,10.08489872534,
    32.957143415421));
#7064 = CARTESIAN_POINT('',(-5.712131376339,9.885776173614,
    32.885343719812));
#7065 = CARTESIAN_POINT('',(-5.411004731645,9.497968685458,
    32.693459842132));
#7066 = CARTESIAN_POINT('',(-5.263961185198,9.311707420711,
    32.568910995982));
#7067 = CARTESIAN_POINT('',(-5.128736218615,9.142904764569,
    32.424882577218));
#7068 = CARTESIAN_POINT('',(-5.005968293218,8.991544648767,
    32.265243191304));
#7069 = CARTESIAN_POINT('',(-4.895962855194,8.857305214204,
    32.093362562565));
#7070 = CARTESIAN_POINT('',(-4.798763535357,8.739684352821,
    31.912204856916));
#7071 = CARTESIAN_POINT('',(-4.6119644369,8.515151587002,31.497280701237
    ));
#7072 = CARTESIAN_POINT('',(-4.527718517962,8.415038937368,
    31.259375310043));
#7073 = CARTESIAN_POINT('',(-4.461001692376,8.336394533502,
    31.014036763714));
#7074 = CARTESIAN_POINT('',(-4.411338582261,8.27815805599,
    30.763710661092));
#7075 = CARTESIAN_POINT('',(-4.378350633421,8.239576960244,
    30.510251216699));
#7076 = CARTESIAN_POINT('',(-4.361839610373,8.220266904825,
    30.255201472801));
#7077 = CARTESIAN_POINT('',(-4.361839610373,8.220266904825,30.));
#7078 = ORIENTED_EDGE('',*,*,#7079,.T.);
#7079 = EDGE_CURVE('',#7041,#4341,#7080,.T.);
#7080 = LINE('',#7081,#7082);
#7081 = CARTESIAN_POINT('',(3.399972302195,21.275961218683,30.));
#7082 = VECTOR('',#7083,1.);
#7083 = DIRECTION('',(-0.809016994375,-0.587785252292,-0.));
#7084 = ORIENTED_EDGE('',*,*,#4340,.T.);
#7085 = ORIENTED_EDGE('',*,*,#7086,.F.);
#7086 = EDGE_CURVE('',#7087,#4343,#7089,.T.);
#7087 = VERTEX_POINT('',#7088);
#7088 = CARTESIAN_POINT('',(-4.361839610373,8.220266904825,
    29.999999999916));
#7089 = LINE('',#7090,#7091);
#7090 = CARTESIAN_POINT('',(6.92668381595,16.421859252433,
    29.999999999916));
#7091 = VECTOR('',#7092,1.);
#7092 = DIRECTION('',(-0.809016994375,-0.587785252292,-0.));
#7093 = ORIENTED_EDGE('',*,*,#7094,.F.);
#7094 = EDGE_CURVE('',#7043,#7087,#7095,.T.);
#7095 = B_SPLINE_CURVE_WITH_KNOTS('',7,(#7096,#7097,#7098,#7099,#7100,
    #7101,#7102,#7103,#7104,#7105,#7106,#7107,#7108,#7109,#7110,#7111,
    #7112,#7113,#7114,#7115,#7116,#7117,#7118,#7119,#7120,#7121,#7122,
    #7123,#7124,#7125,#7126,#7127),.UNSPECIFIED.,.F.,.F.,(8,6,6,6,6,8),(
    0.,0.254071452216,0.436014513503,0.600359546467,0.781283002841,1.),
  .UNSPECIFIED.);
#7096 = CARTESIAN_POINT('',(-7.912588329963,13.056904818781,30.));
#7097 = CARTESIAN_POINT('',(-7.912588329963,13.056904818781,
    30.296588868288));
#7098 = CARTESIAN_POINT('',(-7.894399408423,13.02783675953,
    30.592860731316));
#7099 = CARTESIAN_POINT('',(-7.858088379143,12.96980712622,
    30.886674048083));
#7100 = CARTESIAN_POINT('',(-7.803069351233,12.882225392676,
    31.175648181009));
#7101 = CARTESIAN_POINT('',(-7.728223170469,12.763983435517,
    31.456704591889));
#7102 = CARTESIAN_POINT('',(-7.631959876054,12.613713918806,
    31.725493586524));
#7103 = CARTESIAN_POINT('',(-7.426719325835,12.298727505398,
    32.154590630337));
#7104 = CARTESIAN_POINT('',(-7.328465474597,12.149234035924,
    32.32537914539));
#7105 = CARTESIAN_POINT('',(-7.217177961594,11.981692844787,
    32.483990036647));
#7106 = CARTESIAN_POINT('',(-7.092705435968,11.79667500171,
    32.626398437959));
#7107 = CARTESIAN_POINT('',(-6.955177851971,11.595294062307,
    32.748472408462));
#7108 = CARTESIAN_POINT('',(-6.805096369651,11.379230076893,
    32.845936347651));
#7109 = CARTESIAN_POINT('',(-6.49754216835,10.944464469433,
    32.976031691541));
#7110 = CARTESIAN_POINT('',(-6.343446401499,10.729817178004,
    33.013490174314));
#7111 = CARTESIAN_POINT('',(-6.184211508568,10.511613847811,
    33.023263376033));
#7112 = CARTESIAN_POINT('',(-6.023372606551,10.294982801958,
    33.004156310829));
#7113 = CARTESIAN_POINT('',(-5.864754489224,10.08489872534,
    32.957143415421));
#7114 = CARTESIAN_POINT('',(-5.712131376339,9.885776173614,
    32.885343719812));
#7115 = CARTESIAN_POINT('',(-5.411004731645,9.497968685458,
    32.693459842132));
#7116 = CARTESIAN_POINT('',(-5.263961185198,9.311707420711,
    32.568910995982));
#7117 = CARTESIAN_POINT('',(-5.128736218615,9.142904764569,
    32.424882577218));
#7118 = CARTESIAN_POINT('',(-5.005968293218,8.991544648767,
    32.265243191304));
#7119 = CARTESIAN_POINT('',(-4.895962855194,8.857305214204,
    32.093362562565));
#7120 = CARTESIAN_POINT('',(-4.798763535357,8.739684352821,
    31.912204856916));
#7121 = CARTESIAN_POINT('',(-4.6119644369,8.515151587002,31.497280701237
    ));
#7122 = CARTESIAN_POINT('',(-4.527718517962,8.415038937368,
    31.259375310043));
#7123 = CARTESIAN_POINT('',(-4.461001692376,8.336394533502,
    31.014036763714));
#7124 = CARTESIAN_POINT('',(-4.411338582261,8.27815805599,
    30.763710661092));
#7125 = CARTESIAN_POINT('',(-4.378350633421,8.239576960244,
    30.510251216699));
#7126 = CARTESIAN_POINT('',(-4.361839610373,8.220266904825,
    30.255201472801));
#7127 = CARTESIAN_POINT('',(-4.361839610373,8.220266904825,30.));
#7128 = CYLINDRICAL_SURFACE('',#7129,3.);
#7129 = AXIS2_PLACEMENT_3D('',#7130,#7131,#7132);
#7130 = CARTESIAN_POINT('',(5.163328059072,18.848910235558,30.));
#7131 = DIRECTION('',(0.809016994375,0.587785252292,0.));
#7132 = DIRECTION('',(-0.587785252292,0.809016994375,0.));
#7133 = ADVANCED_FACE('',(#7134),#7152,.T.);
#7134 = FACE_BOUND('',#7135,.T.);
#7135 = EDGE_LOOP('',(#7136,#7144,#7145,#7146));
#7136 = ORIENTED_EDGE('',*,*,#7137,.F.);
#7137 = EDGE_CURVE('',#7041,#7138,#7140,.T.);
#7138 = VERTEX_POINT('',#7139);
#7139 = CARTESIAN_POINT('',(-7.912588329963,13.056904818781,8.));
#7140 = LINE('',#7141,#7142);
#7141 = CARTESIAN_POINT('',(-7.912588329963,13.056904818781,3.));
#7142 = VECTOR('',#7143,1.);
#7143 = DIRECTION('',(0.,0.,-1.));
#7144 = ORIENTED_EDGE('',*,*,#7079,.T.);
#7145 = ORIENTED_EDGE('',*,*,#4379,.T.);
#7146 = ORIENTED_EDGE('',*,*,#7147,.F.);
#7147 = EDGE_CURVE('',#7138,#4380,#7148,.T.);
#7148 = LINE('',#7149,#7150);
#7149 = CARTESIAN_POINT('',(3.399972302195,21.275961218683,8.));
#7150 = VECTOR('',#7151,1.);
#7151 = DIRECTION('',(-0.809016994375,-0.587785252292,-0.));
#7152 = PLANE('',#7153);
#7153 = AXIS2_PLACEMENT_3D('',#7154,#7155,#7156);
#7154 = CARTESIAN_POINT('',(3.399972302195,21.275961218683,30.));
#7155 = DIRECTION('',(0.587785252292,-0.809016994375,0.));
#7156 = DIRECTION('',(0.,0.,-1.));
#7157 = ADVANCED_FACE('',(#7158),#7176,.F.);
#7158 = FACE_BOUND('',#7159,.F.);
#7159 = EDGE_LOOP('',(#7160,#7168,#7169,#7170));
#7160 = ORIENTED_EDGE('',*,*,#7161,.F.);
#7161 = EDGE_CURVE('',#7087,#7162,#7164,.T.);
#7162 = VERTEX_POINT('',#7163);
#7163 = CARTESIAN_POINT('',(-4.361839610373,8.220266904825,
    7.999999999916));
#7164 = LINE('',#7165,#7166);
#7165 = CARTESIAN_POINT('',(-4.361839610373,8.220266904825,3.));
#7166 = VECTOR('',#7167,1.);
#7167 = DIRECTION('',(0.,0.,-1.));
#7168 = ORIENTED_EDGE('',*,*,#7086,.T.);
#7169 = ORIENTED_EDGE('',*,*,#4418,.T.);
#7170 = ORIENTED_EDGE('',*,*,#7171,.F.);
#7171 = EDGE_CURVE('',#7162,#4388,#7172,.T.);
#7172 = LINE('',#7173,#7174);
#7173 = CARTESIAN_POINT('',(6.92668381595,16.421859252433,7.999999999916
    ));
#7174 = VECTOR('',#7175,1.);
#7175 = DIRECTION('',(-0.809016994375,-0.587785252292,-0.));
#7176 = PLANE('',#7177);
#7177 = AXIS2_PLACEMENT_3D('',#7178,#7179,#7180);
#7178 = CARTESIAN_POINT('',(6.92668381595,16.421859252433,
    29.999999999916));
#7179 = DIRECTION('',(0.587785252292,-0.809016994375,0.));
#7180 = DIRECTION('',(0.,0.,-1.));
#7181 = ADVANCED_FACE('',(#7182),#7220,.F.);
#7182 = FACE_BOUND('',#7183,.F.);
#7183 = EDGE_LOOP('',(#7184,#7217,#7218,#7219));
#7184 = ORIENTED_EDGE('',*,*,#7185,.F.);
#7185 = EDGE_CURVE('',#7162,#7138,#7186,.T.);
#7186 = B_SPLINE_CURVE_WITH_KNOTS('',8,(#7187,#7188,#7189,#7190,#7191,
    #7192,#7193,#7194,#7195,#7196,#7197,#7198,#7199,#7200,#7201,#7202,
    #7203,#7204,#7205,#7206,#7207,#7208,#7209,#7210,#7211,#7212,#7213,
    #7214,#7215,#7216),.UNSPECIFIED.,.F.,.F.,(9,7,7,7,9),(0.,
    0.243223192099,0.446195484272,0.698751025652,1.),.UNSPECIFIED.);
#7187 = CARTESIAN_POINT('',(-4.361839610373,8.220266904825,
    7.999999999979));
#7188 = CARTESIAN_POINT('',(-4.361839610374,8.220266904826,
    7.749422777487));
#7189 = CARTESIAN_POINT('',(-4.377432673587,8.238503548465,
    7.499044742015));
#7190 = CARTESIAN_POINT('',(-4.408577315576,8.274928222424,
    7.250091717653));
#7191 = CARTESIAN_POINT('',(-4.455429664103,8.329846259129,
    7.003886319986));
#7192 = CARTESIAN_POINT('',(-4.51830272095,8.403866794509,6.761993033811
    ));
#7193 = CARTESIAN_POINT('',(-4.597608006424,8.497859034287,
    6.526385540296));
#7194 = CARTESIAN_POINT('',(-4.693779522574,8.612901486896,
    6.299653681355));
#7195 = CARTESIAN_POINT('',(-4.90181382893,8.864796710021,5.90635990079)
  );
#7196 = CARTESIAN_POINT('',(-5.009354470749,8.995989277561,5.73433267168
    ));
#7197 = CARTESIAN_POINT('',(-5.129731684286,9.144188508584,
    5.572790793256));
#7198 = CARTESIAN_POINT('',(-5.262478968946,9.309419003204,
    5.425390221803));
#7199 = CARTESIAN_POINT('',(-5.406760007531,9.491339815461,
    5.295825016385));
#7200 = CARTESIAN_POINT('',(-5.561385968354,9.689210634477,
    5.187834629695));
#7201 = CARTESIAN_POINT('',(-5.724823637807,9.901814208087,
    5.105231311717));
#7202 = CARTESIAN_POINT('',(-6.107184283134,10.407947339509,
    4.985647492874));
#7203 = CARTESIAN_POINT('',(-6.322013262242,10.698107965231,
    4.967211564965));
#7204 = CARTESIAN_POINT('',(-6.533232762325,10.989817904313,
    4.998747285524));
#7205 = CARTESIAN_POINT('',(-6.734639712831,11.274481937539,
    5.078823162553));
#7206 = CARTESIAN_POINT('',(-6.920960647738,11.543647918269,
    5.202667731267));
#7207 = CARTESIAN_POINT('',(-7.088223444043,11.78982369195,
    5.362334751048));
#7208 = CARTESIAN_POINT('',(-7.233970946516,12.007574095244,
    5.546860054099));
#7209 = CARTESIAN_POINT('',(-7.504448808998,12.416418009255,
    5.975394335724));
#7210 = CARTESIAN_POINT('',(-7.626082095111,12.603911248735,
    6.234111168431));
#7211 = CARTESIAN_POINT('',(-7.724162808066,12.757377036493,
    6.510237262755));
#7212 = CARTESIAN_POINT('',(-7.800564216255,12.878198976235,
    6.798114100582));
#7213 = CARTESIAN_POINT('',(-7.856805783837,12.967756763639,
    7.093675740851));
#7214 = CARTESIAN_POINT('',(-7.893958470513,13.027132325832,
    7.393955685461));
#7215 = CARTESIAN_POINT('',(-7.912588329963,13.056904818781,
    7.696732969055));
#7216 = CARTESIAN_POINT('',(-7.912588329963,13.056904818781,8.));
#7217 = ORIENTED_EDGE('',*,*,#7171,.T.);
#7218 = ORIENTED_EDGE('',*,*,#4387,.T.);
#7219 = ORIENTED_EDGE('',*,*,#7147,.F.);
#7220 = CYLINDRICAL_SURFACE('',#7221,3.);
#7221 = AXIS2_PLACEMENT_3D('',#7222,#7223,#7224);
#7222 = CARTESIAN_POINT('',(5.163328059072,18.848910235558,8.));
#7223 = DIRECTION('',(0.809016994375,0.587785252292,0.));
#7224 = DIRECTION('',(-0.587785252292,0.809016994375,0.));
#7225 = ADVANCED_FACE('',(#7226,#7327,#7332,#7337,#7342,#7353,#7358,
    #7364,#7375),#7380,.F.);
#7226 = FACE_BOUND('',#7227,.F.);
#7227 = EDGE_LOOP('',(#7228,#7239,#7248,#7257,#7266,#7275,#7284,#7293,
    #7302,#7311,#7320));
#7228 = ORIENTED_EDGE('',*,*,#7229,.T.);
#7229 = EDGE_CURVE('',#7230,#7232,#7234,.T.);
#7230 = VERTEX_POINT('',#7231);
#7231 = CARTESIAN_POINT('',(58.978735022637,11.131907943497,33.));
#7232 = VERTEX_POINT('',#7233);
#7233 = CARTESIAN_POINT('',(66.52,34.54,33.));
#7234 = CIRCLE('',#7235,40.1);
#7235 = AXIS2_PLACEMENT_3D('',#7236,#7237,#7238);
#7236 = CARTESIAN_POINT('',(26.42,34.54,33.));
#7237 = DIRECTION('',(0.,0.,1.));
#7238 = DIRECTION('',(1.,0.,0.));
#7239 = ORIENTED_EDGE('',*,*,#7240,.T.);
#7240 = EDGE_CURVE('',#7232,#7241,#7243,.T.);
#7241 = VERTEX_POINT('',#7242);
#7242 = CARTESIAN_POINT('',(66.519501243781,34.74,33.));
#7243 = CIRCLE('',#7244,40.1);
#7244 = AXIS2_PLACEMENT_3D('',#7245,#7246,#7247);
#7245 = CARTESIAN_POINT('',(26.42,34.54,33.));
#7246 = DIRECTION('',(0.,0.,1.));
#7247 = DIRECTION('',(1.,0.,0.));
#7248 = ORIENTED_EDGE('',*,*,#7249,.T.);
#7249 = EDGE_CURVE('',#7241,#7250,#7252,.T.);
#7250 = VERTEX_POINT('',#7251);
#7251 = CARTESIAN_POINT('',(58.74362092172,58.271698854253,33.));
#7252 = CIRCLE('',#7253,40.1);
#7253 = AXIS2_PLACEMENT_3D('',#7254,#7255,#7256);
#7254 = CARTESIAN_POINT('',(26.42,34.54,33.));
#7255 = DIRECTION('',(0.,0.,1.));
#7256 = DIRECTION('',(1.,0.,0.));
#7257 = ORIENTED_EDGE('',*,*,#7258,.T.);
#7258 = EDGE_CURVE('',#7250,#7259,#7261,.T.);
#7259 = VERTEX_POINT('',#7260);
#7260 = CARTESIAN_POINT('',(38.621216047029,72.738695356959,33.));
#7261 = CIRCLE('',#7262,40.1);
#7262 = AXIS2_PLACEMENT_3D('',#7263,#7264,#7265);
#7263 = CARTESIAN_POINT('',(26.42,34.54,33.));
#7264 = DIRECTION('',(0.,0.,1.));
#7265 = DIRECTION('',(1.,0.,0.));
#7266 = ORIENTED_EDGE('',*,*,#7267,.T.);
#7267 = EDGE_CURVE('',#7259,#7268,#7270,.T.);
#7268 = VERTEX_POINT('',#7269);
#7269 = CARTESIAN_POINT('',(13.838361346453,72.615088559209,33.));
#7270 = CIRCLE('',#7271,40.1);
#7271 = AXIS2_PLACEMENT_3D('',#7272,#7273,#7274);
#7272 = CARTESIAN_POINT('',(26.42,34.54,33.));
#7273 = DIRECTION('',(0.,0.,1.));
#7274 = DIRECTION('',(1.,0.,0.));
#7275 = ORIENTED_EDGE('',*,*,#7276,.T.);
#7276 = EDGE_CURVE('',#7268,#7277,#7279,.T.);
#7277 = VERTEX_POINT('',#7278);
#7278 = CARTESIAN_POINT('',(-6.138735022637,57.948092056503,33.));
#7279 = CIRCLE('',#7280,40.1);
#7280 = AXIS2_PLACEMENT_3D('',#7281,#7282,#7283);
#7281 = CARTESIAN_POINT('',(26.42,34.54,33.));
#7282 = DIRECTION('',(0.,0.,1.));
#7283 = DIRECTION('',(1.,0.,0.));
#7284 = ORIENTED_EDGE('',*,*,#7285,.T.);
#7285 = EDGE_CURVE('',#7277,#7286,#7288,.T.);
#7286 = VERTEX_POINT('',#7287);
#7287 = CARTESIAN_POINT('',(-13.67950124378,34.34,33.));
#7288 = CIRCLE('',#7289,40.1);
#7289 = AXIS2_PLACEMENT_3D('',#7290,#7291,#7292);
#7290 = CARTESIAN_POINT('',(26.42,34.54,33.));
#7291 = DIRECTION('',(0.,0.,1.));
#7292 = DIRECTION('',(1.,0.,0.));
#7293 = ORIENTED_EDGE('',*,*,#7294,.T.);
#7294 = EDGE_CURVE('',#7286,#7295,#7297,.T.);
#7295 = VERTEX_POINT('',#7296);
#7296 = CARTESIAN_POINT('',(-5.90362092172,10.808301145747,33.));
#7297 = CIRCLE('',#7298,40.1);
#7298 = AXIS2_PLACEMENT_3D('',#7299,#7300,#7301);
#7299 = CARTESIAN_POINT('',(26.42,34.54,33.));
#7300 = DIRECTION('',(0.,0.,1.));
#7301 = DIRECTION('',(1.,0.,0.));
#7302 = ORIENTED_EDGE('',*,*,#7303,.T.);
#7303 = EDGE_CURVE('',#7295,#7304,#7306,.T.);
#7304 = VERTEX_POINT('',#7305);
#7305 = CARTESIAN_POINT('',(14.218783952971,-3.658695356959,33.));
#7306 = CIRCLE('',#7307,40.1);
#7307 = AXIS2_PLACEMENT_3D('',#7308,#7309,#7310);
#7308 = CARTESIAN_POINT('',(26.42,34.54,33.));
#7309 = DIRECTION('',(0.,0.,1.));
#7310 = DIRECTION('',(1.,0.,0.));
#7311 = ORIENTED_EDGE('',*,*,#7312,.T.);
#7312 = EDGE_CURVE('',#7304,#7313,#7315,.T.);
#7313 = VERTEX_POINT('',#7314);
#7314 = CARTESIAN_POINT('',(39.001638653547,-3.535088559209,33.));
#7315 = CIRCLE('',#7316,40.1);
#7316 = AXIS2_PLACEMENT_3D('',#7317,#7318,#7319);
#7317 = CARTESIAN_POINT('',(26.42,34.54,33.));
#7318 = DIRECTION('',(0.,0.,1.));
#7319 = DIRECTION('',(1.,0.,0.));
#7320 = ORIENTED_EDGE('',*,*,#7321,.T.);
#7321 = EDGE_CURVE('',#7313,#7230,#7322,.T.);
#7322 = CIRCLE('',#7323,40.1);
#7323 = AXIS2_PLACEMENT_3D('',#7324,#7325,#7326);
#7324 = CARTESIAN_POINT('',(26.42,34.54,33.));
#7325 = DIRECTION('',(0.,0.,1.));
#7326 = DIRECTION('',(1.,0.,0.));
#7327 = FACE_BOUND('',#7328,.F.);
#7328 = EDGE_LOOP('',(#7329,#7330,#7331));
#7329 = ORIENTED_EDGE('',*,*,#4460,.F.);
#7330 = ORIENTED_EDGE('',*,*,#4451,.F.);
#7331 = ORIENTED_EDGE('',*,*,#4442,.F.);
#7332 = FACE_BOUND('',#7333,.F.);
#7333 = EDGE_LOOP('',(#7334,#7335,#7336));
#7334 = ORIENTED_EDGE('',*,*,#4494,.F.);
#7335 = ORIENTED_EDGE('',*,*,#4485,.F.);
#7336 = ORIENTED_EDGE('',*,*,#4503,.F.);
#7337 = FACE_BOUND('',#7338,.F.);
#7338 = EDGE_LOOP('',(#7339,#7340,#7341));
#7339 = ORIENTED_EDGE('',*,*,#4546,.F.);
#7340 = ORIENTED_EDGE('',*,*,#4537,.F.);
#7341 = ORIENTED_EDGE('',*,*,#4528,.F.);
#7342 = FACE_BOUND('',#7343,.F.);
#7343 = EDGE_LOOP('',(#7344));
#7344 = ORIENTED_EDGE('',*,*,#7345,.T.);
#7345 = EDGE_CURVE('',#7346,#7346,#7348,.T.);
#7346 = VERTEX_POINT('',#7347);
#7347 = CARTESIAN_POINT('',(47.5,32.125,33.));
#7348 = CIRCLE('',#7349,2.);
#7349 = AXIS2_PLACEMENT_3D('',#7350,#7351,#7352);
#7350 = CARTESIAN_POINT('',(49.5,32.125,33.));
#7351 = DIRECTION('',(0.,0.,-1.));
#7352 = DIRECTION('',(-1.,0.,0.));
#7353 = FACE_BOUND('',#7354,.F.);
#7354 = EDGE_LOOP('',(#7355,#7356,#7357));
#7355 = ORIENTED_EDGE('',*,*,#4605,.F.);
#7356 = ORIENTED_EDGE('',*,*,#4596,.F.);
#7357 = ORIENTED_EDGE('',*,*,#4614,.F.);
#7358 = FACE_BOUND('',#7359,.F.);
#7359 = EDGE_LOOP('',(#7360,#7361,#7362,#7363));
#7360 = ORIENTED_EDGE('',*,*,#4684,.F.);
#7361 = ORIENTED_EDGE('',*,*,#4708,.F.);
#7362 = ORIENTED_EDGE('',*,*,#4660,.F.);
#7363 = ORIENTED_EDGE('',*,*,#4629,.F.);
#7364 = FACE_BOUND('',#7365,.F.);
#7365 = EDGE_LOOP('',(#7366));
#7366 = ORIENTED_EDGE('',*,*,#7367,.T.);
#7367 = EDGE_CURVE('',#7368,#7368,#7370,.T.);
#7368 = VERTEX_POINT('',#7369);
#7369 = CARTESIAN_POINT('',(47.5,47.875,33.));
#7370 = CIRCLE('',#7371,2.);
#7371 = AXIS2_PLACEMENT_3D('',#7372,#7373,#7374);
#7372 = CARTESIAN_POINT('',(49.5,47.875,33.));
#7373 = DIRECTION('',(0.,0.,-1.));
#7374 = DIRECTION('',(-1.,0.,0.));
#7375 = FACE_BOUND('',#7376,.F.);
#7376 = EDGE_LOOP('',(#7377,#7378,#7379));
#7377 = ORIENTED_EDGE('',*,*,#4769,.F.);
#7378 = ORIENTED_EDGE('',*,*,#4760,.F.);
#7379 = ORIENTED_EDGE('',*,*,#4778,.F.);
#7380 = PLANE('',#7381);
#7381 = AXIS2_PLACEMENT_3D('',#7382,#7383,#7384);
#7382 = CARTESIAN_POINT('',(26.42,34.54,33.));
#7383 = DIRECTION('',(0.,0.,1.));
#7384 = DIRECTION('',(1.,0.,0.));
#7385 = ADVANCED_FACE('',(#7386,#7397),#7400,.T.);
#7386 = FACE_BOUND('',#7387,.T.);
#7387 = EDGE_LOOP('',(#7388));
#7388 = ORIENTED_EDGE('',*,*,#7389,.T.);
#7389 = EDGE_CURVE('',#7390,#7390,#7392,.T.);
#7390 = VERTEX_POINT('',#7391);
#7391 = CARTESIAN_POINT('',(47.5,32.125,34.5));
#7392 = CIRCLE('',#7393,2.);
#7393 = AXIS2_PLACEMENT_3D('',#7394,#7395,#7396);
#7394 = CARTESIAN_POINT('',(49.5,32.125,34.5));
#7395 = DIRECTION('',(0.,0.,-1.));
#7396 = DIRECTION('',(-1.,0.,0.));
#7397 = FACE_BOUND('',#7398,.T.);
#7398 = EDGE_LOOP('',(#7399));
#7399 = ORIENTED_EDGE('',*,*,#4571,.T.);
#7400 = PLANE('',#7401);
#7401 = AXIS2_PLACEMENT_3D('',#7402,#7403,#7404);
#7402 = CARTESIAN_POINT('',(49.5,32.125,34.5));
#7403 = DIRECTION('',(-0.,-0.,-1.));
#7404 = DIRECTION('',(-1.,0.,0.));
#7405 = ADVANCED_FACE('',(#7406,#7417),#7420,.T.);
#7406 = FACE_BOUND('',#7407,.T.);
#7407 = EDGE_LOOP('',(#7408));
#7408 = ORIENTED_EDGE('',*,*,#7409,.T.);
#7409 = EDGE_CURVE('',#7410,#7410,#7412,.T.);
#7410 = VERTEX_POINT('',#7411);
#7411 = CARTESIAN_POINT('',(47.5,47.875,34.5));
#7412 = CIRCLE('',#7413,2.);
#7413 = AXIS2_PLACEMENT_3D('',#7414,#7415,#7416);
#7414 = CARTESIAN_POINT('',(49.5,47.875,34.5));
#7415 = DIRECTION('',(0.,0.,-1.));
#7416 = DIRECTION('',(-1.,0.,0.));
#7417 = FACE_BOUND('',#7418,.T.);
#7418 = EDGE_LOOP('',(#7419));
#7419 = ORIENTED_EDGE('',*,*,#4735,.T.);
#7420 = PLANE('',#7421);
#7421 = AXIS2_PLACEMENT_3D('',#7422,#7423,#7424);
#7422 = CARTESIAN_POINT('',(49.5,47.875,34.5));
#7423 = DIRECTION('',(-0.,-0.,-1.));
#7424 = DIRECTION('',(-1.,0.,0.));
#7425 = ADVANCED_FACE('',(#7426),#7481,.F.);
#7426 = FACE_BOUND('',#7427,.T.);
#7427 = EDGE_LOOP('',(#7428,#7429,#7430,#7461,#7480));
#7428 = ORIENTED_EDGE('',*,*,#5010,.F.);
#7429 = ORIENTED_EDGE('',*,*,#5473,.F.);
#7430 = ORIENTED_EDGE('',*,*,#7431,.T.);
#7431 = EDGE_CURVE('',#5466,#7432,#7434,.T.);
#7432 = VERTEX_POINT('',#7433);
#7433 = CARTESIAN_POINT('',(68.52,34.54,32.993325909419));
#7434 = B_SPLINE_CURVE_WITH_KNOTS('',7,(#7435,#7436,#7437,#7438,#7439,
    #7440,#7441,#7442,#7443,#7444,#7445,#7446,#7447,#7448,#7449,#7450,
    #7451,#7452,#7453,#7454,#7455,#7456,#7457,#7458,#7459,#7460),
  .UNSPECIFIED.,.F.,.F.,(8,6,6,6,8),(0.,0.52655478651,0.696977154206,
    0.823354744,1.),.UNSPECIFIED.);
#7435 = CARTESIAN_POINT('',(68.426785166209,31.74,30.));
#7436 = CARTESIAN_POINT('',(68.426785166209,31.74,30.297007403388));
#7437 = CARTESIAN_POINT('',(68.429071731432,31.774304338062,
    30.593695946792));
#7438 = CARTESIAN_POINT('',(68.433636596164,31.842786719829,
    30.887917792844));
#7439 = CARTESIAN_POINT('',(68.440357178919,31.946275470269,
    31.177283658045));
#7440 = CARTESIAN_POINT('',(68.448988036722,32.086335999362,
    31.458700339187));
#7441 = CARTESIAN_POINT('',(68.45906221614,32.265021941646,
    31.727792831932));
#7442 = CARTESIAN_POINT('',(68.473262120089,32.555509578365,
    32.059030497906));
#7443 = CARTESIAN_POINT('',(68.476803579403,32.630827828493,
    32.138070037375));
#7444 = CARTESIAN_POINT('',(68.480386683513,32.710490699992,
    32.214907226613));
#7445 = CARTESIAN_POINT('',(68.483979686146,32.794542275379,
    32.289269199206));
#7446 = CARTESIAN_POINT('',(68.487546945728,32.883014804498,
    32.360858779599));
#7447 = CARTESIAN_POINT('',(68.491049071711,32.975928161356,
    32.429354203275));
#7448 = CARTESIAN_POINT('',(68.496959908562,33.145487958507,
    32.542650437578));
#7449 = CARTESIAN_POINT('',(68.499417728192,33.220140112784,
    32.589004900835));
#7450 = CARTESIAN_POINT('',(68.501796948657,33.297202298415,
    32.633298221163));
#7451 = CARTESIAN_POINT('',(68.504077746796,33.376620925468,
    32.675357784349));
#7452 = CARTESIAN_POINT('',(68.506240057408,33.458332279454,
    32.715012367493));
#7453 = CARTESIAN_POINT('',(68.508263573253,33.54226252133,
    32.752092139009));
#7454 = CARTESIAN_POINT('',(68.512733405633,33.748625940818,
    32.834422795151));
#7455 = CARTESIAN_POINT('',(68.515031090204,33.873228863064,
    32.877110660612));
#7456 = CARTESIAN_POINT('',(68.516957105554,34.001595648379,
    32.913879733706));
#7457 = CARTESIAN_POINT('',(68.518455295381,34.133123568055,
    32.944224830407));
#7458 = CARTESIAN_POINT('',(68.519480163994,34.267161398944,
    32.96775055294));
#7459 = CARTESIAN_POINT('',(68.52,34.403022851863,32.984173738738));
#7460 = CARTESIAN_POINT('',(68.52,34.54,32.993325909419));
#7461 = ORIENTED_EDGE('',*,*,#7462,.T.);
#7462 = EDGE_CURVE('',#7432,#5043,#7463,.T.);
#7463 = B_SPLINE_CURVE_WITH_KNOTS('',8,(#7464,#7465,#7466,#7467,#7468,
    #7469,#7470,#7471,#7472,#7473,#7474,#7475,#7476,#7477,#7478,#7479),
  .UNSPECIFIED.,.F.,.F.,(9,7,9),(0.,0.348398551998,1.),.UNSPECIFIED.);
#7464 = CARTESIAN_POINT('',(68.52,34.54,32.993325909419));
#7465 = CARTESIAN_POINT('',(68.52,34.796458038713,33.0104612329));
#7466 = CARTESIAN_POINT('',(68.518214525753,35.053592499141,
    33.00241838918));
#7467 = CARTESIAN_POINT('',(68.514627386402,35.307447650026,
    32.969277119933));
#7468 = CARTESIAN_POINT('',(68.509374990477,35.55411658205,
    32.912101781941));
#7469 = CARTESIAN_POINT('',(68.502748610171,35.789948576448,
    32.832896696514));
#7470 = CARTESIAN_POINT('',(68.495146752375,36.011738032363,
    32.734569030751));
#7471 = CARTESIAN_POINT('',(68.487005522801,36.216889165426,
    32.620899026714));
#7472 = CARTESIAN_POINT('',(68.463266465271,36.752659258518,
    32.263889414042));
#7473 = CARTESIAN_POINT('',(68.446979286344,37.045354495944,
    31.988287483863));
#7474 = CARTESIAN_POINT('',(68.431688872172,37.282926307854,
    31.684379917986));
#7475 = CARTESIAN_POINT('',(68.418643351826,37.468358452663,
    31.362073140859));
#7476 = CARTESIAN_POINT('',(68.408515716738,37.604782840285,
    31.028363636662));
#7477 = CARTESIAN_POINT('',(68.401653088055,37.694816361746,
    30.688063063581));
#7478 = CARTESIAN_POINT('',(68.398208632575,37.740000000005,
    30.344392410141));
#7479 = CARTESIAN_POINT('',(68.398208632575,37.74,29.999999999958));
#7480 = ORIENTED_EDGE('',*,*,#5050,.T.);
#7481 = CYLINDRICAL_SURFACE('',#7482,42.099999999996);
#7482 = AXIS2_PLACEMENT_3D('',#7483,#7484,#7485);
#7483 = CARTESIAN_POINT('',(26.42,34.54,17.5));
#7484 = DIRECTION('',(-0.,-0.,-1.));
#7485 = DIRECTION('',(1.,0.,0.));
#7486 = ADVANCED_FACE('',(#7487,#7631,#7638,#7645,#7652,#7659,#7666,
    #7673,#7680,#7687),#7694,.F.);
#7487 = FACE_BOUND('',#7488,.F.);
#7488 = EDGE_LOOP('',(#7489,#7495,#7496,#7497,#7498,#7499,#7530,#7538,
    #7545,#7552,#7559,#7566,#7573,#7580,#7587,#7594,#7601,#7610,#7629,
    #7630));
#7489 = ORIENTED_EDGE('',*,*,#7490,.F.);
#7490 = EDGE_CURVE('',#5216,#5072,#7491,.T.);
#7491 = LINE('',#7492,#7493);
#7492 = CARTESIAN_POINT('',(66.92,34.54,3.));
#7493 = VECTOR('',#7494,1.);
#7494 = DIRECTION('',(0.,0.,1.));
#7495 = ORIENTED_EDGE('',*,*,#5215,.F.);
#7496 = ORIENTED_EDGE('',*,*,#7490,.T.);
#7497 = ORIENTED_EDGE('',*,*,#5107,.T.);
#7498 = ORIENTED_EDGE('',*,*,#5457,.F.);
#7499 = ORIENTED_EDGE('',*,*,#7500,.T.);
#7500 = EDGE_CURVE('',#5458,#7501,#7503,.T.);
#7501 = VERTEX_POINT('',#7502);
#7502 = CARTESIAN_POINT('',(66.92,34.54,32.993325909419));
#7503 = B_SPLINE_CURVE_WITH_KNOTS('',7,(#7504,#7505,#7506,#7507,#7508,
    #7509,#7510,#7511,#7512,#7513,#7514,#7515,#7516,#7517,#7518,#7519,
    #7520,#7521,#7522,#7523,#7524,#7525,#7526,#7527,#7528,#7529),
  .UNSPECIFIED.,.F.,.F.,(8,6,6,6,8),(0.,0.526548683231,0.696975706135,
    0.823355709808,1.),.UNSPECIFIED.);
#7504 = CARTESIAN_POINT('',(66.823093940935,31.74,30.));
#7505 = CARTESIAN_POINT('',(66.823093940935,31.74,30.297014336446));
#7506 = CARTESIAN_POINT('',(66.825471376305,31.774305939925,
    30.593709609192));
#7507 = CARTESIAN_POINT('',(66.830217646112,31.842791435822,
    30.887936071697));
#7508 = CARTESIAN_POINT('',(66.837205139429,31.946283603494,
    31.177302825581));
#7509 = CARTESIAN_POINT('',(66.846178360362,32.086345809749,
    31.458716071452));
#7510 = CARTESIAN_POINT('',(66.856651600834,32.265029576377,
    31.727801537674));
#7511 = CARTESIAN_POINT('',(66.871413536699,32.55550987078,
    32.059030831341));
#7512 = CARTESIAN_POINT('',(66.875095235706,32.630828219425,
    32.138070427072));
#7513 = CARTESIAN_POINT('',(66.878820191094,32.710491037301,
    32.21490751758));
#7514 = CARTESIAN_POINT('',(66.882555402653,32.794542465296,
    32.289269336439));
#7515 = CARTESIAN_POINT('',(66.886263822292,32.883014827377,
    32.360858785273));
#7516 = CARTESIAN_POINT('',(66.889904505747,32.975928086574,
    32.429354153307));
#7517 = CARTESIAN_POINT('',(66.896049141196,33.145487420853,
    32.54265007833));
#7518 = CARTESIAN_POINT('',(66.898604155979,33.220139124789,
    32.58900429261));
#7519 = CARTESIAN_POINT('',(66.901077455899,33.297200997608,
    32.63329749059));
#7520 = CARTESIAN_POINT('',(66.903448436244,33.37661950452,
    32.675357063743));
#7521 = CARTESIAN_POINT('',(66.905696240327,33.458330991106,
    32.715011784186));
#7522 = CARTESIAN_POINT('',(66.907799759481,33.542261683323,
    32.752091804678));
#7523 = CARTESIAN_POINT('',(66.912446244351,33.748624156685,
    32.834422083355));
#7524 = CARTESIAN_POINT('',(66.914834721163,33.873226089488,
    32.877109762798));
#7525 = CARTESIAN_POINT('',(66.91683684726,34.001592551337,
    32.913878946554));
#7526 = CARTESIAN_POINT('',(66.918394244328,34.133120687317,
    32.944224285909));
#7527 = CARTESIAN_POINT('',(66.919459617352,34.267159160942,
    32.967750268774));
#7528 = CARTESIAN_POINT('',(66.92,34.403021592935,32.984173654622));
#7529 = CARTESIAN_POINT('',(66.92,34.54,32.993325909419));
#7530 = ORIENTED_EDGE('',*,*,#7531,.T.);
#7531 = EDGE_CURVE('',#7501,#7532,#7534,.T.);
#7532 = VERTEX_POINT('',#7533);
#7533 = CARTESIAN_POINT('',(66.92,34.54,33.));
#7534 = LINE('',#7535,#7536);
#7535 = CARTESIAN_POINT('',(66.92,34.54,3.));
#7536 = VECTOR('',#7537,1.);
#7537 = DIRECTION('',(0.,0.,1.));
#7538 = ORIENTED_EDGE('',*,*,#7539,.T.);
#7539 = EDGE_CURVE('',#7532,#5492,#7540,.T.);
#7540 = CIRCLE('',#7541,40.5);
#7541 = AXIS2_PLACEMENT_3D('',#7542,#7543,#7544);
#7542 = CARTESIAN_POINT('',(26.42,34.54,33.));
#7543 = DIRECTION('',(0.,0.,-1.));
#7544 = DIRECTION('',(1.,0.,0.));
#7545 = ORIENTED_EDGE('',*,*,#7546,.T.);
#7546 = EDGE_CURVE('',#5492,#6366,#7547,.T.);
#7547 = CIRCLE('',#7548,40.5);
#7548 = AXIS2_PLACEMENT_3D('',#7549,#7550,#7551);
#7549 = CARTESIAN_POINT('',(26.42,34.54,33.));
#7550 = DIRECTION('',(0.,0.,-1.));
#7551 = DIRECTION('',(1.,0.,0.));
#7552 = ORIENTED_EDGE('',*,*,#7553,.T.);
#7553 = EDGE_CURVE('',#6366,#6181,#7554,.T.);
#7554 = CIRCLE('',#7555,40.5);
#7555 = AXIS2_PLACEMENT_3D('',#7556,#7557,#7558);
#7556 = CARTESIAN_POINT('',(26.42,34.54,33.));
#7557 = DIRECTION('',(0.,0.,-1.));
#7558 = DIRECTION('',(1.,0.,0.));
#7559 = ORIENTED_EDGE('',*,*,#7560,.T.);
#7560 = EDGE_CURVE('',#6181,#7043,#7561,.T.);
#7561 = CIRCLE('',#7562,40.5);
#7562 = AXIS2_PLACEMENT_3D('',#7563,#7564,#7565);
#7563 = CARTESIAN_POINT('',(26.42,34.54,33.));
#7564 = DIRECTION('',(0.,0.,-1.));
#7565 = DIRECTION('',(1.,0.,0.));
#7566 = ORIENTED_EDGE('',*,*,#7567,.T.);
#7567 = EDGE_CURVE('',#7043,#6834,#7568,.T.);
#7568 = CIRCLE('',#7569,40.5);
#7569 = AXIS2_PLACEMENT_3D('',#7570,#7571,#7572);
#7570 = CARTESIAN_POINT('',(26.42,34.54,33.));
#7571 = DIRECTION('',(0.,0.,-1.));
#7572 = DIRECTION('',(1.,0.,0.));
#7573 = ORIENTED_EDGE('',*,*,#7574,.T.);
#7574 = EDGE_CURVE('',#6834,#6645,#7575,.T.);
#7575 = CIRCLE('',#7576,40.5);
#7576 = AXIS2_PLACEMENT_3D('',#7577,#7578,#7579);
#7577 = CARTESIAN_POINT('',(26.42,34.54,33.));
#7578 = DIRECTION('',(0.,0.,-1.));
#7579 = DIRECTION('',(1.,0.,0.));
#7580 = ORIENTED_EDGE('',*,*,#7581,.T.);
#7581 = EDGE_CURVE('',#6645,#5978,#7582,.T.);
#7582 = CIRCLE('',#7583,40.5);
#7583 = AXIS2_PLACEMENT_3D('',#7584,#7585,#7586);
#7584 = CARTESIAN_POINT('',(26.42,34.54,33.));
#7585 = DIRECTION('',(0.,0.,-1.));
#7586 = DIRECTION('',(1.,0.,0.));
#7587 = ORIENTED_EDGE('',*,*,#7588,.T.);
#7588 = EDGE_CURVE('',#5978,#5793,#7589,.T.);
#7589 = CIRCLE('',#7590,40.5);
#7590 = AXIS2_PLACEMENT_3D('',#7591,#7592,#7593);
#7591 = CARTESIAN_POINT('',(26.42,34.54,33.));
#7592 = DIRECTION('',(0.,0.,-1.));
#7593 = DIRECTION('',(1.,0.,0.));
#7594 = ORIENTED_EDGE('',*,*,#7595,.T.);
#7595 = EDGE_CURVE('',#5793,#5253,#7596,.T.);
#7596 = CIRCLE('',#7597,40.5);
#7597 = AXIS2_PLACEMENT_3D('',#7598,#7599,#7600);
#7598 = CARTESIAN_POINT('',(26.42,34.54,33.));
#7599 = DIRECTION('',(0.,0.,-1.));
#7600 = DIRECTION('',(1.,0.,0.));
#7601 = ORIENTED_EDGE('',*,*,#7602,.T.);
#7602 = EDGE_CURVE('',#5253,#7603,#7605,.T.);
#7603 = VERTEX_POINT('',#7604);
#7604 = CARTESIAN_POINT('',(66.919506169829,34.74,33.));
#7605 = CIRCLE('',#7606,40.5);
#7606 = AXIS2_PLACEMENT_3D('',#7607,#7608,#7609);
#7607 = CARTESIAN_POINT('',(26.42,34.54,33.));
#7608 = DIRECTION('',(0.,0.,-1.));
#7609 = DIRECTION('',(1.,0.,0.));
#7610 = ORIENTED_EDGE('',*,*,#7611,.T.);
#7611 = EDGE_CURVE('',#7603,#5033,#7612,.T.);
#7612 = B_SPLINE_CURVE_WITH_KNOTS('',8,(#7613,#7614,#7615,#7616,#7617,
    #7618,#7619,#7620,#7621,#7622,#7623,#7624,#7625,#7626,#7627,#7628),
  .UNSPECIFIED.,.F.,.F.,(9,7,9),(0.,0.348357862686,1.),.UNSPECIFIED.);
#7613 = CARTESIAN_POINT('',(66.92,34.54,32.993325909419));
#7614 = CARTESIAN_POINT('',(66.92,34.796469471411,33.01046199678));
#7615 = CARTESIAN_POINT('',(66.918143823048,35.053610992729,
    33.002417376119));
#7616 = CARTESIAN_POINT('',(66.914414748358,35.30746933273,
    32.969273393266));
#7617 = CARTESIAN_POINT('',(66.908954636729,35.554138299397,
    32.912095561776));
#7618 = CARTESIAN_POINT('',(66.902066250294,35.789967836919,
    32.832888941757));
#7619 = CARTESIAN_POINT('',(66.894163802211,36.01175278121,
    32.73456126174));
#7620 = CARTESIAN_POINT('',(66.885700637533,36.216897505822,
    32.620893469104));
#7621 = CARTESIAN_POINT('',(66.861020008987,36.75270623654,
    32.263858110307));
#7622 = CARTESIAN_POINT('',(66.844087464046,37.045382085773,
    31.988247427577));
#7623 = CARTESIAN_POINT('',(66.828193021566,37.282915244012,
    31.684369790482));
#7624 = CARTESIAN_POINT('',(66.814631829468,37.468322120072,
    31.36211400929));
#7625 = CARTESIAN_POINT('',(66.804102032665,37.604745868692,
    31.028449760579));
#7626 = CARTESIAN_POINT('',(66.796965207502,37.694797251774,
    30.688164586554));
#7627 = CARTESIAN_POINT('',(66.793382320534,37.740000000005,
    30.344465208226));
#7628 = CARTESIAN_POINT('',(66.793382320534,37.74,29.999999999958));
#7629 = ORIENTED_EDGE('',*,*,#5032,.T.);
#7630 = ORIENTED_EDGE('',*,*,#5071,.T.);
#7631 = FACE_BOUND('',#7632,.F.);
#7632 = EDGE_LOOP('',(#7633,#7634,#7635,#7636,#7637));
#7633 = ORIENTED_EDGE('',*,*,#6363,.T.);
#7634 = ORIENTED_EDGE('',*,*,#6417,.T.);
#7635 = ORIENTED_EDGE('',*,*,#6484,.T.);
#7636 = ORIENTED_EDGE('',*,*,#6508,.T.);
#7637 = ORIENTED_EDGE('',*,*,#6460,.F.);
#7638 = FACE_BOUND('',#7639,.F.);
#7639 = EDGE_LOOP('',(#7640,#7641,#7642,#7643,#7644));
#7640 = ORIENTED_EDGE('',*,*,#6178,.T.);
#7641 = ORIENTED_EDGE('',*,*,#6232,.T.);
#7642 = ORIENTED_EDGE('',*,*,#6299,.T.);
#7643 = ORIENTED_EDGE('',*,*,#6323,.T.);
#7644 = ORIENTED_EDGE('',*,*,#6275,.F.);
#7645 = FACE_BOUND('',#7646,.F.);
#7646 = EDGE_LOOP('',(#7647,#7648,#7649,#7650,#7651));
#7647 = ORIENTED_EDGE('',*,*,#6831,.T.);
#7648 = ORIENTED_EDGE('',*,*,#6891,.T.);
#7649 = ORIENTED_EDGE('',*,*,#6964,.T.);
#7650 = ORIENTED_EDGE('',*,*,#6988,.T.);
#7651 = ORIENTED_EDGE('',*,*,#6940,.F.);
#7652 = FACE_BOUND('',#7653,.F.);
#7653 = EDGE_LOOP('',(#7654,#7655,#7656,#7657,#7658));
#7654 = ORIENTED_EDGE('',*,*,#5975,.T.);
#7655 = ORIENTED_EDGE('',*,*,#6029,.T.);
#7656 = ORIENTED_EDGE('',*,*,#6096,.T.);
#7657 = ORIENTED_EDGE('',*,*,#6120,.T.);
#7658 = ORIENTED_EDGE('',*,*,#6072,.F.);
#7659 = FACE_BOUND('',#7660,.F.);
#7660 = EDGE_LOOP('',(#7661,#7662,#7663,#7664,#7665));
#7661 = ORIENTED_EDGE('',*,*,#5790,.T.);
#7662 = ORIENTED_EDGE('',*,*,#5844,.T.);
#7663 = ORIENTED_EDGE('',*,*,#5911,.T.);
#7664 = ORIENTED_EDGE('',*,*,#5935,.T.);
#7665 = ORIENTED_EDGE('',*,*,#5887,.F.);
#7666 = FACE_BOUND('',#7667,.F.);
#7667 = EDGE_LOOP('',(#7668,#7669,#7670,#7671,#7672));
#7668 = ORIENTED_EDGE('',*,*,#5489,.T.);
#7669 = ORIENTED_EDGE('',*,*,#5543,.T.);
#7670 = ORIENTED_EDGE('',*,*,#5610,.T.);
#7671 = ORIENTED_EDGE('',*,*,#5634,.T.);
#7672 = ORIENTED_EDGE('',*,*,#5586,.F.);
#7673 = FACE_BOUND('',#7674,.F.);
#7674 = EDGE_LOOP('',(#7675,#7676,#7677,#7678,#7679));
#7675 = ORIENTED_EDGE('',*,*,#7040,.T.);
#7676 = ORIENTED_EDGE('',*,*,#7094,.T.);
#7677 = ORIENTED_EDGE('',*,*,#7161,.T.);
#7678 = ORIENTED_EDGE('',*,*,#7185,.T.);
#7679 = ORIENTED_EDGE('',*,*,#7137,.F.);
#7680 = FACE_BOUND('',#7681,.F.);
#7681 = EDGE_LOOP('',(#7682,#7683,#7684,#7685,#7686));
#7682 = ORIENTED_EDGE('',*,*,#6642,.T.);
#7683 = ORIENTED_EDGE('',*,*,#6696,.T.);
#7684 = ORIENTED_EDGE('',*,*,#6763,.T.);
#7685 = ORIENTED_EDGE('',*,*,#6787,.T.);
#7686 = ORIENTED_EDGE('',*,*,#6739,.F.);
#7687 = FACE_BOUND('',#7688,.F.);
#7688 = EDGE_LOOP('',(#7689,#7690,#7691,#7692,#7693));
#7689 = ORIENTED_EDGE('',*,*,#5250,.T.);
#7690 = ORIENTED_EDGE('',*,*,#5304,.T.);
#7691 = ORIENTED_EDGE('',*,*,#5371,.T.);
#7692 = ORIENTED_EDGE('',*,*,#5395,.T.);
#7693 = ORIENTED_EDGE('',*,*,#5347,.F.);
#7694 = CYLINDRICAL_SURFACE('',#7695,40.5);
#7695 = AXIS2_PLACEMENT_3D('',#7696,#7697,#7698);
#7696 = CARTESIAN_POINT('',(26.42,34.54,3.));
#7697 = DIRECTION('',(0.,0.,-1.));
#7698 = DIRECTION('',(1.,0.,0.));
#7699 = ADVANCED_FACE('',(#7700),#7727,.F.);
#7700 = FACE_BOUND('',#7701,.F.);
#7701 = EDGE_LOOP('',(#7702,#7703,#7704,#7705,#7706,#7707,#7708));
#7702 = ORIENTED_EDGE('',*,*,#7500,.F.);
#7703 = ORIENTED_EDGE('',*,*,#5465,.T.);
#7704 = ORIENTED_EDGE('',*,*,#7431,.T.);
#7705 = ORIENTED_EDGE('',*,*,#7462,.T.);
#7706 = ORIENTED_EDGE('',*,*,#5042,.F.);
#7707 = ORIENTED_EDGE('',*,*,#7611,.F.);
#7708 = ORIENTED_EDGE('',*,*,#7709,.F.);
#7709 = EDGE_CURVE('',#7501,#7603,#7710,.T.);
#7710 = B_SPLINE_CURVE_WITH_KNOTS('',8,(#7711,#7712,#7713,#7714,#7715,
    #7716,#7717,#7718,#7719,#7720,#7721,#7722,#7723,#7724,#7725,#7726),
  .UNSPECIFIED.,.F.,.F.,(9,7,9),(0.,0.348357862686,1.),.UNSPECIFIED.);
#7711 = CARTESIAN_POINT('',(66.92,34.54,32.993325909419));
#7712 = CARTESIAN_POINT('',(66.92,34.796469471411,33.01046199678));
#7713 = CARTESIAN_POINT('',(66.918143823048,35.053610992729,
    33.002417376119));
#7714 = CARTESIAN_POINT('',(66.914414748358,35.30746933273,
    32.969273393266));
#7715 = CARTESIAN_POINT('',(66.908954636729,35.554138299397,
    32.912095561776));
#7716 = CARTESIAN_POINT('',(66.902066250294,35.789967836919,
    32.832888941757));
#7717 = CARTESIAN_POINT('',(66.894163802211,36.01175278121,
    32.73456126174));
#7718 = CARTESIAN_POINT('',(66.885700637533,36.216897505822,
    32.620893469104));
#7719 = CARTESIAN_POINT('',(66.861020008987,36.75270623654,
    32.263858110307));
#7720 = CARTESIAN_POINT('',(66.844087464046,37.045382085773,
    31.988247427577));
#7721 = CARTESIAN_POINT('',(66.828193021566,37.282915244012,
    31.684369790482));
#7722 = CARTESIAN_POINT('',(66.814631829468,37.468322120072,
    31.36211400929));
#7723 = CARTESIAN_POINT('',(66.804102032665,37.604745868692,
    31.028449760579));
#7724 = CARTESIAN_POINT('',(66.796965207502,37.694797251774,
    30.688164586554));
#7725 = CARTESIAN_POINT('',(66.793382320534,37.740000000005,
    30.344465208226));
#7726 = CARTESIAN_POINT('',(66.793382320534,37.74,29.999999999958));
#7727 = CYLINDRICAL_SURFACE('',#7728,3.);
#7728 = AXIS2_PLACEMENT_3D('',#7729,#7730,#7731);
#7729 = CARTESIAN_POINT('',(52.84,34.74,30.));
#7730 = DIRECTION('',(-1.,0.,0.));
#7731 = DIRECTION('',(0.,-1.,0.));
#7732 = ADVANCED_FACE('',(#7733,#7738),#7742,.F.);
#7733 = FACE_BOUND('',#7734,.F.);
#7734 = EDGE_LOOP('',(#7735,#7736,#7737));
#7735 = ORIENTED_EDGE('',*,*,#5154,.F.);
#7736 = ORIENTED_EDGE('',*,*,#5145,.F.);
#7737 = ORIENTED_EDGE('',*,*,#5232,.F.);
#7738 = FACE_BOUND('',#7739,.F.);
#7739 = EDGE_LOOP('',(#7740,#7741));
#7740 = ORIENTED_EDGE('',*,*,#5692,.T.);
#7741 = ORIENTED_EDGE('',*,*,#5709,.T.);
#7742 = PLANE('',#7743);
#7743 = AXIS2_PLACEMENT_3D('',#7744,#7745,#7746);
#7744 = CARTESIAN_POINT('',(26.42,34.54,3.));
#7745 = DIRECTION('',(0.,0.,1.));
#7746 = DIRECTION('',(1.,0.,0.));
#7747 = ADVANCED_FACE('',(#7748,#7753),#7757,.F.);
#7748 = FACE_BOUND('',#7749,.F.);
#7749 = EDGE_LOOP('',(#7750,#7751,#7752));
#7750 = ORIENTED_EDGE('',*,*,#5205,.F.);
#7751 = ORIENTED_EDGE('',*,*,#5196,.F.);
#7752 = ORIENTED_EDGE('',*,*,#5439,.F.);
#7753 = FACE_BOUND('',#7754,.F.);
#7754 = EDGE_LOOP('',(#7755,#7756));
#7755 = ORIENTED_EDGE('',*,*,#5739,.T.);
#7756 = ORIENTED_EDGE('',*,*,#5756,.T.);
#7757 = PLANE('',#7758);
#7758 = AXIS2_PLACEMENT_3D('',#7759,#7760,#7761);
#7759 = CARTESIAN_POINT('',(26.42,34.54,3.));
#7760 = DIRECTION('',(0.,0.,1.));
#7761 = DIRECTION('',(1.,0.,0.));
#7762 = ADVANCED_FACE('',(#7763,#7768),#7772,.F.);
#7763 = FACE_BOUND('',#7764,.F.);
#7764 = EDGE_LOOP('',(#7765,#7766,#7767));
#7765 = ORIENTED_EDGE('',*,*,#5171,.F.);
#7766 = ORIENTED_EDGE('',*,*,#5162,.F.);
#7767 = ORIENTED_EDGE('',*,*,#5772,.F.);
#7768 = FACE_BOUND('',#7769,.F.);
#7769 = EDGE_LOOP('',(#7770,#7771));
#7770 = ORIENTED_EDGE('',*,*,#6562,.T.);
#7771 = ORIENTED_EDGE('',*,*,#6579,.T.);
#7772 = PLANE('',#7773);
#7773 = AXIS2_PLACEMENT_3D('',#7774,#7775,#7776);
#7774 = CARTESIAN_POINT('',(26.42,34.54,3.));
#7775 = DIRECTION('',(0.,0.,1.));
#7776 = DIRECTION('',(1.,0.,0.));
#7777 = ADVANCED_FACE('',(#7778,#7783),#7787,.F.);
#7778 = FACE_BOUND('',#7779,.F.);
#7779 = EDGE_LOOP('',(#7780,#7781,#7782));
#7780 = ORIENTED_EDGE('',*,*,#5188,.F.);
#7781 = ORIENTED_EDGE('',*,*,#5179,.F.);
#7782 = ORIENTED_EDGE('',*,*,#6160,.F.);
#7783 = FACE_BOUND('',#7784,.F.);
#7784 = EDGE_LOOP('',(#7785,#7786));
#7785 = ORIENTED_EDGE('',*,*,#6595,.T.);
#7786 = ORIENTED_EDGE('',*,*,#6625,.T.);
#7787 = PLANE('',#7788);
#7788 = AXIS2_PLACEMENT_3D('',#7789,#7790,#7791);
#7789 = CARTESIAN_POINT('',(26.42,34.54,3.));
#7790 = DIRECTION('',(0.,0.,1.));
#7791 = DIRECTION('',(1.,0.,0.));
#7792 = ADVANCED_FACE('',(#7793),#7817,.F.);
#7793 = FACE_BOUND('',#7794,.F.);
#7794 = EDGE_LOOP('',(#7795,#7796,#7803,#7809,#7810,#7811));
#7795 = ORIENTED_EDGE('',*,*,#7539,.F.);
#7796 = ORIENTED_EDGE('',*,*,#7797,.F.);
#7797 = EDGE_CURVE('',#7603,#7532,#7798,.T.);
#7798 = CIRCLE('',#7799,40.5);
#7799 = AXIS2_PLACEMENT_3D('',#7800,#7801,#7802);
#7800 = CARTESIAN_POINT('',(26.42,34.54,33.));
#7801 = DIRECTION('',(0.,0.,-1.));
#7802 = DIRECTION('',(1.,0.,0.));
#7803 = ORIENTED_EDGE('',*,*,#7804,.T.);
#7804 = EDGE_CURVE('',#7603,#7241,#7805,.T.);
#7805 = LINE('',#7806,#7807);
#7806 = CARTESIAN_POINT('',(52.84,34.74,33.));
#7807 = VECTOR('',#7808,1.);
#7808 = DIRECTION('',(-1.,0.,0.));
#7809 = ORIENTED_EDGE('',*,*,#7240,.F.);
#7810 = ORIENTED_EDGE('',*,*,#7229,.F.);
#7811 = ORIENTED_EDGE('',*,*,#7812,.F.);
#7812 = EDGE_CURVE('',#5492,#7230,#7813,.T.);
#7813 = LINE('',#7814,#7815);
#7814 = CARTESIAN_POINT('',(47.911786041845,19.172517033308,33.));
#7815 = VECTOR('',#7816,1.);
#7816 = DIRECTION('',(-0.809016994375,0.587785252292,0.));
#7817 = PLANE('',#7818);
#7818 = AXIS2_PLACEMENT_3D('',#7819,#7820,#7821);
#7819 = CARTESIAN_POINT('',(26.42,34.54,33.));
#7820 = DIRECTION('',(0.,0.,1.));
#7821 = DIRECTION('',(1.,0.,0.));
#7822 = ADVANCED_FACE('',(#7823),#7834,.F.);
#7823 = FACE_BOUND('',#7824,.F.);
#7824 = EDGE_LOOP('',(#7825,#7826,#7827,#7828));
#7825 = ORIENTED_EDGE('',*,*,#7546,.F.);
#7826 = ORIENTED_EDGE('',*,*,#7812,.T.);
#7827 = ORIENTED_EDGE('',*,*,#7321,.F.);
#7828 = ORIENTED_EDGE('',*,*,#7829,.F.);
#7829 = EDGE_CURVE('',#6366,#7313,#7830,.T.);
#7830 = LINE('',#7831,#7832);
#7831 = CARTESIAN_POINT('',(34.774440294645,9.474890238357,33.));
#7832 = VECTOR('',#7833,1.);
#7833 = DIRECTION('',(-0.309016994375,0.951056516295,0.));
#7834 = PLANE('',#7835);
#7835 = AXIS2_PLACEMENT_3D('',#7836,#7837,#7838);
#7836 = CARTESIAN_POINT('',(26.42,34.54,33.));
#7837 = DIRECTION('',(0.,0.,1.));
#7838 = DIRECTION('',(1.,0.,0.));
#7839 = ADVANCED_FACE('',(#7840),#7851,.F.);
#7840 = FACE_BOUND('',#7841,.F.);
#7841 = EDGE_LOOP('',(#7842,#7843,#7844,#7845));
#7842 = ORIENTED_EDGE('',*,*,#7553,.F.);
#7843 = ORIENTED_EDGE('',*,*,#7829,.T.);
#7844 = ORIENTED_EDGE('',*,*,#7312,.F.);
#7845 = ORIENTED_EDGE('',*,*,#7846,.F.);
#7846 = EDGE_CURVE('',#6181,#7304,#7847,.T.);
#7847 = LINE('',#7848,#7849);
#7848 = CARTESIAN_POINT('',(18.445982311873,9.351283440607,33.));
#7849 = VECTOR('',#7850,1.);
#7850 = DIRECTION('',(0.309016994375,0.951056516295,0.));
#7851 = PLANE('',#7852);
#7852 = AXIS2_PLACEMENT_3D('',#7853,#7854,#7855);
#7853 = CARTESIAN_POINT('',(26.42,34.54,33.));
#7854 = DIRECTION('',(0.,0.,1.));
#7855 = DIRECTION('',(1.,0.,0.));
#7856 = ADVANCED_FACE('',(#7857),#7868,.F.);
#7857 = FACE_BOUND('',#7858,.F.);
#7858 = EDGE_LOOP('',(#7859,#7860,#7861,#7862));
#7859 = ORIENTED_EDGE('',*,*,#7560,.F.);
#7860 = ORIENTED_EDGE('',*,*,#7846,.T.);
#7861 = ORIENTED_EDGE('',*,*,#7303,.F.);
#7862 = ORIENTED_EDGE('',*,*,#7863,.F.);
#7863 = EDGE_CURVE('',#7043,#7295,#7864,.T.);
#7864 = LINE('',#7865,#7866);
#7865 = CARTESIAN_POINT('',(5.163328059072,18.848910235558,33.));
#7866 = VECTOR('',#7867,1.);
#7867 = DIRECTION('',(0.809016994375,0.587785252292,0.));
#7868 = PLANE('',#7869);
#7869 = AXIS2_PLACEMENT_3D('',#7870,#7871,#7872);
#7870 = CARTESIAN_POINT('',(26.42,34.54,33.));
#7871 = DIRECTION('',(0.,0.,1.));
#7872 = DIRECTION('',(1.,0.,0.));
#7873 = ADVANCED_FACE('',(#7874),#7885,.F.);
#7874 = FACE_BOUND('',#7875,.F.);
#7875 = EDGE_LOOP('',(#7876,#7877,#7878,#7879));
#7876 = ORIENTED_EDGE('',*,*,#7567,.F.);
#7877 = ORIENTED_EDGE('',*,*,#7863,.T.);
#7878 = ORIENTED_EDGE('',*,*,#7294,.F.);
#7879 = ORIENTED_EDGE('',*,*,#7880,.F.);
#7880 = EDGE_CURVE('',#6834,#7286,#7881,.T.);
#7881 = LINE('',#7882,#7883);
#7882 = CARTESIAN_POINT('',(0.,34.34,33.));
#7883 = VECTOR('',#7884,1.);
#7884 = DIRECTION('',(1.,0.,0.));
#7885 = PLANE('',#7886);
#7886 = AXIS2_PLACEMENT_3D('',#7887,#7888,#7889);
#7887 = CARTESIAN_POINT('',(26.42,34.54,33.));
#7888 = DIRECTION('',(0.,0.,1.));
#7889 = DIRECTION('',(1.,0.,0.));
#7890 = ADVANCED_FACE('',(#7891),#7902,.F.);
#7891 = FACE_BOUND('',#7892,.F.);
#7892 = EDGE_LOOP('',(#7893,#7894,#7895,#7896));
#7893 = ORIENTED_EDGE('',*,*,#7574,.F.);
#7894 = ORIENTED_EDGE('',*,*,#7880,.T.);
#7895 = ORIENTED_EDGE('',*,*,#7285,.F.);
#7896 = ORIENTED_EDGE('',*,*,#7897,.F.);
#7897 = EDGE_CURVE('',#6645,#7277,#7898,.T.);
#7898 = LINE('',#7899,#7900);
#7899 = CARTESIAN_POINT('',(4.928213958155,49.907482966692,33.));
#7900 = VECTOR('',#7901,1.);
#7901 = DIRECTION('',(0.809016994375,-0.587785252292,0.));
#7902 = PLANE('',#7903);
#7903 = AXIS2_PLACEMENT_3D('',#7904,#7905,#7906);
#7904 = CARTESIAN_POINT('',(26.42,34.54,33.));
#7905 = DIRECTION('',(0.,0.,1.));
#7906 = DIRECTION('',(1.,0.,0.));
#7907 = ADVANCED_FACE('',(#7908),#7919,.F.);
#7908 = FACE_BOUND('',#7909,.F.);
#7909 = EDGE_LOOP('',(#7910,#7916,#7917,#7918));
#7910 = ORIENTED_EDGE('',*,*,#7911,.F.);
#7911 = EDGE_CURVE('',#5978,#7268,#7912,.T.);
#7912 = LINE('',#7913,#7914);
#7913 = CARTESIAN_POINT('',(18.065559705355,59.605109761643,33.));
#7914 = VECTOR('',#7915,1.);
#7915 = DIRECTION('',(0.309016994375,-0.951056516295,0.));
#7916 = ORIENTED_EDGE('',*,*,#7581,.F.);
#7917 = ORIENTED_EDGE('',*,*,#7897,.T.);
#7918 = ORIENTED_EDGE('',*,*,#7276,.F.);
#7919 = PLANE('',#7920);
#7920 = AXIS2_PLACEMENT_3D('',#7921,#7922,#7923);
#7921 = CARTESIAN_POINT('',(26.42,34.54,33.));
#7922 = DIRECTION('',(0.,0.,1.));
#7923 = DIRECTION('',(1.,0.,0.));
#7924 = ADVANCED_FACE('',(#7925),#7936,.F.);
#7925 = FACE_BOUND('',#7926,.F.);
#7926 = EDGE_LOOP('',(#7927,#7933,#7934,#7935));
#7927 = ORIENTED_EDGE('',*,*,#7928,.F.);
#7928 = EDGE_CURVE('',#5793,#7259,#7929,.T.);
#7929 = LINE('',#7930,#7931);
#7930 = CARTESIAN_POINT('',(34.394017688127,59.728716559393,33.));
#7931 = VECTOR('',#7932,1.);
#7932 = DIRECTION('',(-0.309016994375,-0.951056516295,0.));
#7933 = ORIENTED_EDGE('',*,*,#7588,.F.);
#7934 = ORIENTED_EDGE('',*,*,#7911,.T.);
#7935 = ORIENTED_EDGE('',*,*,#7267,.F.);
#7936 = PLANE('',#7937);
#7937 = AXIS2_PLACEMENT_3D('',#7938,#7939,#7940);
#7938 = CARTESIAN_POINT('',(26.42,34.54,33.));
#7939 = DIRECTION('',(0.,0.,1.));
#7940 = DIRECTION('',(1.,0.,0.));
#7941 = ADVANCED_FACE('',(#7942),#7953,.F.);
#7942 = FACE_BOUND('',#7943,.F.);
#7943 = EDGE_LOOP('',(#7944,#7950,#7951,#7952));
#7944 = ORIENTED_EDGE('',*,*,#7945,.F.);
#7945 = EDGE_CURVE('',#5253,#7250,#7946,.T.);
#7946 = LINE('',#7947,#7948);
#7947 = CARTESIAN_POINT('',(47.676671940928,50.231089764442,33.));
#7948 = VECTOR('',#7949,1.);
#7949 = DIRECTION('',(-0.809016994375,-0.587785252292,0.));
#7950 = ORIENTED_EDGE('',*,*,#7595,.F.);
#7951 = ORIENTED_EDGE('',*,*,#7928,.T.);
#7952 = ORIENTED_EDGE('',*,*,#7258,.F.);
#7953 = PLANE('',#7954);
#7954 = AXIS2_PLACEMENT_3D('',#7955,#7956,#7957);
#7955 = CARTESIAN_POINT('',(26.42,34.54,33.));
#7956 = DIRECTION('',(0.,0.,1.));
#7957 = DIRECTION('',(1.,0.,0.));
#7958 = ADVANCED_FACE('',(#7959),#7965,.F.);
#7959 = FACE_BOUND('',#7960,.F.);
#7960 = EDGE_LOOP('',(#7961,#7962,#7963,#7964));
#7961 = ORIENTED_EDGE('',*,*,#7804,.F.);
#7962 = ORIENTED_EDGE('',*,*,#7602,.F.);
#7963 = ORIENTED_EDGE('',*,*,#7945,.T.);
#7964 = ORIENTED_EDGE('',*,*,#7249,.F.);
#7965 = PLANE('',#7966);
#7966 = AXIS2_PLACEMENT_3D('',#7967,#7968,#7969);
#7967 = CARTESIAN_POINT('',(26.42,34.54,33.));
#7968 = DIRECTION('',(0.,0.,1.));
#7969 = DIRECTION('',(1.,0.,0.));
#7970 = ADVANCED_FACE('',(#7971),#7982,.F.);
#7971 = FACE_BOUND('',#7972,.T.);
#7972 = EDGE_LOOP('',(#7973,#7979,#7980,#7981));
#7973 = ORIENTED_EDGE('',*,*,#7974,.F.);
#7974 = EDGE_CURVE('',#7346,#7390,#7975,.T.);
#7975 = LINE('',#7976,#7977);
#7976 = CARTESIAN_POINT('',(47.5,32.125,33.));
#7977 = VECTOR('',#7978,1.);
#7978 = DIRECTION('',(0.,0.,1.));
#7979 = ORIENTED_EDGE('',*,*,#7345,.T.);
#7980 = ORIENTED_EDGE('',*,*,#7974,.T.);
#7981 = ORIENTED_EDGE('',*,*,#7389,.F.);
#7982 = CYLINDRICAL_SURFACE('',#7983,2.);
#7983 = AXIS2_PLACEMENT_3D('',#7984,#7985,#7986);
#7984 = CARTESIAN_POINT('',(49.5,32.125,33.));
#7985 = DIRECTION('',(0.,0.,1.));
#7986 = DIRECTION('',(-1.,0.,0.));
#7987 = ADVANCED_FACE('',(#7988),#7999,.F.);
#7988 = FACE_BOUND('',#7989,.T.);
#7989 = EDGE_LOOP('',(#7990,#7996,#7997,#7998));
#7990 = ORIENTED_EDGE('',*,*,#7991,.F.);
#7991 = EDGE_CURVE('',#7368,#7410,#7992,.T.);
#7992 = LINE('',#7993,#7994);
#7993 = CARTESIAN_POINT('',(47.5,47.875,33.));
#7994 = VECTOR('',#7995,1.);
#7995 = DIRECTION('',(0.,0.,1.));
#7996 = ORIENTED_EDGE('',*,*,#7367,.T.);
#7997 = ORIENTED_EDGE('',*,*,#7991,.T.);
#7998 = ORIENTED_EDGE('',*,*,#7409,.F.);
#7999 = CYLINDRICAL_SURFACE('',#8000,2.);
#8000 = AXIS2_PLACEMENT_3D('',#8001,#8002,#8003);
#8001 = CARTESIAN_POINT('',(49.5,47.875,33.));
#8002 = DIRECTION('',(0.,0.,1.));
#8003 = DIRECTION('',(-1.,0.,0.));
#8004 = ADVANCED_FACE('',(#8005),#8010,.F.);
#8005 = FACE_BOUND('',#8006,.F.);
#8006 = EDGE_LOOP('',(#8007,#8008,#8009));
#8007 = ORIENTED_EDGE('',*,*,#7531,.F.);
#8008 = ORIENTED_EDGE('',*,*,#7709,.T.);
#8009 = ORIENTED_EDGE('',*,*,#7797,.T.);
#8010 = CYLINDRICAL_SURFACE('',#8011,40.5);
#8011 = AXIS2_PLACEMENT_3D('',#8012,#8013,#8014);
#8012 = CARTESIAN_POINT('',(26.42,34.54,3.));
#8013 = DIRECTION('',(0.,0.,-1.));
#8014 = DIRECTION('',(1.,0.,0.));
#8015 = ( GEOMETRIC_REPRESENTATION_CONTEXT(3) 
GLOBAL_UNCERTAINTY_ASSIGNED_CONTEXT((#8019)) 
GLOBAL_UNIT_ASSIGNED_CONTEXT((#8016,#8017,#8018)) REPRESENTATION_CONTEXT
('Context #1','3D Context with UNIT and UNCERTAINTY') );
#8016 = ( LENGTH_UNIT() NAMED_UNIT(*) SI_UNIT(.MILLI.,.METRE.) );
#8017 = ( NAMED_UNIT(*) PLANE_ANGLE_UNIT() SI_UNIT($,.RADIAN.) );
#8018 = ( NAMED_UNIT(*) SI_UNIT($,.STERADIAN.) SOLID_ANGLE_UNIT() );
#8019 = UNCERTAINTY_MEASURE_WITH_UNIT(LENGTH_MEASURE(2.E-05),#8016,
  'distance_accuracy_value','confusion accuracy');
#8020 = CONTEXT_DEPENDENT_SHAPE_REPRESENTATION(#8021,#8023);
#8021 = ( REPRESENTATION_RELATIONSHIP('','',#2897,#10) 
REPRESENTATION_RELATIONSHIP_WITH_TRANSFORMATION(#8022) 
SHAPE_REPRESENTATION_RELATIONSHIP() );
#8022 = ITEM_DEFINED_TRANSFORMATION('','',#11,#23);
#8023 = PRODUCT_DEFINITION_SHAPE('Placement','Placement of an item',
  #8024);
#8024 = NEXT_ASSEMBLY_USAGE_OCCURRENCE('3','GehaeuseV3','',#5,#2892,$);
#8025 = PRODUCT_RELATED_PRODUCT_CATEGORY('part',$,(#2894));
#8026 = SHAPE_DEFINITION_REPRESENTATION(#8027,#8033);
#8027 = PRODUCT_DEFINITION_SHAPE('','',#8028);
#8028 = PRODUCT_DEFINITION('design','',#8029,#8032);
#8029 = PRODUCT_DEFINITION_FORMATION('','',#8030);
#8030 = PRODUCT('Coaster','Coaster','',(#8031));
#8031 = PRODUCT_CONTEXT('',#2,'mechanical');
#8032 = PRODUCT_DEFINITION_CONTEXT('part definition',#2,'design');
#8033 = ADVANCED_BREP_SHAPE_REPRESENTATION('',(#11,#8034),#8511);
#8034 = BREP_WITH_VOIDS('',#8035,(#8087,#8140,#8193,#8246,#8299,#8352,
    #8405,#8458));
#8035 = CLOSED_SHELL('',(#8036,#8053,#8078));
#8036 = ADVANCED_FACE('',(#8037),#8048,.T.);
#8037 = FACE_BOUND('',#8038,.T.);
#8038 = EDGE_LOOP('',(#8039));
#8039 = ORIENTED_EDGE('',*,*,#8040,.T.);
#8040 = EDGE_CURVE('',#8041,#8041,#8043,.T.);
#8041 = VERTEX_POINT('',#8042);
#8042 = CARTESIAN_POINT('',(66.42,34.54,-0.65));
#8043 = CIRCLE('',#8044,40.);
#8044 = AXIS2_PLACEMENT_3D('',#8045,#8046,#8047);
#8045 = CARTESIAN_POINT('',(26.42,34.54,-0.65));
#8046 = DIRECTION('',(0.,0.,1.));
#8047 = DIRECTION('',(1.,0.,0.));
#8048 = PLANE('',#8049);
#8049 = AXIS2_PLACEMENT_3D('',#8050,#8051,#8052);
#8050 = CARTESIAN_POINT('',(26.42,34.54,-0.65));
#8051 = DIRECTION('',(0.,0.,1.));
#8052 = DIRECTION('',(1.,0.,0.));
#8053 = ADVANCED_FACE('',(#8054),#8073,.T.);
#8054 = FACE_BOUND('',#8055,.T.);
#8055 = EDGE_LOOP('',(#8056,#8064,#8065,#8066));
#8056 = ORIENTED_EDGE('',*,*,#8057,.F.);
#8057 = EDGE_CURVE('',#8041,#8058,#8060,.T.);
#8058 = VERTEX_POINT('',#8059);
#8059 = CARTESIAN_POINT('',(66.42,34.54,-3.65));
#8060 = LINE('',#8061,#8062);
#8061 = CARTESIAN_POINT('',(66.42,34.54,-0.65));
#8062 = VECTOR('',#8063,1.);
#8063 = DIRECTION('',(-0.,-0.,-1.));
#8064 = ORIENTED_EDGE('',*,*,#8040,.F.);
#8065 = ORIENTED_EDGE('',*,*,#8057,.T.);
#8066 = ORIENTED_EDGE('',*,*,#8067,.T.);
#8067 = EDGE_CURVE('',#8058,#8058,#8068,.T.);
#8068 = CIRCLE('',#8069,40.);
#8069 = AXIS2_PLACEMENT_3D('',#8070,#8071,#8072);
#8070 = CARTESIAN_POINT('',(26.42,34.54,-3.65));
#8071 = DIRECTION('',(0.,0.,1.));
#8072 = DIRECTION('',(1.,0.,0.));
#8073 = CYLINDRICAL_SURFACE('',#8074,40.);
#8074 = AXIS2_PLACEMENT_3D('',#8075,#8076,#8077);
#8075 = CARTESIAN_POINT('',(26.42,34.54,-0.65));
#8076 = DIRECTION('',(0.,0.,1.));
#8077 = DIRECTION('',(1.,0.,0.));
#8078 = ADVANCED_FACE('',(#8079),#8082,.F.);
#8079 = FACE_BOUND('',#8080,.F.);
#8080 = EDGE_LOOP('',(#8081));
#8081 = ORIENTED_EDGE('',*,*,#8067,.T.);
#8082 = PLANE('',#8083);
#8083 = AXIS2_PLACEMENT_3D('',#8084,#8085,#8086);
#8084 = CARTESIAN_POINT('',(26.42,34.54,-3.65));
#8085 = DIRECTION('',(0.,0.,1.));
#8086 = DIRECTION('',(1.,0.,0.));
#8087 = ORIENTED_CLOSED_SHELL('',*,#8088,.F.);
#8088 = CLOSED_SHELL('',(#8089,#8122,#8131));
#8089 = ADVANCED_FACE('',(#8090),#8117,.T.);
#8090 = FACE_BOUND('',#8091,.T.);
#8091 = EDGE_LOOP('',(#8092,#8102,#8109,#8110));
#8092 = ORIENTED_EDGE('',*,*,#8093,.T.);
#8093 = EDGE_CURVE('',#8094,#8096,#8098,.T.);
#8094 = VERTEX_POINT('',#8095);
#8095 = CARTESIAN_POINT('',(6.482748086369,11.9725765625,-3.3));
#8096 = VERTEX_POINT('',#8097);
#8097 = CARTESIAN_POINT('',(6.482748086369,11.9725765625,-1.));
#8098 = LINE('',#8099,#8100);
#8099 = CARTESIAN_POINT('',(6.482748086369,11.9725765625,-3.3));
#8100 = VECTOR('',#8101,1.);
#8101 = DIRECTION('',(0.,0.,1.));
#8102 = ORIENTED_EDGE('',*,*,#8103,.T.);
#8103 = EDGE_CURVE('',#8096,#8096,#8104,.T.);
#8104 = CIRCLE('',#8105,2.75);
#8105 = AXIS2_PLACEMENT_3D('',#8106,#8107,#8108);
#8106 = CARTESIAN_POINT('',(3.732748086369,11.9725765625,-1.));
#8107 = DIRECTION('',(0.,0.,-1.));
#8108 = DIRECTION('',(1.,0.,0.));
#8109 = ORIENTED_EDGE('',*,*,#8093,.F.);
#8110 = ORIENTED_EDGE('',*,*,#8111,.F.);
#8111 = EDGE_CURVE('',#8094,#8094,#8112,.T.);
#8112 = CIRCLE('',#8113,2.75);
#8113 = AXIS2_PLACEMENT_3D('',#8114,#8115,#8116);
#8114 = CARTESIAN_POINT('',(3.732748086369,11.9725765625,-3.3));
#8115 = DIRECTION('',(0.,0.,-1.));
#8116 = DIRECTION('',(1.,0.,0.));
#8117 = CYLINDRICAL_SURFACE('',#8118,2.75);
#8118 = AXIS2_PLACEMENT_3D('',#8119,#8120,#8121);
#8119 = CARTESIAN_POINT('',(3.732748086369,11.9725765625,-3.3));
#8120 = DIRECTION('',(0.,0.,-1.));
#8121 = DIRECTION('',(1.,0.,0.));
#8122 = ADVANCED_FACE('',(#8123),#8126,.F.);
#8123 = FACE_BOUND('',#8124,.T.);
#8124 = EDGE_LOOP('',(#8125));
#8125 = ORIENTED_EDGE('',*,*,#8111,.T.);
#8126 = PLANE('',#8127);
#8127 = AXIS2_PLACEMENT_3D('',#8128,#8129,#8130);
#8128 = CARTESIAN_POINT('',(26.561551423372,34.396181668605,-3.3));
#8129 = DIRECTION('',(0.,0.,1.));
#8130 = DIRECTION('',(1.,0.,0.));
#8131 = ADVANCED_FACE('',(#8132),#8135,.T.);
#8132 = FACE_BOUND('',#8133,.F.);
#8133 = EDGE_LOOP('',(#8134));
#8134 = ORIENTED_EDGE('',*,*,#8103,.T.);
#8135 = PLANE('',#8136);
#8136 = AXIS2_PLACEMENT_3D('',#8137,#8138,#8139);
#8137 = CARTESIAN_POINT('',(26.561551423372,34.396181668605,-1.));
#8138 = DIRECTION('',(0.,0.,1.));
#8139 = DIRECTION('',(1.,0.,0.));
#8140 = ORIENTED_CLOSED_SHELL('',*,#8141,.F.);
#8141 = CLOSED_SHELL('',(#8142,#8175,#8184));
#8142 = ADVANCED_FACE('',(#8143),#8170,.T.);
#8143 = FACE_BOUND('',#8144,.T.);
#8144 = EDGE_LOOP('',(#8145,#8155,#8162,#8163));
#8145 = ORIENTED_EDGE('',*,*,#8146,.T.);
#8146 = EDGE_CURVE('',#8147,#8149,#8151,.T.);
#8147 = VERTEX_POINT('',#8148);
#8148 = CARTESIAN_POINT('',(29.17,2.54,-3.3));
#8149 = VERTEX_POINT('',#8150);
#8150 = CARTESIAN_POINT('',(29.17,2.54,-1.));
#8151 = LINE('',#8152,#8153);
#8152 = CARTESIAN_POINT('',(29.17,2.54,-3.3));
#8153 = VECTOR('',#8154,1.);
#8154 = DIRECTION('',(0.,0.,1.));
#8155 = ORIENTED_EDGE('',*,*,#8156,.T.);
#8156 = EDGE_CURVE('',#8149,#8149,#8157,.T.);
#8157 = CIRCLE('',#8158,2.75);
#8158 = AXIS2_PLACEMENT_3D('',#8159,#8160,#8161);
#8159 = CARTESIAN_POINT('',(26.42,2.54,-1.));
#8160 = DIRECTION('',(0.,0.,-1.));
#8161 = DIRECTION('',(1.,0.,0.));
#8162 = ORIENTED_EDGE('',*,*,#8146,.F.);
#8163 = ORIENTED_EDGE('',*,*,#8164,.F.);
#8164 = EDGE_CURVE('',#8147,#8147,#8165,.T.);
#8165 = CIRCLE('',#8166,2.75);
#8166 = AXIS2_PLACEMENT_3D('',#8167,#8168,#8169);
#8167 = CARTESIAN_POINT('',(26.42,2.54,-3.3));
#8168 = DIRECTION('',(0.,0.,-1.));
#8169 = DIRECTION('',(1.,0.,0.));
#8170 = CYLINDRICAL_SURFACE('',#8171,2.75);
#8171 = AXIS2_PLACEMENT_3D('',#8172,#8173,#8174);
#8172 = CARTESIAN_POINT('',(26.42,2.54,-3.3));
#8173 = DIRECTION('',(0.,0.,-1.));
#8174 = DIRECTION('',(1.,0.,0.));
#8175 = ADVANCED_FACE('',(#8176),#8179,.F.);
#8176 = FACE_BOUND('',#8177,.T.);
#8177 = EDGE_LOOP('',(#8178));
#8178 = ORIENTED_EDGE('',*,*,#8164,.T.);
#8179 = PLANE('',#8180);
#8180 = AXIS2_PLACEMENT_3D('',#8181,#8182,#8183);
#8181 = CARTESIAN_POINT('',(26.561551423372,34.396181668605,-3.3));
#8182 = DIRECTION('',(0.,0.,1.));
#8183 = DIRECTION('',(1.,0.,0.));
#8184 = ADVANCED_FACE('',(#8185),#8188,.T.);
#8185 = FACE_BOUND('',#8186,.F.);
#8186 = EDGE_LOOP('',(#8187));
#8187 = ORIENTED_EDGE('',*,*,#8156,.T.);
#8188 = PLANE('',#8189);
#8189 = AXIS2_PLACEMENT_3D('',#8190,#8191,#8192);
#8190 = CARTESIAN_POINT('',(26.561551423372,34.396181668605,-1.));
#8191 = DIRECTION('',(0.,0.,1.));
#8192 = DIRECTION('',(1.,0.,0.));
#8193 = ORIENTED_CLOSED_SHELL('',*,#8194,.F.);
#8194 = CLOSED_SHELL('',(#8195,#8228,#8237));
#8195 = ADVANCED_FACE('',(#8196),#8223,.T.);
#8196 = FACE_BOUND('',#8197,.T.);
#8197 = EDGE_LOOP('',(#8198,#8208,#8215,#8216));
#8198 = ORIENTED_EDGE('',*,*,#8199,.T.);
#8199 = EDGE_CURVE('',#8200,#8202,#8204,.T.);
#8200 = VERTEX_POINT('',#8201);
#8201 = CARTESIAN_POINT('',(52.17629808053,11.165262235585,-3.3));
#8202 = VERTEX_POINT('',#8203);
#8203 = CARTESIAN_POINT('',(52.17629808053,11.165262235585,-1.));
#8204 = LINE('',#8205,#8206);
#8205 = CARTESIAN_POINT('',(52.17629808053,11.165262235585,-3.3));
#8206 = VECTOR('',#8207,1.);
#8207 = DIRECTION('',(0.,0.,1.));
#8208 = ORIENTED_EDGE('',*,*,#8209,.T.);
#8209 = EDGE_CURVE('',#8202,#8202,#8210,.T.);
#8210 = CIRCLE('',#8211,2.75);
#8211 = AXIS2_PLACEMENT_3D('',#8212,#8213,#8214);
#8212 = CARTESIAN_POINT('',(49.42629808053,11.165262235585,-1.));
#8213 = DIRECTION('',(0.,0.,-1.));
#8214 = DIRECTION('',(1.,0.,0.));
#8215 = ORIENTED_EDGE('',*,*,#8199,.F.);
#8216 = ORIENTED_EDGE('',*,*,#8217,.F.);
#8217 = EDGE_CURVE('',#8200,#8200,#8218,.T.);
#8218 = CIRCLE('',#8219,2.75);
#8219 = AXIS2_PLACEMENT_3D('',#8220,#8221,#8222);
#8220 = CARTESIAN_POINT('',(49.42629808053,11.165262235585,-3.3));
#8221 = DIRECTION('',(0.,0.,-1.));
#8222 = DIRECTION('',(1.,0.,0.));
#8223 = CYLINDRICAL_SURFACE('',#8224,2.75);
#8224 = AXIS2_PLACEMENT_3D('',#8225,#8226,#8227);
#8225 = CARTESIAN_POINT('',(49.42629808053,11.165262235585,-3.3));
#8226 = DIRECTION('',(0.,0.,-1.));
#8227 = DIRECTION('',(1.,0.,0.));
#8228 = ADVANCED_FACE('',(#8229),#8232,.F.);
#8229 = FACE_BOUND('',#8230,.T.);
#8230 = EDGE_LOOP('',(#8231));
#8231 = ORIENTED_EDGE('',*,*,#8217,.T.);
#8232 = PLANE('',#8233);
#8233 = AXIS2_PLACEMENT_3D('',#8234,#8235,#8236);
#8234 = CARTESIAN_POINT('',(26.561551423372,34.396181668605,-3.3));
#8235 = DIRECTION('',(0.,0.,1.));
#8236 = DIRECTION('',(1.,0.,0.));
#8237 = ADVANCED_FACE('',(#8238),#8241,.T.);
#8238 = FACE_BOUND('',#8239,.F.);
#8239 = EDGE_LOOP('',(#8240));
#8240 = ORIENTED_EDGE('',*,*,#8209,.T.);
#8241 = PLANE('',#8242);
#8242 = AXIS2_PLACEMENT_3D('',#8243,#8244,#8245);
#8243 = CARTESIAN_POINT('',(26.561551423372,34.396181668605,-1.));
#8244 = DIRECTION('',(0.,0.,1.));
#8245 = DIRECTION('',(1.,0.,0.));
#8246 = ORIENTED_CLOSED_SHELL('',*,#8247,.F.);
#8247 = CLOSED_SHELL('',(#8248,#8281,#8290));
#8248 = ADVANCED_FACE('',(#8249),#8276,.T.);
#8249 = FACE_BOUND('',#8250,.T.);
#8250 = EDGE_LOOP('',(#8251,#8261,#8268,#8269));
#8251 = ORIENTED_EDGE('',*,*,#8252,.T.);
#8252 = EDGE_CURVE('',#8253,#8255,#8257,.T.);
#8253 = VERTEX_POINT('',#8254);
#8254 = CARTESIAN_POINT('',(61.165961645091,34.031631623823,-3.3));
#8255 = VERTEX_POINT('',#8256);
#8256 = CARTESIAN_POINT('',(61.165961645091,34.031631623823,-1.));
#8257 = LINE('',#8258,#8259);
#8258 = CARTESIAN_POINT('',(61.165961645091,34.031631623823,-3.3));
#8259 = VECTOR('',#8260,1.);
#8260 = DIRECTION('',(0.,0.,1.));
#8261 = ORIENTED_EDGE('',*,*,#8262,.T.);
#8262 = EDGE_CURVE('',#8255,#8255,#8263,.T.);
#8263 = CIRCLE('',#8264,2.75);
#8264 = AXIS2_PLACEMENT_3D('',#8265,#8266,#8267);
#8265 = CARTESIAN_POINT('',(58.415961645091,34.031631623823,-1.));
#8266 = DIRECTION('',(0.,0.,-1.));
#8267 = DIRECTION('',(1.,0.,0.));
#8268 = ORIENTED_EDGE('',*,*,#8252,.F.);
#8269 = ORIENTED_EDGE('',*,*,#8270,.F.);
#8270 = EDGE_CURVE('',#8253,#8253,#8271,.T.);
#8271 = CIRCLE('',#8272,2.75);
#8272 = AXIS2_PLACEMENT_3D('',#8273,#8274,#8275);
#8273 = CARTESIAN_POINT('',(58.415961645091,34.031631623823,-3.3));
#8274 = DIRECTION('',(0.,0.,-1.));
#8275 = DIRECTION('',(1.,0.,0.));
#8276 = CYLINDRICAL_SURFACE('',#8277,2.75);
#8277 = AXIS2_PLACEMENT_3D('',#8278,#8279,#8280);
#8278 = CARTESIAN_POINT('',(58.415961645091,34.031631623823,-3.3));
#8279 = DIRECTION('',(0.,0.,-1.));
#8280 = DIRECTION('',(1.,0.,0.));
#8281 = ADVANCED_FACE('',(#8282),#8285,.F.);
#8282 = FACE_BOUND('',#8283,.T.);
#8283 = EDGE_LOOP('',(#8284));
#8284 = ORIENTED_EDGE('',*,*,#8270,.T.);
#8285 = PLANE('',#8286);
#8286 = AXIS2_PLACEMENT_3D('',#8287,#8288,#8289);
#8287 = CARTESIAN_POINT('',(26.561551423372,34.396181668605,-3.3));
#8288 = DIRECTION('',(0.,0.,1.));
#8289 = DIRECTION('',(1.,0.,0.));
#8290 = ADVANCED_FACE('',(#8291),#8294,.T.);
#8291 = FACE_BOUND('',#8292,.F.);
#8292 = EDGE_LOOP('',(#8293));
#8293 = ORIENTED_EDGE('',*,*,#8262,.T.);
#8294 = PLANE('',#8295);
#8295 = AXIS2_PLACEMENT_3D('',#8296,#8297,#8298);
#8296 = CARTESIAN_POINT('',(26.561551423372,34.396181668605,-1.));
#8297 = DIRECTION('',(0.,0.,1.));
#8298 = DIRECTION('',(1.,0.,0.));
#8299 = ORIENTED_CLOSED_SHELL('',*,#8300,.F.);
#8300 = CLOSED_SHELL('',(#8301,#8334,#8343));
#8301 = ADVANCED_FACE('',(#8302),#8329,.T.);
#8302 = FACE_BOUND('',#8303,.T.);
#8303 = EDGE_LOOP('',(#8304,#8314,#8321,#8322));
#8304 = ORIENTED_EDGE('',*,*,#8305,.T.);
#8305 = EDGE_CURVE('',#8306,#8308,#8310,.T.);
#8306 = VERTEX_POINT('',#8307);
#8307 = CARTESIAN_POINT('',(-2.82955128551,34.709462462036,-3.3));
#8308 = VERTEX_POINT('',#8309);
#8309 = CARTESIAN_POINT('',(-2.82955128551,34.709462462036,-1.));
#8310 = LINE('',#8311,#8312);
#8311 = CARTESIAN_POINT('',(-2.82955128551,34.709462462036,-3.3));
#8312 = VECTOR('',#8313,1.);
#8313 = DIRECTION('',(0.,0.,1.));
#8314 = ORIENTED_EDGE('',*,*,#8315,.T.);
#8315 = EDGE_CURVE('',#8308,#8308,#8316,.T.);
#8316 = CIRCLE('',#8317,2.75);
#8317 = AXIS2_PLACEMENT_3D('',#8318,#8319,#8320);
#8318 = CARTESIAN_POINT('',(-5.57955128551,34.709462462036,-1.));
#8319 = DIRECTION('',(0.,0.,-1.));
#8320 = DIRECTION('',(1.,0.,0.));
#8321 = ORIENTED_EDGE('',*,*,#8305,.F.);
#8322 = ORIENTED_EDGE('',*,*,#8323,.F.);
#8323 = EDGE_CURVE('',#8306,#8306,#8324,.T.);
#8324 = CIRCLE('',#8325,2.75);
#8325 = AXIS2_PLACEMENT_3D('',#8326,#8327,#8328);
#8326 = CARTESIAN_POINT('',(-5.57955128551,34.709462462036,-3.3));
#8327 = DIRECTION('',(0.,0.,-1.));
#8328 = DIRECTION('',(1.,0.,0.));
#8329 = CYLINDRICAL_SURFACE('',#8330,2.75);
#8330 = AXIS2_PLACEMENT_3D('',#8331,#8332,#8333);
#8331 = CARTESIAN_POINT('',(-5.57955128551,34.709462462036,-3.3));
#8332 = DIRECTION('',(0.,0.,-1.));
#8333 = DIRECTION('',(1.,0.,0.));
#8334 = ADVANCED_FACE('',(#8335),#8338,.F.);
#8335 = FACE_BOUND('',#8336,.T.);
#8336 = EDGE_LOOP('',(#8337));
#8337 = ORIENTED_EDGE('',*,*,#8323,.T.);
#8338 = PLANE('',#8339);
#8339 = AXIS2_PLACEMENT_3D('',#8340,#8341,#8342);
#8340 = CARTESIAN_POINT('',(26.561551423372,34.396181668605,-3.3));
#8341 = DIRECTION('',(0.,0.,1.));
#8342 = DIRECTION('',(1.,0.,0.));
#8343 = ADVANCED_FACE('',(#8344),#8347,.T.);
#8344 = FACE_BOUND('',#8345,.F.);
#8345 = EDGE_LOOP('',(#8346));
#8346 = ORIENTED_EDGE('',*,*,#8315,.T.);
#8347 = PLANE('',#8348);
#8348 = AXIS2_PLACEMENT_3D('',#8349,#8350,#8351);
#8349 = CARTESIAN_POINT('',(26.561551423372,34.396181668605,-1.));
#8350 = DIRECTION('',(0.,0.,1.));
#8351 = DIRECTION('',(1.,0.,0.));
#8352 = ORIENTED_CLOSED_SHELL('',*,#8353,.F.);
#8353 = CLOSED_SHELL('',(#8354,#8387,#8396));
#8354 = ADVANCED_FACE('',(#8355),#8382,.T.);
#8355 = FACE_BOUND('',#8356,.T.);
#8356 = EDGE_LOOP('',(#8357,#8367,#8374,#8375));
#8357 = ORIENTED_EDGE('',*,*,#8358,.T.);
#8358 = EDGE_CURVE('',#8359,#8361,#8363,.T.);
#8359 = VERTEX_POINT('',#8360);
#8360 = CARTESIAN_POINT('',(6.723037934251,57.346444133596,-3.3));
#8361 = VERTEX_POINT('',#8362);
#8362 = CARTESIAN_POINT('',(6.723037934251,57.346444133596,-1.));
#8363 = LINE('',#8364,#8365);
#8364 = CARTESIAN_POINT('',(6.723037934251,57.346444133596,-3.3));
#8365 = VECTOR('',#8366,1.);
#8366 = DIRECTION('',(0.,0.,1.));
#8367 = ORIENTED_EDGE('',*,*,#8368,.T.);
#8368 = EDGE_CURVE('',#8361,#8361,#8369,.T.);
#8369 = CIRCLE('',#8370,2.75);
#8370 = AXIS2_PLACEMENT_3D('',#8371,#8372,#8373);
#8371 = CARTESIAN_POINT('',(3.973037934251,57.346444133596,-1.));
#8372 = DIRECTION('',(0.,0.,-1.));
#8373 = DIRECTION('',(1.,0.,0.));
#8374 = ORIENTED_EDGE('',*,*,#8358,.F.);
#8375 = ORIENTED_EDGE('',*,*,#8376,.F.);
#8376 = EDGE_CURVE('',#8359,#8359,#8377,.T.);
#8377 = CIRCLE('',#8378,2.75);
#8378 = AXIS2_PLACEMENT_3D('',#8379,#8380,#8381);
#8379 = CARTESIAN_POINT('',(3.973037934251,57.346444133596,-3.3));
#8380 = DIRECTION('',(0.,0.,-1.));
#8381 = DIRECTION('',(1.,0.,0.));
#8382 = CYLINDRICAL_SURFACE('',#8383,2.75);
#8383 = AXIS2_PLACEMENT_3D('',#8384,#8385,#8386);
#8384 = CARTESIAN_POINT('',(3.973037934251,57.346444133596,-3.3));
#8385 = DIRECTION('',(0.,0.,-1.));
#8386 = DIRECTION('',(1.,0.,0.));
#8387 = ADVANCED_FACE('',(#8388),#8391,.F.);
#8388 = FACE_BOUND('',#8389,.T.);
#8389 = EDGE_LOOP('',(#8390));
#8390 = ORIENTED_EDGE('',*,*,#8376,.T.);
#8391 = PLANE('',#8392);
#8392 = AXIS2_PLACEMENT_3D('',#8393,#8394,#8395);
#8393 = CARTESIAN_POINT('',(26.561551423372,34.396181668605,-3.3));
#8394 = DIRECTION('',(0.,0.,1.));
#8395 = DIRECTION('',(1.,0.,0.));
#8396 = ADVANCED_FACE('',(#8397),#8400,.T.);
#8397 = FACE_BOUND('',#8398,.F.);
#8398 = EDGE_LOOP('',(#8399));
#8399 = ORIENTED_EDGE('',*,*,#8368,.T.);
#8400 = PLANE('',#8401);
#8401 = AXIS2_PLACEMENT_3D('',#8402,#8403,#8404);
#8402 = CARTESIAN_POINT('',(26.561551423372,34.396181668605,-1.));
#8403 = DIRECTION('',(0.,0.,1.));
#8404 = DIRECTION('',(1.,0.,0.));
#8405 = ORIENTED_CLOSED_SHELL('',*,#8406,.F.);
#8406 = CLOSED_SHELL('',(#8407,#8440,#8449));
#8407 = ADVANCED_FACE('',(#8408),#8435,.T.);
#8408 = FACE_BOUND('',#8409,.T.);
#8409 = EDGE_LOOP('',(#8410,#8420,#8427,#8428));
#8410 = ORIENTED_EDGE('',*,*,#8411,.T.);
#8411 = EDGE_CURVE('',#8412,#8414,#8416,.T.);
#8412 = VERTEX_POINT('',#8413);
#8413 = CARTESIAN_POINT('',(29.508920171556,66.538205154623,-3.3));
#8414 = VERTEX_POINT('',#8415);
#8415 = CARTESIAN_POINT('',(29.508920171556,66.538205154623,-1.));
#8416 = LINE('',#8417,#8418);
#8417 = CARTESIAN_POINT('',(29.508920171556,66.538205154623,-3.3));
#8418 = VECTOR('',#8419,1.);
#8419 = DIRECTION('',(0.,0.,1.));
#8420 = ORIENTED_EDGE('',*,*,#8421,.T.);
#8421 = EDGE_CURVE('',#8414,#8414,#8422,.T.);
#8422 = CIRCLE('',#8423,2.75);
#8423 = AXIS2_PLACEMENT_3D('',#8424,#8425,#8426);
#8424 = CARTESIAN_POINT('',(26.758920171556,66.538205154623,-1.));
#8425 = DIRECTION('',(0.,0.,-1.));
#8426 = DIRECTION('',(1.,0.,0.));
#8427 = ORIENTED_EDGE('',*,*,#8411,.F.);
#8428 = ORIENTED_EDGE('',*,*,#8429,.F.);
#8429 = EDGE_CURVE('',#8412,#8412,#8430,.T.);
#8430 = CIRCLE('',#8431,2.75);
#8431 = AXIS2_PLACEMENT_3D('',#8432,#8433,#8434);
#8432 = CARTESIAN_POINT('',(26.758920171556,66.538205154623,-3.3));
#8433 = DIRECTION('',(0.,0.,-1.));
#8434 = DIRECTION('',(1.,0.,0.));
#8435 = CYLINDRICAL_SURFACE('',#8436,2.75);
#8436 = AXIS2_PLACEMENT_3D('',#8437,#8438,#8439);
#8437 = CARTESIAN_POINT('',(26.758920171556,66.538205154623,-3.3));
#8438 = DIRECTION('',(0.,0.,-1.));
#8439 = DIRECTION('',(1.,0.,0.));
#8440 = ADVANCED_FACE('',(#8441),#8444,.F.);
#8441 = FACE_BOUND('',#8442,.T.);
#8442 = EDGE_LOOP('',(#8443));
#8443 = ORIENTED_EDGE('',*,*,#8429,.T.);
#8444 = PLANE('',#8445);
#8445 = AXIS2_PLACEMENT_3D('',#8446,#8447,#8448);
#8446 = CARTESIAN_POINT('',(26.561551423372,34.396181668605,-3.3));
#8447 = DIRECTION('',(0.,0.,1.));
#8448 = DIRECTION('',(1.,0.,0.));
#8449 = ADVANCED_FACE('',(#8450),#8453,.T.);
#8450 = FACE_BOUND('',#8451,.F.);
#8451 = EDGE_LOOP('',(#8452));
#8452 = ORIENTED_EDGE('',*,*,#8421,.T.);
#8453 = PLANE('',#8454);
#8454 = AXIS2_PLACEMENT_3D('',#8455,#8456,#8457);
#8455 = CARTESIAN_POINT('',(26.561551423372,34.396181668605,-1.));
#8456 = DIRECTION('',(0.,0.,1.));
#8457 = DIRECTION('',(1.,0.,0.));
#8458 = ORIENTED_CLOSED_SHELL('',*,#8459,.F.);
#8459 = CLOSED_SHELL('',(#8460,#8493,#8502));
#8460 = ADVANCED_FACE('',(#8461),#8488,.T.);
#8461 = FACE_BOUND('',#8462,.T.);
#8462 = EDGE_LOOP('',(#8463,#8473,#8480,#8481));
#8463 = ORIENTED_EDGE('',*,*,#8464,.T.);
#8464 = EDGE_CURVE('',#8465,#8467,#8469,.T.);
#8465 = VERTEX_POINT('',#8466);
#8466 = CARTESIAN_POINT('',(52.094996754688,56.865871176677,-3.3));
#8467 = VERTEX_POINT('',#8468);
#8468 = CARTESIAN_POINT('',(52.094996754688,56.865871176677,-1.));
#8469 = LINE('',#8470,#8471);
#8470 = CARTESIAN_POINT('',(52.094996754688,56.865871176677,-3.3));
#8471 = VECTOR('',#8472,1.);
#8472 = DIRECTION('',(0.,0.,1.));
#8473 = ORIENTED_EDGE('',*,*,#8474,.T.);
#8474 = EDGE_CURVE('',#8467,#8467,#8475,.T.);
#8475 = CIRCLE('',#8476,2.75);
#8476 = AXIS2_PLACEMENT_3D('',#8477,#8478,#8479);
#8477 = CARTESIAN_POINT('',(49.344996754688,56.865871176677,-1.));
#8478 = DIRECTION('',(0.,0.,-1.));
#8479 = DIRECTION('',(1.,0.,0.));
#8480 = ORIENTED_EDGE('',*,*,#8464,.F.);
#8481 = ORIENTED_EDGE('',*,*,#8482,.F.);
#8482 = EDGE_CURVE('',#8465,#8465,#8483,.T.);
#8483 = CIRCLE('',#8484,2.75);
#8484 = AXIS2_PLACEMENT_3D('',#8485,#8486,#8487);
#8485 = CARTESIAN_POINT('',(49.344996754688,56.865871176677,-3.3));
#8486 = DIRECTION('',(0.,0.,-1.));
#8487 = DIRECTION('',(1.,0.,0.));
#8488 = CYLINDRICAL_SURFACE('',#8489,2.75);
#8489 = AXIS2_PLACEMENT_3D('',#8490,#8491,#8492);
#8490 = CARTESIAN_POINT('',(49.344996754688,56.865871176677,-3.3));
#8491 = DIRECTION('',(0.,0.,-1.));
#8492 = DIRECTION('',(1.,0.,0.));
#8493 = ADVANCED_FACE('',(#8494),#8497,.F.);
#8494 = FACE_BOUND('',#8495,.T.);
#8495 = EDGE_LOOP('',(#8496));
#8496 = ORIENTED_EDGE('',*,*,#8482,.T.);
#8497 = PLANE('',#8498);
#8498 = AXIS2_PLACEMENT_3D('',#8499,#8500,#8501);
#8499 = CARTESIAN_POINT('',(26.561551423372,34.396181668605,-3.3));
#8500 = DIRECTION('',(0.,0.,1.));
#8501 = DIRECTION('',(1.,0.,0.));
#8502 = ADVANCED_FACE('',(#8503),#8506,.T.);
#8503 = FACE_BOUND('',#8504,.F.);
#8504 = EDGE_LOOP('',(#8505));
#8505 = ORIENTED_EDGE('',*,*,#8474,.T.);
#8506 = PLANE('',#8507);
#8507 = AXIS2_PLACEMENT_3D('',#8508,#8509,#8510);
#8508 = CARTESIAN_POINT('',(26.561551423372,34.396181668605,-1.));
#8509 = DIRECTION('',(0.,0.,1.));
#8510 = DIRECTION('',(1.,0.,0.));
#8511 = ( GEOMETRIC_REPRESENTATION_CONTEXT(3) 
GLOBAL_UNCERTAINTY_ASSIGNED_CONTEXT((#8515)) 
GLOBAL_UNIT_ASSIGNED_CONTEXT((#8512,#8513,#8514)) REPRESENTATION_CONTEXT
('Context #1','3D Context with UNIT and UNCERTAINTY') );
#8512 = ( LENGTH_UNIT() NAMED_UNIT(*) SI_UNIT(.MILLI.,.METRE.) );
#8513 = ( NAMED_UNIT(*) PLANE_ANGLE_UNIT() SI_UNIT($,.RADIAN.) );
#8514 = ( NAMED_UNIT(*) SI_UNIT($,.STERADIAN.) SOLID_ANGLE_UNIT() );
#8515 = UNCERTAINTY_MEASURE_WITH_UNIT(LENGTH_MEASURE(1.E-07),#8512,
  'distance_accuracy_value','confusion accuracy');
#8516 = CONTEXT_DEPENDENT_SHAPE_REPRESENTATION(#8517,#8519);
#8517 = ( REPRESENTATION_RELATIONSHIP('','',#8033,#10) 
REPRESENTATION_RELATIONSHIP_WITH_TRANSFORMATION(#8518) 
SHAPE_REPRESENTATION_RELATIONSHIP() );
#8518 = ITEM_DEFINED_TRANSFORMATION('','',#11,#27);
#8519 = PRODUCT_DEFINITION_SHAPE('Placement','Placement of an item',
  #8520);
#8520 = NEXT_ASSEMBLY_USAGE_OCCURRENCE('4','Coaster','',#5,#8028,$);
#8521 = PRODUCT_RELATED_PRODUCT_CATEGORY('part',$,(#8030));
#8522 = SHAPE_DEFINITION_REPRESENTATION(#8523,#8529);
#8523 = PRODUCT_DEFINITION_SHAPE('','',#8524);
#8524 = PRODUCT_DEFINITION('design','',#8525,#8528);
#8525 = PRODUCT_DEFINITION_FORMATION('','',#8526);
#8526 = PRODUCT('Servoholder','Servoholder','',(#8527));
#8527 = PRODUCT_CONTEXT('',#2,'mechanical');
#8528 = PRODUCT_DEFINITION_CONTEXT('part definition',#2,'design');
#8529 = ADVANCED_BREP_SHAPE_REPRESENTATION('',(#11,#8530),#8980);
#8530 = MANIFOLD_SOLID_BREP('',#8531);
#8531 = CLOSED_SHELL('',(#8532,#8594,#8625,#8703,#8781,#8798,#8823,#8848
    ,#8865,#8882,#8899,#8916,#8928,#8945,#8962,#8971));
#8532 = ADVANCED_FACE('',(#8533,#8567,#8578),#8589,.T.);
#8533 = FACE_BOUND('',#8534,.T.);
#8534 = EDGE_LOOP('',(#8535,#8545,#8553,#8561));
#8535 = ORIENTED_EDGE('',*,*,#8536,.F.);
#8536 = EDGE_CURVE('',#8537,#8539,#8541,.T.);
#8537 = VERTEX_POINT('',#8538);
#8538 = CARTESIAN_POINT('',(52.5,55.75,35.));
#8539 = VERTEX_POINT('',#8540);
#8540 = CARTESIAN_POINT('',(46.5,55.75,35.));
#8541 = LINE('',#8542,#8543);
#8542 = CARTESIAN_POINT('',(52.5,55.75,35.));
#8543 = VECTOR('',#8544,1.);
#8544 = DIRECTION('',(-1.,0.,0.));
#8545 = ORIENTED_EDGE('',*,*,#8546,.F.);
#8546 = EDGE_CURVE('',#8547,#8537,#8549,.T.);
#8547 = VERTEX_POINT('',#8548);
#8548 = CARTESIAN_POINT('',(52.5,24.25,35.));
#8549 = LINE('',#8550,#8551);
#8550 = CARTESIAN_POINT('',(52.5,24.25,35.));
#8551 = VECTOR('',#8552,1.);
#8552 = DIRECTION('',(0.,1.,0.));
#8553 = ORIENTED_EDGE('',*,*,#8554,.F.);
#8554 = EDGE_CURVE('',#8555,#8547,#8557,.T.);
#8555 = VERTEX_POINT('',#8556);
#8556 = CARTESIAN_POINT('',(46.5,24.25,35.));
#8557 = LINE('',#8558,#8559);
#8558 = CARTESIAN_POINT('',(46.5,24.25,35.));
#8559 = VECTOR('',#8560,1.);
#8560 = DIRECTION('',(1.,0.,0.));
#8561 = ORIENTED_EDGE('',*,*,#8562,.F.);
#8562 = EDGE_CURVE('',#8539,#8555,#8563,.T.);
#8563 = LINE('',#8564,#8565);
#8564 = CARTESIAN_POINT('',(46.5,55.75,35.));
#8565 = VECTOR('',#8566,1.);
#8566 = DIRECTION('',(2.3E-16,-1.,0.));
#8567 = FACE_BOUND('',#8568,.T.);
#8568 = EDGE_LOOP('',(#8569));
#8569 = ORIENTED_EDGE('',*,*,#8570,.F.);
#8570 = EDGE_CURVE('',#8571,#8571,#8573,.T.);
#8571 = VERTEX_POINT('',#8572);
#8572 = CARTESIAN_POINT('',(50.5,32.125,35.));
#8573 = CIRCLE('',#8574,1.);
#8574 = AXIS2_PLACEMENT_3D('',#8575,#8576,#8577);
#8575 = CARTESIAN_POINT('',(49.5,32.125,35.));
#8576 = DIRECTION('',(0.,0.,-1.));
#8577 = DIRECTION('',(1.,0.,0.));
#8578 = FACE_BOUND('',#8579,.T.);
#8579 = EDGE_LOOP('',(#8580));
#8580 = ORIENTED_EDGE('',*,*,#8581,.F.);
#8581 = EDGE_CURVE('',#8582,#8582,#8584,.T.);
#8582 = VERTEX_POINT('',#8583);
#8583 = CARTESIAN_POINT('',(50.5,47.875,35.));
#8584 = CIRCLE('',#8585,1.);
#8585 = AXIS2_PLACEMENT_3D('',#8586,#8587,#8588);
#8586 = CARTESIAN_POINT('',(49.5,47.875,35.));
#8587 = DIRECTION('',(0.,0.,-1.));
#8588 = DIRECTION('',(1.,0.,0.));
#8589 = PLANE('',#8590);
#8590 = AXIS2_PLACEMENT_3D('',#8591,#8592,#8593);
#8591 = CARTESIAN_POINT('',(49.5,40.,35.));
#8592 = DIRECTION('',(-0.,-0.,-1.));
#8593 = DIRECTION('',(-1.,0.,0.));
#8594 = ADVANCED_FACE('',(#8595),#8620,.T.);
#8595 = FACE_BOUND('',#8596,.T.);
#8596 = EDGE_LOOP('',(#8597,#8605,#8606,#8614));
#8597 = ORIENTED_EDGE('',*,*,#8598,.F.);
#8598 = EDGE_CURVE('',#8537,#8599,#8601,.T.);
#8599 = VERTEX_POINT('',#8600);
#8600 = CARTESIAN_POINT('',(52.5,55.75,59.));
#8601 = LINE('',#8602,#8603);
#8602 = CARTESIAN_POINT('',(52.5,55.75,35.));
#8603 = VECTOR('',#8604,1.);
#8604 = DIRECTION('',(0.,0.,1.));
#8605 = ORIENTED_EDGE('',*,*,#8536,.T.);
#8606 = ORIENTED_EDGE('',*,*,#8607,.T.);
#8607 = EDGE_CURVE('',#8539,#8608,#8610,.T.);
#8608 = VERTEX_POINT('',#8609);
#8609 = CARTESIAN_POINT('',(46.5,55.75,59.));
#8610 = LINE('',#8611,#8612);
#8611 = CARTESIAN_POINT('',(46.5,55.75,48.));
#8612 = VECTOR('',#8613,1.);
#8613 = DIRECTION('',(0.,0.,1.));
#8614 = ORIENTED_EDGE('',*,*,#8615,.F.);
#8615 = EDGE_CURVE('',#8599,#8608,#8616,.T.);
#8616 = LINE('',#8617,#8618);
#8617 = CARTESIAN_POINT('',(52.5,55.75,59.));
#8618 = VECTOR('',#8619,1.);
#8619 = DIRECTION('',(-1.,0.,0.));
#8620 = PLANE('',#8621);
#8621 = AXIS2_PLACEMENT_3D('',#8622,#8623,#8624);
#8622 = CARTESIAN_POINT('',(49.5,55.75,47.));
#8623 = DIRECTION('',(0.,1.,3.9E-16));
#8624 = DIRECTION('',(0.,-3.9E-16,1.));
#8625 = ADVANCED_FACE('',(#8626,#8676,#8687),#8698,.T.);
#8626 = FACE_BOUND('',#8627,.T.);
#8627 = EDGE_LOOP('',(#8628,#8629,#8630,#8638,#8646,#8654,#8662,#8670));
#8628 = ORIENTED_EDGE('',*,*,#8546,.T.);
#8629 = ORIENTED_EDGE('',*,*,#8598,.T.);
#8630 = ORIENTED_EDGE('',*,*,#8631,.F.);
#8631 = EDGE_CURVE('',#8632,#8599,#8634,.T.);
#8632 = VERTEX_POINT('',#8633);
#8633 = CARTESIAN_POINT('',(52.5,51.55,59.));
#8634 = LINE('',#8635,#8636);
#8635 = CARTESIAN_POINT('',(52.5,51.55,59.));
#8636 = VECTOR('',#8637,1.);
#8637 = DIRECTION('',(1.69E-15,1.,0.));
#8638 = ORIENTED_EDGE('',*,*,#8639,.F.);
#8639 = EDGE_CURVE('',#8640,#8632,#8642,.T.);
#8640 = VERTEX_POINT('',#8641);
#8641 = CARTESIAN_POINT('',(52.5,51.55,48.));
#8642 = LINE('',#8643,#8644);
#8643 = CARTESIAN_POINT('',(52.5,51.55,48.));
#8644 = VECTOR('',#8645,1.);
#8645 = DIRECTION('',(0.,0.,1.));
#8646 = ORIENTED_EDGE('',*,*,#8647,.F.);
#8647 = EDGE_CURVE('',#8648,#8640,#8650,.T.);
#8648 = VERTEX_POINT('',#8649);
#8649 = CARTESIAN_POINT('',(52.5,28.45,48.));
#8650 = LINE('',#8651,#8652);
#8651 = CARTESIAN_POINT('',(52.5,24.25,48.));
#8652 = VECTOR('',#8653,1.);
#8653 = DIRECTION('',(0.,1.,0.));
#8654 = ORIENTED_EDGE('',*,*,#8655,.T.);
#8655 = EDGE_CURVE('',#8648,#8656,#8658,.T.);
#8656 = VERTEX_POINT('',#8657);
#8657 = CARTESIAN_POINT('',(52.5,28.45,59.));
#8658 = LINE('',#8659,#8660);
#8659 = CARTESIAN_POINT('',(52.5,28.45,48.));
#8660 = VECTOR('',#8661,1.);
#8661 = DIRECTION('',(0.,0.,1.));
#8662 = ORIENTED_EDGE('',*,*,#8663,.F.);
#8663 = EDGE_CURVE('',#8664,#8656,#8666,.T.);
#8664 = VERTEX_POINT('',#8665);
#8665 = CARTESIAN_POINT('',(52.5,24.25,59.));
#8666 = LINE('',#8667,#8668);
#8667 = CARTESIAN_POINT('',(52.5,24.25,59.));
#8668 = VECTOR('',#8669,1.);
#8669 = DIRECTION('',(-1.69E-15,1.,0.));
#8670 = ORIENTED_EDGE('',*,*,#8671,.F.);
#8671 = EDGE_CURVE('',#8547,#8664,#8672,.T.);
#8672 = LINE('',#8673,#8674);
#8673 = CARTESIAN_POINT('',(52.5,24.25,35.));
#8674 = VECTOR('',#8675,1.);
#8675 = DIRECTION('',(0.,0.,1.));
#8676 = FACE_BOUND('',#8677,.T.);
#8677 = EDGE_LOOP('',(#8678));
#8678 = ORIENTED_EDGE('',*,*,#8679,.T.);
#8679 = EDGE_CURVE('',#8680,#8680,#8682,.T.);
#8680 = VERTEX_POINT('',#8681);
#8681 = CARTESIAN_POINT('',(52.5,53.,54.));
#8682 = CIRCLE('',#8683,1.);
#8683 = AXIS2_PLACEMENT_3D('',#8684,#8685,#8686);
#8684 = CARTESIAN_POINT('',(52.5,54.,54.));
#8685 = DIRECTION('',(-1.,0.,0.));
#8686 = DIRECTION('',(0.,-1.,0.));
#8687 = FACE_BOUND('',#8688,.T.);
#8688 = EDGE_LOOP('',(#8689));
#8689 = ORIENTED_EDGE('',*,*,#8690,.T.);
#8690 = EDGE_CURVE('',#8691,#8691,#8693,.T.);
#8691 = VERTEX_POINT('',#8692);
#8692 = CARTESIAN_POINT('',(52.5,25.,54.));
#8693 = CIRCLE('',#8694,1.);
#8694 = AXIS2_PLACEMENT_3D('',#8695,#8696,#8697);
#8695 = CARTESIAN_POINT('',(52.5,26.,54.));
#8696 = DIRECTION('',(-1.,0.,0.));
#8697 = DIRECTION('',(0.,-1.,0.));
#8698 = PLANE('',#8699);
#8699 = AXIS2_PLACEMENT_3D('',#8700,#8701,#8702);
#8700 = CARTESIAN_POINT('',(52.5,40.,46.164661654135));
#8701 = DIRECTION('',(1.,0.,0.));
#8702 = DIRECTION('',(0.,0.,1.));
#8703 = ADVANCED_FACE('',(#8704,#8754,#8765),#8776,.T.);
#8704 = FACE_BOUND('',#8705,.T.);
#8705 = EDGE_LOOP('',(#8706,#8707,#8715,#8723,#8731,#8739,#8747,#8753));
#8706 = ORIENTED_EDGE('',*,*,#8562,.T.);
#8707 = ORIENTED_EDGE('',*,*,#8708,.T.);
#8708 = EDGE_CURVE('',#8555,#8709,#8711,.T.);
#8709 = VERTEX_POINT('',#8710);
#8710 = CARTESIAN_POINT('',(46.5,24.25,59.));
#8711 = LINE('',#8712,#8713);
#8712 = CARTESIAN_POINT('',(46.5,24.25,48.));
#8713 = VECTOR('',#8714,1.);
#8714 = DIRECTION('',(0.,0.,1.));
#8715 = ORIENTED_EDGE('',*,*,#8716,.T.);
#8716 = EDGE_CURVE('',#8709,#8717,#8719,.T.);
#8717 = VERTEX_POINT('',#8718);
#8718 = CARTESIAN_POINT('',(46.5,28.45,59.));
#8719 = LINE('',#8720,#8721);
#8720 = CARTESIAN_POINT('',(46.5,24.25,59.));
#8721 = VECTOR('',#8722,1.);
#8722 = DIRECTION('',(1.69E-15,1.,0.));
#8723 = ORIENTED_EDGE('',*,*,#8724,.F.);
#8724 = EDGE_CURVE('',#8725,#8717,#8727,.T.);
#8725 = VERTEX_POINT('',#8726);
#8726 = CARTESIAN_POINT('',(46.5,28.45,48.));
#8727 = LINE('',#8728,#8729);
#8728 = CARTESIAN_POINT('',(46.5,28.45,48.));
#8729 = VECTOR('',#8730,1.);
#8730 = DIRECTION('',(0.,0.,1.));
#8731 = ORIENTED_EDGE('',*,*,#8732,.F.);
#8732 = EDGE_CURVE('',#8733,#8725,#8735,.T.);
#8733 = VERTEX_POINT('',#8734);
#8734 = CARTESIAN_POINT('',(46.5,51.55,48.));
#8735 = LINE('',#8736,#8737);
#8736 = CARTESIAN_POINT('',(46.5,55.75,48.));
#8737 = VECTOR('',#8738,1.);
#8738 = DIRECTION('',(2.3E-16,-1.,0.));
#8739 = ORIENTED_EDGE('',*,*,#8740,.T.);
#8740 = EDGE_CURVE('',#8733,#8741,#8743,.T.);
#8741 = VERTEX_POINT('',#8742);
#8742 = CARTESIAN_POINT('',(46.5,51.55,59.));
#8743 = LINE('',#8744,#8745);
#8744 = CARTESIAN_POINT('',(46.5,51.55,48.));
#8745 = VECTOR('',#8746,1.);
#8746 = DIRECTION('',(0.,0.,1.));
#8747 = ORIENTED_EDGE('',*,*,#8748,.F.);
#8748 = EDGE_CURVE('',#8608,#8741,#8749,.T.);
#8749 = LINE('',#8750,#8751);
#8750 = CARTESIAN_POINT('',(46.5,55.75,59.));
#8751 = VECTOR('',#8752,1.);
#8752 = DIRECTION('',(3.38E-15,-1.,0.));
#8753 = ORIENTED_EDGE('',*,*,#8607,.F.);
#8754 = FACE_BOUND('',#8755,.T.);
#8755 = EDGE_LOOP('',(#8756));
#8756 = ORIENTED_EDGE('',*,*,#8757,.F.);
#8757 = EDGE_CURVE('',#8758,#8758,#8760,.T.);
#8758 = VERTEX_POINT('',#8759);
#8759 = CARTESIAN_POINT('',(46.5,53.,54.));
#8760 = CIRCLE('',#8761,1.);
#8761 = AXIS2_PLACEMENT_3D('',#8762,#8763,#8764);
#8762 = CARTESIAN_POINT('',(46.5,54.,54.));
#8763 = DIRECTION('',(-1.,0.,0.));
#8764 = DIRECTION('',(0.,-1.,0.));
#8765 = FACE_BOUND('',#8766,.T.);
#8766 = EDGE_LOOP('',(#8767));
#8767 = ORIENTED_EDGE('',*,*,#8768,.F.);
#8768 = EDGE_CURVE('',#8769,#8769,#8771,.T.);
#8769 = VERTEX_POINT('',#8770);
#8770 = CARTESIAN_POINT('',(46.5,25.,54.));
#8771 = CIRCLE('',#8772,1.);
#8772 = AXIS2_PLACEMENT_3D('',#8773,#8774,#8775);
#8773 = CARTESIAN_POINT('',(46.5,26.,54.));
#8774 = DIRECTION('',(-1.,0.,0.));
#8775 = DIRECTION('',(0.,-1.,0.));
#8776 = PLANE('',#8777);
#8777 = AXIS2_PLACEMENT_3D('',#8778,#8779,#8780);
#8778 = CARTESIAN_POINT('',(46.5,40.,46.164661654135));
#8779 = DIRECTION('',(-1.,-0.,-0.));
#8780 = DIRECTION('',(0.,0.,-1.));
#8781 = ADVANCED_FACE('',(#8782),#8793,.T.);
#8782 = FACE_BOUND('',#8783,.T.);
#8783 = EDGE_LOOP('',(#8784,#8785,#8786,#8792));
#8784 = ORIENTED_EDGE('',*,*,#8554,.T.);
#8785 = ORIENTED_EDGE('',*,*,#8671,.T.);
#8786 = ORIENTED_EDGE('',*,*,#8787,.F.);
#8787 = EDGE_CURVE('',#8709,#8664,#8788,.T.);
#8788 = LINE('',#8789,#8790);
#8789 = CARTESIAN_POINT('',(46.5,24.25,59.));
#8790 = VECTOR('',#8791,1.);
#8791 = DIRECTION('',(1.,0.,0.));
#8792 = ORIENTED_EDGE('',*,*,#8708,.F.);
#8793 = PLANE('',#8794);
#8794 = AXIS2_PLACEMENT_3D('',#8795,#8796,#8797);
#8795 = CARTESIAN_POINT('',(49.5,24.25,47.));
#8796 = DIRECTION('',(-0.,-1.,-2.9E-16));
#8797 = DIRECTION('',(0.,2.9E-16,-1.));
#8798 = ADVANCED_FACE('',(#8799),#8818,.F.);
#8799 = FACE_BOUND('',#8800,.F.);
#8800 = EDGE_LOOP('',(#8801,#8809,#8816,#8817));
#8801 = ORIENTED_EDGE('',*,*,#8802,.T.);
#8802 = EDGE_CURVE('',#8571,#8803,#8805,.T.);
#8803 = VERTEX_POINT('',#8804);
#8804 = CARTESIAN_POINT('',(50.5,32.125,40.));
#8805 = LINE('',#8806,#8807);
#8806 = CARTESIAN_POINT('',(50.5,32.125,35.));
#8807 = VECTOR('',#8808,1.);
#8808 = DIRECTION('',(0.,0.,1.));
#8809 = ORIENTED_EDGE('',*,*,#8810,.T.);
#8810 = EDGE_CURVE('',#8803,#8803,#8811,.T.);
#8811 = CIRCLE('',#8812,1.);
#8812 = AXIS2_PLACEMENT_3D('',#8813,#8814,#8815);
#8813 = CARTESIAN_POINT('',(49.5,32.125,40.));
#8814 = DIRECTION('',(0.,0.,-1.));
#8815 = DIRECTION('',(1.,0.,0.));
#8816 = ORIENTED_EDGE('',*,*,#8802,.F.);
#8817 = ORIENTED_EDGE('',*,*,#8570,.F.);
#8818 = CYLINDRICAL_SURFACE('',#8819,1.);
#8819 = AXIS2_PLACEMENT_3D('',#8820,#8821,#8822);
#8820 = CARTESIAN_POINT('',(49.5,32.125,35.));
#8821 = DIRECTION('',(0.,0.,-1.));
#8822 = DIRECTION('',(1.,0.,0.));
#8823 = ADVANCED_FACE('',(#8824),#8843,.F.);
#8824 = FACE_BOUND('',#8825,.F.);
#8825 = EDGE_LOOP('',(#8826,#8834,#8841,#8842));
#8826 = ORIENTED_EDGE('',*,*,#8827,.T.);
#8827 = EDGE_CURVE('',#8582,#8828,#8830,.T.);
#8828 = VERTEX_POINT('',#8829);
#8829 = CARTESIAN_POINT('',(50.5,47.875,40.));
#8830 = LINE('',#8831,#8832);
#8831 = CARTESIAN_POINT('',(50.5,47.875,35.));
#8832 = VECTOR('',#8833,1.);
#8833 = DIRECTION('',(0.,0.,1.));
#8834 = ORIENTED_EDGE('',*,*,#8835,.T.);
#8835 = EDGE_CURVE('',#8828,#8828,#8836,.T.);
#8836 = CIRCLE('',#8837,1.);
#8837 = AXIS2_PLACEMENT_3D('',#8838,#8839,#8840);
#8838 = CARTESIAN_POINT('',(49.5,47.875,40.));
#8839 = DIRECTION('',(0.,0.,-1.));
#8840 = DIRECTION('',(1.,0.,0.));
#8841 = ORIENTED_EDGE('',*,*,#8827,.F.);
#8842 = ORIENTED_EDGE('',*,*,#8581,.F.);
#8843 = CYLINDRICAL_SURFACE('',#8844,1.);
#8844 = AXIS2_PLACEMENT_3D('',#8845,#8846,#8847);
#8845 = CARTESIAN_POINT('',(49.5,47.875,35.));
#8846 = DIRECTION('',(0.,0.,-1.));
#8847 = DIRECTION('',(1.,0.,0.));
#8848 = ADVANCED_FACE('',(#8849),#8860,.T.);
#8849 = FACE_BOUND('',#8850,.T.);
#8850 = EDGE_LOOP('',(#8851,#8852,#8853,#8854));
#8851 = ORIENTED_EDGE('',*,*,#8631,.T.);
#8852 = ORIENTED_EDGE('',*,*,#8615,.T.);
#8853 = ORIENTED_EDGE('',*,*,#8748,.T.);
#8854 = ORIENTED_EDGE('',*,*,#8855,.F.);
#8855 = EDGE_CURVE('',#8632,#8741,#8856,.T.);
#8856 = LINE('',#8857,#8858);
#8857 = CARTESIAN_POINT('',(52.5,51.55,59.));
#8858 = VECTOR('',#8859,1.);
#8859 = DIRECTION('',(-1.,0.,0.));
#8860 = PLANE('',#8861);
#8861 = AXIS2_PLACEMENT_3D('',#8862,#8863,#8864);
#8862 = CARTESIAN_POINT('',(49.5,40.,59.));
#8863 = DIRECTION('',(0.,0.,1.));
#8864 = DIRECTION('',(1.,0.,0.));
#8865 = ADVANCED_FACE('',(#8866),#8877,.T.);
#8866 = FACE_BOUND('',#8867,.F.);
#8867 = EDGE_LOOP('',(#8868,#8869,#8870,#8876));
#8868 = ORIENTED_EDGE('',*,*,#8787,.F.);
#8869 = ORIENTED_EDGE('',*,*,#8716,.T.);
#8870 = ORIENTED_EDGE('',*,*,#8871,.T.);
#8871 = EDGE_CURVE('',#8717,#8656,#8872,.T.);
#8872 = LINE('',#8873,#8874);
#8873 = CARTESIAN_POINT('',(46.5,28.45,59.));
#8874 = VECTOR('',#8875,1.);
#8875 = DIRECTION('',(1.,0.,0.));
#8876 = ORIENTED_EDGE('',*,*,#8663,.F.);
#8877 = PLANE('',#8878);
#8878 = AXIS2_PLACEMENT_3D('',#8879,#8880,#8881);
#8879 = CARTESIAN_POINT('',(49.5,40.,59.));
#8880 = DIRECTION('',(0.,0.,1.));
#8881 = DIRECTION('',(1.,0.,0.));
#8882 = ADVANCED_FACE('',(#8883),#8894,.T.);
#8883 = FACE_BOUND('',#8884,.T.);
#8884 = EDGE_LOOP('',(#8885,#8886,#8887,#8888));
#8885 = ORIENTED_EDGE('',*,*,#8724,.T.);
#8886 = ORIENTED_EDGE('',*,*,#8871,.T.);
#8887 = ORIENTED_EDGE('',*,*,#8655,.F.);
#8888 = ORIENTED_EDGE('',*,*,#8889,.F.);
#8889 = EDGE_CURVE('',#8725,#8648,#8890,.T.);
#8890 = LINE('',#8891,#8892);
#8891 = CARTESIAN_POINT('',(46.5,28.45,48.));
#8892 = VECTOR('',#8893,1.);
#8893 = DIRECTION('',(1.,0.,0.));
#8894 = PLANE('',#8895);
#8895 = AXIS2_PLACEMENT_3D('',#8896,#8897,#8898);
#8896 = CARTESIAN_POINT('',(46.5,28.45,48.));
#8897 = DIRECTION('',(0.,1.,0.));
#8898 = DIRECTION('',(1.,0.,0.));
#8899 = ADVANCED_FACE('',(#8900),#8911,.T.);
#8900 = FACE_BOUND('',#8901,.T.);
#8901 = EDGE_LOOP('',(#8902,#8903,#8904,#8905));
#8902 = ORIENTED_EDGE('',*,*,#8639,.T.);
#8903 = ORIENTED_EDGE('',*,*,#8855,.T.);
#8904 = ORIENTED_EDGE('',*,*,#8740,.F.);
#8905 = ORIENTED_EDGE('',*,*,#8906,.F.);
#8906 = EDGE_CURVE('',#8640,#8733,#8907,.T.);
#8907 = LINE('',#8908,#8909);
#8908 = CARTESIAN_POINT('',(52.5,51.55,48.));
#8909 = VECTOR('',#8910,1.);
#8910 = DIRECTION('',(-1.,0.,0.));
#8911 = PLANE('',#8912);
#8912 = AXIS2_PLACEMENT_3D('',#8913,#8914,#8915);
#8913 = CARTESIAN_POINT('',(52.5,51.55,48.));
#8914 = DIRECTION('',(0.,-1.,0.));
#8915 = DIRECTION('',(-1.,0.,0.));
#8916 = ADVANCED_FACE('',(#8917),#8923,.T.);
#8917 = FACE_BOUND('',#8918,.T.);
#8918 = EDGE_LOOP('',(#8919,#8920,#8921,#8922));
#8919 = ORIENTED_EDGE('',*,*,#8647,.T.);
#8920 = ORIENTED_EDGE('',*,*,#8906,.T.);
#8921 = ORIENTED_EDGE('',*,*,#8732,.T.);
#8922 = ORIENTED_EDGE('',*,*,#8889,.T.);
#8923 = PLANE('',#8924);
#8924 = AXIS2_PLACEMENT_3D('',#8925,#8926,#8927);
#8925 = CARTESIAN_POINT('',(49.5,40.,48.));
#8926 = DIRECTION('',(0.,0.,1.));
#8927 = DIRECTION('',(1.,0.,0.));
#8928 = ADVANCED_FACE('',(#8929),#8940,.F.);
#8929 = FACE_BOUND('',#8930,.F.);
#8930 = EDGE_LOOP('',(#8931,#8932,#8938,#8939));
#8931 = ORIENTED_EDGE('',*,*,#8757,.F.);
#8932 = ORIENTED_EDGE('',*,*,#8933,.T.);
#8933 = EDGE_CURVE('',#8758,#8680,#8934,.T.);
#8934 = LINE('',#8935,#8936);
#8935 = CARTESIAN_POINT('',(46.5,53.,54.));
#8936 = VECTOR('',#8937,1.);
#8937 = DIRECTION('',(1.,0.,0.));
#8938 = ORIENTED_EDGE('',*,*,#8679,.T.);
#8939 = ORIENTED_EDGE('',*,*,#8933,.F.);
#8940 = CYLINDRICAL_SURFACE('',#8941,1.);
#8941 = AXIS2_PLACEMENT_3D('',#8942,#8943,#8944);
#8942 = CARTESIAN_POINT('',(46.5,54.,54.));
#8943 = DIRECTION('',(-1.,0.,0.));
#8944 = DIRECTION('',(0.,-1.,0.));
#8945 = ADVANCED_FACE('',(#8946),#8957,.F.);
#8946 = FACE_BOUND('',#8947,.F.);
#8947 = EDGE_LOOP('',(#8948,#8949,#8955,#8956));
#8948 = ORIENTED_EDGE('',*,*,#8768,.F.);
#8949 = ORIENTED_EDGE('',*,*,#8950,.T.);
#8950 = EDGE_CURVE('',#8769,#8691,#8951,.T.);
#8951 = LINE('',#8952,#8953);
#8952 = CARTESIAN_POINT('',(46.5,25.,54.));
#8953 = VECTOR('',#8954,1.);
#8954 = DIRECTION('',(1.,0.,0.));
#8955 = ORIENTED_EDGE('',*,*,#8690,.T.);
#8956 = ORIENTED_EDGE('',*,*,#8950,.F.);
#8957 = CYLINDRICAL_SURFACE('',#8958,1.);
#8958 = AXIS2_PLACEMENT_3D('',#8959,#8960,#8961);
#8959 = CARTESIAN_POINT('',(46.5,26.,54.));
#8960 = DIRECTION('',(-1.,0.,0.));
#8961 = DIRECTION('',(0.,-1.,0.));
#8962 = ADVANCED_FACE('',(#8963),#8966,.F.);
#8963 = FACE_BOUND('',#8964,.T.);
#8964 = EDGE_LOOP('',(#8965));
#8965 = ORIENTED_EDGE('',*,*,#8810,.T.);
#8966 = PLANE('',#8967);
#8967 = AXIS2_PLACEMENT_3D('',#8968,#8969,#8970);
#8968 = CARTESIAN_POINT('',(49.5,40.,40.));
#8969 = DIRECTION('',(0.,0.,1.));
#8970 = DIRECTION('',(1.,0.,0.));
#8971 = ADVANCED_FACE('',(#8972),#8975,.F.);
#8972 = FACE_BOUND('',#8973,.T.);
#8973 = EDGE_LOOP('',(#8974));
#8974 = ORIENTED_EDGE('',*,*,#8835,.T.);
#8975 = PLANE('',#8976);
#8976 = AXIS2_PLACEMENT_3D('',#8977,#8978,#8979);
#8977 = CARTESIAN_POINT('',(49.5,40.,40.));
#8978 = DIRECTION('',(0.,0.,1.));
#8979 = DIRECTION('',(1.,0.,0.));
#8980 = ( GEOMETRIC_REPRESENTATION_CONTEXT(3) 
GLOBAL_UNCERTAINTY_ASSIGNED_CONTEXT((#8984)) 
GLOBAL_UNIT_ASSIGNED_CONTEXT((#8981,#8982,#8983)) REPRESENTATION_CONTEXT
('Context #1','3D Context with UNIT and UNCERTAINTY') );
#8981 = ( LENGTH_UNIT() NAMED_UNIT(*) SI_UNIT(.MILLI.,.METRE.) );
#8982 = ( NAMED_UNIT(*) PLANE_ANGLE_UNIT() SI_UNIT($,.RADIAN.) );
#8983 = ( NAMED_UNIT(*) SI_UNIT($,.STERADIAN.) SOLID_ANGLE_UNIT() );
#8984 = UNCERTAINTY_MEASURE_WITH_UNIT(LENGTH_MEASURE(1.E-07),#8981,
  'distance_accuracy_value','confusion accuracy');
#8985 = CONTEXT_DEPENDENT_SHAPE_REPRESENTATION(#8986,#8988);
#8986 = ( REPRESENTATION_RELATIONSHIP('','',#8529,#10) 
REPRESENTATION_RELATIONSHIP_WITH_TRANSFORMATION(#8987) 
SHAPE_REPRESENTATION_RELATIONSHIP() );
#8987 = ITEM_DEFINED_TRANSFORMATION('','',#11,#31);
#8988 = PRODUCT_DEFINITION_SHAPE('Placement','Placement of an item',
  #8989);
#8989 = NEXT_ASSEMBLY_USAGE_OCCURRENCE('5','Servoholder','',#5,#8524,$);
#8990 = PRODUCT_RELATED_PRODUCT_CATEGORY('part',$,(#8526));
#8991 = SHAPE_DEFINITION_REPRESENTATION(#8992,#8998);
#8992 = PRODUCT_DEFINITION_SHAPE('','',#8993);
#8993 = PRODUCT_DEFINITION('design','',#8994,#8997);
#8994 = PRODUCT_DEFINITION_FORMATION('','',#8995);
#8995 = PRODUCT('Verbinder','Verbinder','',(#8996));
#8996 = PRODUCT_CONTEXT('',#2,'mechanical');
#8997 = PRODUCT_DEFINITION_CONTEXT('part definition',#2,'design');
#8998 = ADVANCED_BREP_SHAPE_REPRESENTATION('',(#11,#8999),#9509);
#8999 = MANIFOLD_SOLID_BREP('',#9000);
#9000 = CLOSED_SHELL('',(#9001,#9112,#9143,#9168,#9193,#9234,#9273,#9291
    ,#9322,#9347,#9371,#9389,#9427,#9445,#9464,#9493));
#9001 = ADVANCED_FACE('',(#9002,#9071),#9107,.T.);
#9002 = FACE_BOUND('',#9003,.T.);
#9003 = EDGE_LOOP('',(#9004,#9014,#9023,#9031,#9039,#9048,#9056,#9064));
#9004 = ORIENTED_EDGE('',*,*,#9005,.F.);
#9005 = EDGE_CURVE('',#9006,#9008,#9010,.T.);
#9006 = VERTEX_POINT('',#9007);
#9007 = CARTESIAN_POINT('',(30.82,34.442899532052,41.499976592214));
#9008 = VERTEX_POINT('',#9009);
#9009 = CARTESIAN_POINT('',(30.82,34.642900000181,41.499976592214));
#9010 = LINE('',#9011,#9012);
#9011 = CARTESIAN_POINT('',(30.82,32.042888296288,41.499976592214));
#9012 = VECTOR('',#9013,1.);
#9013 = DIRECTION('',(0.,1.,0.));
#9014 = ORIENTED_EDGE('',*,*,#9015,.F.);
#9015 = EDGE_CURVE('',#9016,#9006,#9018,.T.);
#9016 = VERTEX_POINT('',#9017);
#9017 = CARTESIAN_POINT('',(30.82,32.042899532078,43.899987827951));
#9018 = CIRCLE('',#9019,2.4);
#9019 = AXIS2_PLACEMENT_3D('',#9020,#9021,#9022);
#9020 = CARTESIAN_POINT('',(30.82,34.442899532052,43.899976592214));
#9021 = DIRECTION('',(1.,0.,-0.));
#9022 = DIRECTION('',(0.,0.,1.));
#9023 = ORIENTED_EDGE('',*,*,#9024,.F.);
#9024 = EDGE_CURVE('',#9025,#9016,#9027,.T.);
#9025 = VERTEX_POINT('',#9026);
#9026 = CARTESIAN_POINT('',(30.82,32.042888296288,41.499976592214));
#9027 = LINE('',#9028,#9029);
#9028 = CARTESIAN_POINT('',(30.82,32.042859036637,35.249994148245));
#9029 = VECTOR('',#9030,1.);
#9030 = DIRECTION('',(0.,4.68155728194E-06,0.999999999989));
#9031 = ORIENTED_EDGE('',*,*,#9032,.F.);
#9032 = EDGE_CURVE('',#9033,#9025,#9035,.T.);
#9033 = VERTEX_POINT('',#9034);
#9034 = CARTESIAN_POINT('',(30.82,32.042900000236,8.999988296107));
#9035 = LINE('',#9036,#9037);
#9036 = CARTESIAN_POINT('',(30.82,32.042900000236,8.999988296107));
#9037 = VECTOR('',#9038,1.);
#9038 = DIRECTION('',(0.,0.,1.));
#9039 = ORIENTED_EDGE('',*,*,#9040,.T.);
#9040 = EDGE_CURVE('',#9033,#9041,#9043,.T.);
#9041 = VERTEX_POINT('',#9042);
#9042 = CARTESIAN_POINT('',(30.82,37.042900000181,8.999988296107));
#9043 = CIRCLE('',#9044,2.5);
#9044 = AXIS2_PLACEMENT_3D('',#9045,#9046,#9047);
#9045 = CARTESIAN_POINT('',(30.82,34.542900000208,9.));
#9046 = DIRECTION('',(1.,0.,0.));
#9047 = DIRECTION('',(0.,1.,0.));
#9048 = ORIENTED_EDGE('',*,*,#9049,.T.);
#9049 = EDGE_CURVE('',#9041,#9050,#9052,.T.);
#9050 = VERTEX_POINT('',#9051);
#9051 = CARTESIAN_POINT('',(30.82,37.042900000181,41.499976592214));
#9052 = LINE('',#9053,#9054);
#9053 = CARTESIAN_POINT('',(30.82,37.042900000181,8.999988296107));
#9054 = VECTOR('',#9055,1.);
#9055 = DIRECTION('',(0.,0.,1.));
#9056 = ORIENTED_EDGE('',*,*,#9057,.T.);
#9057 = EDGE_CURVE('',#9050,#9058,#9060,.T.);
#9058 = VERTEX_POINT('',#9059);
#9059 = CARTESIAN_POINT('',(30.82,37.042900000181,43.899976592214));
#9060 = LINE('',#9061,#9062);
#9061 = CARTESIAN_POINT('',(30.82,37.042900000181,26.832819501549));
#9062 = VECTOR('',#9063,1.);
#9063 = DIRECTION('',(0.,0.,1.));
#9064 = ORIENTED_EDGE('',*,*,#9065,.F.);
#9065 = EDGE_CURVE('',#9008,#9058,#9066,.T.);
#9066 = CIRCLE('',#9067,2.4);
#9067 = AXIS2_PLACEMENT_3D('',#9068,#9069,#9070);
#9068 = CARTESIAN_POINT('',(30.82,34.642900000181,43.899976592214));
#9069 = DIRECTION('',(1.,0.,-0.));
#9070 = DIRECTION('',(0.,0.,1.));
#9071 = FACE_BOUND('',#9072,.T.);
#9072 = EDGE_LOOP('',(#9073,#9083,#9092,#9100));
#9073 = ORIENTED_EDGE('',*,*,#9074,.F.);
#9074 = EDGE_CURVE('',#9075,#9077,#9079,.T.);
#9075 = VERTEX_POINT('',#9076);
#9076 = CARTESIAN_POINT('',(30.82,36.04290000021,8.999999999997));
#9077 = VERTEX_POINT('',#9078);
#9078 = CARTESIAN_POINT('',(30.82,36.042900000213,12.000000000006));
#9079 = LINE('',#9080,#9081);
#9080 = CARTESIAN_POINT('',(30.82,36.042900000213,17.749994148051));
#9081 = VECTOR('',#9082,1.);
#9082 = DIRECTION('',(0.,0.,1.));
#9083 = ORIENTED_EDGE('',*,*,#9084,.F.);
#9084 = EDGE_CURVE('',#9085,#9075,#9087,.T.);
#9085 = VERTEX_POINT('',#9086);
#9086 = CARTESIAN_POINT('',(30.82,33.042900000208,9.000000000003));
#9087 = CIRCLE('',#9088,1.5);
#9088 = AXIS2_PLACEMENT_3D('',#9089,#9090,#9091);
#9089 = CARTESIAN_POINT('',(30.82,34.542900000208,9.));
#9090 = DIRECTION('',(1.,0.,0.));
#9091 = DIRECTION('',(0.,1.,0.));
#9092 = ORIENTED_EDGE('',*,*,#9093,.T.);
#9093 = EDGE_CURVE('',#9085,#9094,#9096,.T.);
#9094 = VERTEX_POINT('',#9095);
#9095 = CARTESIAN_POINT('',(30.82,33.042900000213,11.999999999996));
#9096 = LINE('',#9097,#9098);
#9097 = CARTESIAN_POINT('',(30.82,33.042900000223,17.749994148056));
#9098 = VECTOR('',#9099,1.);
#9099 = DIRECTION('',(0.,1.69583E-12,1.));
#9100 = ORIENTED_EDGE('',*,*,#9101,.T.);
#9101 = EDGE_CURVE('',#9094,#9077,#9102,.T.);
#9102 = CIRCLE('',#9103,1.5);
#9103 = AXIS2_PLACEMENT_3D('',#9104,#9105,#9106);
#9104 = CARTESIAN_POINT('',(30.82,34.542900000213,12.000000000001));
#9105 = DIRECTION('',(-1.,0.,0.));
#9106 = DIRECTION('',(0.,-1.,0.));
#9107 = PLANE('',#9108);
#9108 = AXIS2_PLACEMENT_3D('',#9109,#9110,#9111);
#9109 = CARTESIAN_POINT('',(30.82,34.542900000208,26.499988296107));
#9110 = DIRECTION('',(1.,0.,0.));
#9111 = DIRECTION('',(0.,0.,1.));
#9112 = ADVANCED_FACE('',(#9113),#9138,.F.);
#9113 = FACE_BOUND('',#9114,.F.);
#9114 = EDGE_LOOP('',(#9115,#9116,#9124,#9132));
#9115 = ORIENTED_EDGE('',*,*,#9005,.F.);
#9116 = ORIENTED_EDGE('',*,*,#9117,.T.);
#9117 = EDGE_CURVE('',#9006,#9118,#9120,.T.);
#9118 = VERTEX_POINT('',#9119);
#9119 = CARTESIAN_POINT('',(32.52,34.442899532052,41.499976592214));
#9120 = LINE('',#9121,#9122);
#9121 = CARTESIAN_POINT('',(30.82,34.442899532052,41.499976592214));
#9122 = VECTOR('',#9123,1.);
#9123 = DIRECTION('',(1.,0.,0.));
#9124 = ORIENTED_EDGE('',*,*,#9125,.T.);
#9125 = EDGE_CURVE('',#9118,#9126,#9128,.T.);
#9126 = VERTEX_POINT('',#9127);
#9127 = CARTESIAN_POINT('',(32.52,34.642900000181,41.499976592214));
#9128 = LINE('',#9129,#9130);
#9129 = CARTESIAN_POINT('',(32.52,32.042888296288,41.499976592214));
#9130 = VECTOR('',#9131,1.);
#9131 = DIRECTION('',(0.,1.,0.));
#9132 = ORIENTED_EDGE('',*,*,#9133,.F.);
#9133 = EDGE_CURVE('',#9008,#9126,#9134,.T.);
#9134 = LINE('',#9135,#9136);
#9135 = CARTESIAN_POINT('',(30.82,34.642900000181,41.499976592214));
#9136 = VECTOR('',#9137,1.);
#9137 = DIRECTION('',(1.,0.,0.));
#9138 = PLANE('',#9139);
#9139 = AXIS2_PLACEMENT_3D('',#9140,#9141,#9142);
#9140 = CARTESIAN_POINT('',(30.82,32.042888296288,41.499976592214));
#9141 = DIRECTION('',(0.,0.,1.));
#9142 = DIRECTION('',(0.,1.,0.));
#9143 = ADVANCED_FACE('',(#9144),#9163,.T.);
#9144 = FACE_BOUND('',#9145,.T.);
#9145 = EDGE_LOOP('',(#9146,#9147,#9148,#9157));
#9146 = ORIENTED_EDGE('',*,*,#9015,.T.);
#9147 = ORIENTED_EDGE('',*,*,#9117,.T.);
#9148 = ORIENTED_EDGE('',*,*,#9149,.F.);
#9149 = EDGE_CURVE('',#9150,#9118,#9152,.T.);
#9150 = VERTEX_POINT('',#9151);
#9151 = CARTESIAN_POINT('',(32.52,32.042899532078,43.899987827951));
#9152 = CIRCLE('',#9153,2.4);
#9153 = AXIS2_PLACEMENT_3D('',#9154,#9155,#9156);
#9154 = CARTESIAN_POINT('',(32.52,34.442899532052,43.899976592214));
#9155 = DIRECTION('',(1.,0.,-0.));
#9156 = DIRECTION('',(0.,0.,1.));
#9157 = ORIENTED_EDGE('',*,*,#9158,.F.);
#9158 = EDGE_CURVE('',#9016,#9150,#9159,.T.);
#9159 = LINE('',#9160,#9161);
#9160 = CARTESIAN_POINT('',(30.82,32.042899532078,43.899987827951));
#9161 = VECTOR('',#9162,1.);
#9162 = DIRECTION('',(1.,0.,0.));
#9163 = CYLINDRICAL_SURFACE('',#9164,2.4);
#9164 = AXIS2_PLACEMENT_3D('',#9165,#9166,#9167);
#9165 = CARTESIAN_POINT('',(30.82,34.442899532052,43.899976592214));
#9166 = DIRECTION('',(1.,0.,0.));
#9167 = DIRECTION('',(0.,-0.999999999989,4.68155728194E-06));
#9168 = ADVANCED_FACE('',(#9169),#9188,.T.);
#9169 = FACE_BOUND('',#9170,.T.);
#9170 = EDGE_LOOP('',(#9171,#9172,#9180,#9187));
#9171 = ORIENTED_EDGE('',*,*,#9065,.T.);
#9172 = ORIENTED_EDGE('',*,*,#9173,.T.);
#9173 = EDGE_CURVE('',#9058,#9174,#9176,.T.);
#9174 = VERTEX_POINT('',#9175);
#9175 = CARTESIAN_POINT('',(32.52,37.042900000181,43.899976592214));
#9176 = LINE('',#9177,#9178);
#9177 = CARTESIAN_POINT('',(30.82,37.042900000181,43.899976592214));
#9178 = VECTOR('',#9179,1.);
#9179 = DIRECTION('',(1.,0.,0.));
#9180 = ORIENTED_EDGE('',*,*,#9181,.F.);
#9181 = EDGE_CURVE('',#9126,#9174,#9182,.T.);
#9182 = CIRCLE('',#9183,2.4);
#9183 = AXIS2_PLACEMENT_3D('',#9184,#9185,#9186);
#9184 = CARTESIAN_POINT('',(32.52,34.642900000181,43.899976592214));
#9185 = DIRECTION('',(1.,0.,-0.));
#9186 = DIRECTION('',(0.,0.,1.));
#9187 = ORIENTED_EDGE('',*,*,#9133,.F.);
#9188 = CYLINDRICAL_SURFACE('',#9189,2.4);
#9189 = AXIS2_PLACEMENT_3D('',#9190,#9191,#9192);
#9190 = CARTESIAN_POINT('',(30.82,34.642900000181,43.899976592214));
#9191 = DIRECTION('',(1.,0.,0.));
#9192 = DIRECTION('',(0.,0.,-1.));
#9193 = ADVANCED_FACE('',(#9194),#9229,.T.);
#9194 = FACE_BOUND('',#9195,.T.);
#9195 = EDGE_LOOP('',(#9196,#9204,#9205,#9206,#9207,#9215,#9223));
#9196 = ORIENTED_EDGE('',*,*,#9197,.F.);
#9197 = EDGE_CURVE('',#9174,#9198,#9200,.T.);
#9198 = VERTEX_POINT('',#9199);
#9199 = CARTESIAN_POINT('',(32.52,37.042900000181,43.999988296107));
#9200 = LINE('',#9201,#9202);
#9201 = CARTESIAN_POINT('',(32.52,37.042900000181,41.499976592214));
#9202 = VECTOR('',#9203,1.);
#9203 = DIRECTION('',(0.,0.,1.));
#9204 = ORIENTED_EDGE('',*,*,#9173,.F.);
#9205 = ORIENTED_EDGE('',*,*,#9057,.F.);
#9206 = ORIENTED_EDGE('',*,*,#9049,.F.);
#9207 = ORIENTED_EDGE('',*,*,#9208,.F.);
#9208 = EDGE_CURVE('',#9209,#9041,#9211,.T.);
#9209 = VERTEX_POINT('',#9210);
#9210 = CARTESIAN_POINT('',(26.02,37.042900000181,8.999988296107));
#9211 = LINE('',#9212,#9213);
#9212 = CARTESIAN_POINT('',(25.52,37.042900000181,8.999988296107));
#9213 = VECTOR('',#9214,1.);
#9214 = DIRECTION('',(1.,0.,0.));
#9215 = ORIENTED_EDGE('',*,*,#9216,.T.);
#9216 = EDGE_CURVE('',#9209,#9217,#9219,.T.);
#9217 = VERTEX_POINT('',#9218);
#9218 = CARTESIAN_POINT('',(26.02,37.042900000181,43.999988296107));
#9219 = LINE('',#9220,#9221);
#9220 = CARTESIAN_POINT('',(26.02,37.042900000181,8.999988296107));
#9221 = VECTOR('',#9222,1.);
#9222 = DIRECTION('',(0.,0.,1.));
#9223 = ORIENTED_EDGE('',*,*,#9224,.T.);
#9224 = EDGE_CURVE('',#9217,#9198,#9225,.T.);
#9225 = LINE('',#9226,#9227);
#9226 = CARTESIAN_POINT('',(25.52,37.042900000181,43.999988296107));
#9227 = VECTOR('',#9228,1.);
#9228 = DIRECTION('',(1.,0.,0.));
#9229 = PLANE('',#9230);
#9230 = AXIS2_PLACEMENT_3D('',#9231,#9232,#9233);
#9231 = CARTESIAN_POINT('',(28.604337589116,37.042900000181,
    27.165650706991));
#9232 = DIRECTION('',(0.,1.,0.));
#9233 = DIRECTION('',(0.,0.,1.));
#9234 = ADVANCED_FACE('',(#9235),#9268,.T.);
#9235 = FACE_BOUND('',#9236,.T.);
#9236 = EDGE_LOOP('',(#9237,#9247,#9253,#9254,#9262));
#9237 = ORIENTED_EDGE('',*,*,#9238,.F.);
#9238 = EDGE_CURVE('',#9239,#9241,#9243,.T.);
#9239 = VERTEX_POINT('',#9240);
#9240 = CARTESIAN_POINT('',(26.02,32.042900000236,8.999988296107));
#9241 = VERTEX_POINT('',#9242);
#9242 = CARTESIAN_POINT('',(26.02,32.042900000236,43.999988296107));
#9243 = LINE('',#9244,#9245);
#9244 = CARTESIAN_POINT('',(26.02,32.042900000236,8.999988296107));
#9245 = VECTOR('',#9246,1.);
#9246 = DIRECTION('',(0.,0.,1.));
#9247 = ORIENTED_EDGE('',*,*,#9248,.T.);
#9248 = EDGE_CURVE('',#9239,#9033,#9249,.T.);
#9249 = LINE('',#9250,#9251);
#9250 = CARTESIAN_POINT('',(25.52,32.042900000236,8.999988296107));
#9251 = VECTOR('',#9252,1.);
#9252 = DIRECTION('',(1.,0.,0.));
#9253 = ORIENTED_EDGE('',*,*,#9032,.T.);
#9254 = ORIENTED_EDGE('',*,*,#9255,.T.);
#9255 = EDGE_CURVE('',#9025,#9256,#9258,.T.);
#9256 = VERTEX_POINT('',#9257);
#9257 = CARTESIAN_POINT('',(30.82,32.042900000236,43.999988296107));
#9258 = LINE('',#9259,#9260);
#9259 = CARTESIAN_POINT('',(30.82,32.042900000236,8.999988296107));
#9260 = VECTOR('',#9261,1.);
#9261 = DIRECTION('',(0.,0.,1.));
#9262 = ORIENTED_EDGE('',*,*,#9263,.F.);
#9263 = EDGE_CURVE('',#9241,#9256,#9264,.T.);
#9264 = LINE('',#9265,#9266);
#9265 = CARTESIAN_POINT('',(25.52,32.042900000236,43.999988296107));
#9266 = VECTOR('',#9267,1.);
#9267 = DIRECTION('',(1.,0.,0.));
#9268 = PLANE('',#9269);
#9269 = AXIS2_PLACEMENT_3D('',#9270,#9271,#9272);
#9270 = CARTESIAN_POINT('',(25.52,32.042900000236,8.999988296107));
#9271 = DIRECTION('',(0.,-1.,0.));
#9272 = DIRECTION('',(0.,0.,1.));
#9273 = ADVANCED_FACE('',(#9274),#9286,.T.);
#9274 = FACE_BOUND('',#9275,.F.);
#9275 = EDGE_LOOP('',(#9276,#9283,#9284,#9285));
#9276 = ORIENTED_EDGE('',*,*,#9277,.F.);
#9277 = EDGE_CURVE('',#9239,#9209,#9278,.T.);
#9278 = CIRCLE('',#9279,2.5);
#9279 = AXIS2_PLACEMENT_3D('',#9280,#9281,#9282);
#9280 = CARTESIAN_POINT('',(26.02,34.542900000208,9.));
#9281 = DIRECTION('',(1.,0.,0.));
#9282 = DIRECTION('',(0.,1.,0.));
#9283 = ORIENTED_EDGE('',*,*,#9248,.T.);
#9284 = ORIENTED_EDGE('',*,*,#9040,.T.);
#9285 = ORIENTED_EDGE('',*,*,#9208,.F.);
#9286 = CYLINDRICAL_SURFACE('',#9287,2.5);
#9287 = AXIS2_PLACEMENT_3D('',#9288,#9289,#9290);
#9288 = CARTESIAN_POINT('',(25.52,34.542900000208,9.));
#9289 = DIRECTION('',(-1.,-0.,-0.));
#9290 = DIRECTION('',(0.,1.,0.));
#9291 = ADVANCED_FACE('',(#9292),#9317,.T.);
#9292 = FACE_BOUND('',#9293,.T.);
#9293 = EDGE_LOOP('',(#9294,#9304,#9310,#9311));
#9294 = ORIENTED_EDGE('',*,*,#9295,.F.);
#9295 = EDGE_CURVE('',#9296,#9298,#9300,.T.);
#9296 = VERTEX_POINT('',#9297);
#9297 = CARTESIAN_POINT('',(26.02,36.04290000021,8.999999999997));
#9298 = VERTEX_POINT('',#9299);
#9299 = CARTESIAN_POINT('',(26.02,36.042900000213,12.000000000006));
#9300 = LINE('',#9301,#9302);
#9301 = CARTESIAN_POINT('',(26.02,36.042900000213,8.999999999996));
#9302 = VECTOR('',#9303,1.);
#9303 = DIRECTION('',(0.,0.,1.));
#9304 = ORIENTED_EDGE('',*,*,#9305,.T.);
#9305 = EDGE_CURVE('',#9296,#9075,#9306,.T.);
#9306 = LINE('',#9307,#9308);
#9307 = CARTESIAN_POINT('',(25.52,36.042900000208,9.));
#9308 = VECTOR('',#9309,1.);
#9309 = DIRECTION('',(1.,0.,0.));
#9310 = ORIENTED_EDGE('',*,*,#9074,.T.);
#9311 = ORIENTED_EDGE('',*,*,#9312,.F.);
#9312 = EDGE_CURVE('',#9298,#9077,#9313,.T.);
#9313 = LINE('',#9314,#9315);
#9314 = CARTESIAN_POINT('',(26.02,36.042900000213,12.000000000006));
#9315 = VECTOR('',#9316,1.);
#9316 = DIRECTION('',(1.,0.,0.));
#9317 = PLANE('',#9318);
#9318 = AXIS2_PLACEMENT_3D('',#9319,#9320,#9321);
#9319 = CARTESIAN_POINT('',(26.02,36.042900000213,8.999999999996));
#9320 = DIRECTION('',(0.,-1.,0.));
#9321 = DIRECTION('',(0.,0.,1.));
#9322 = ADVANCED_FACE('',(#9323),#9342,.F.);
#9323 = FACE_BOUND('',#9324,.F.);
#9324 = EDGE_LOOP('',(#9325,#9334,#9340,#9341));
#9325 = ORIENTED_EDGE('',*,*,#9326,.F.);
#9326 = EDGE_CURVE('',#9327,#9298,#9329,.T.);
#9327 = VERTEX_POINT('',#9328);
#9328 = CARTESIAN_POINT('',(26.02,33.042900000213,11.999999999996));
#9329 = CIRCLE('',#9330,1.5);
#9330 = AXIS2_PLACEMENT_3D('',#9331,#9332,#9333);
#9331 = CARTESIAN_POINT('',(26.02,34.542900000213,12.000000000001));
#9332 = DIRECTION('',(-1.,0.,0.));
#9333 = DIRECTION('',(0.,-1.,0.));
#9334 = ORIENTED_EDGE('',*,*,#9335,.T.);
#9335 = EDGE_CURVE('',#9327,#9094,#9336,.T.);
#9336 = LINE('',#9337,#9338);
#9337 = CARTESIAN_POINT('',(26.02,33.042900000213,11.999999999996));
#9338 = VECTOR('',#9339,1.);
#9339 = DIRECTION('',(1.,0.,0.));
#9340 = ORIENTED_EDGE('',*,*,#9101,.T.);
#9341 = ORIENTED_EDGE('',*,*,#9312,.F.);
#9342 = CYLINDRICAL_SURFACE('',#9343,1.5);
#9343 = AXIS2_PLACEMENT_3D('',#9344,#9345,#9346);
#9344 = CARTESIAN_POINT('',(26.02,34.542900000213,12.000000000001));
#9345 = DIRECTION('',(-1.,0.,0.));
#9346 = DIRECTION('',(0.,-1.,0.));
#9347 = ADVANCED_FACE('',(#9348),#9366,.F.);
#9348 = FACE_BOUND('',#9349,.F.);
#9349 = EDGE_LOOP('',(#9350,#9358,#9364,#9365));
#9350 = ORIENTED_EDGE('',*,*,#9351,.F.);
#9351 = EDGE_CURVE('',#9352,#9327,#9354,.T.);
#9352 = VERTEX_POINT('',#9353);
#9353 = CARTESIAN_POINT('',(26.02,33.042900000208,9.000000000003));
#9354 = LINE('',#9355,#9356);
#9355 = CARTESIAN_POINT('',(26.02,33.042900000208,9.000000000003));
#9356 = VECTOR('',#9357,1.);
#9357 = DIRECTION('',(0.,1.69583E-12,1.));
#9358 = ORIENTED_EDGE('',*,*,#9359,.T.);
#9359 = EDGE_CURVE('',#9352,#9085,#9360,.T.);
#9360 = LINE('',#9361,#9362);
#9361 = CARTESIAN_POINT('',(26.02,33.042900000208,9.000000000003));
#9362 = VECTOR('',#9363,1.);
#9363 = DIRECTION('',(1.,0.,0.));
#9364 = ORIENTED_EDGE('',*,*,#9093,.T.);
#9365 = ORIENTED_EDGE('',*,*,#9335,.F.);
#9366 = PLANE('',#9367);
#9367 = AXIS2_PLACEMENT_3D('',#9368,#9369,#9370);
#9368 = CARTESIAN_POINT('',(26.02,33.042900000208,9.000000000003));
#9369 = DIRECTION('',(0.,-1.,1.69583E-12));
#9370 = DIRECTION('',(0.,1.69583E-12,1.));
#9371 = ADVANCED_FACE('',(#9372),#9384,.F.);
#9372 = FACE_BOUND('',#9373,.T.);
#9373 = EDGE_LOOP('',(#9374,#9375,#9382,#9383));
#9374 = ORIENTED_EDGE('',*,*,#9305,.F.);
#9375 = ORIENTED_EDGE('',*,*,#9376,.F.);
#9376 = EDGE_CURVE('',#9352,#9296,#9377,.T.);
#9377 = CIRCLE('',#9378,1.5);
#9378 = AXIS2_PLACEMENT_3D('',#9379,#9380,#9381);
#9379 = CARTESIAN_POINT('',(26.02,34.542900000208,9.));
#9380 = DIRECTION('',(1.,0.,0.));
#9381 = DIRECTION('',(0.,1.,0.));
#9382 = ORIENTED_EDGE('',*,*,#9359,.T.);
#9383 = ORIENTED_EDGE('',*,*,#9084,.T.);
#9384 = CYLINDRICAL_SURFACE('',#9385,1.5);
#9385 = AXIS2_PLACEMENT_3D('',#9386,#9387,#9388);
#9386 = CARTESIAN_POINT('',(25.52,34.542900000208,9.));
#9387 = DIRECTION('',(-1.,-0.,-0.));
#9388 = DIRECTION('',(0.,1.,0.));
#9389 = ADVANCED_FACE('',(#9390,#9411),#9422,.T.);
#9390 = FACE_BOUND('',#9391,.T.);
#9391 = EDGE_LOOP('',(#9392,#9400,#9401,#9402,#9403,#9404));
#9392 = ORIENTED_EDGE('',*,*,#9393,.T.);
#9393 = EDGE_CURVE('',#9394,#9150,#9396,.T.);
#9394 = VERTEX_POINT('',#9395);
#9395 = CARTESIAN_POINT('',(32.52,32.042900000236,43.999988296107));
#9396 = LINE('',#9397,#9398);
#9397 = CARTESIAN_POINT('',(32.52,32.042900000236,43.999988296107));
#9398 = VECTOR('',#9399,1.);
#9399 = DIRECTION('',(0.,-4.68155728194E-06,-0.999999999989));
#9400 = ORIENTED_EDGE('',*,*,#9149,.T.);
#9401 = ORIENTED_EDGE('',*,*,#9125,.T.);
#9402 = ORIENTED_EDGE('',*,*,#9181,.T.);
#9403 = ORIENTED_EDGE('',*,*,#9197,.T.);
#9404 = ORIENTED_EDGE('',*,*,#9405,.T.);
#9405 = EDGE_CURVE('',#9198,#9394,#9406,.T.);
#9406 = CIRCLE('',#9407,2.5);
#9407 = AXIS2_PLACEMENT_3D('',#9408,#9409,#9410);
#9408 = CARTESIAN_POINT('',(32.52,34.542900000208,43.999976592214));
#9409 = DIRECTION('',(1.,0.,0.));
#9410 = DIRECTION('',(0.,1.,0.));
#9411 = FACE_BOUND('',#9412,.F.);
#9412 = EDGE_LOOP('',(#9413));
#9413 = ORIENTED_EDGE('',*,*,#9414,.T.);
#9414 = EDGE_CURVE('',#9415,#9415,#9417,.T.);
#9415 = VERTEX_POINT('',#9416);
#9416 = CARTESIAN_POINT('',(32.52,36.042900000208,43.999976592214));
#9417 = CIRCLE('',#9418,1.5);
#9418 = AXIS2_PLACEMENT_3D('',#9419,#9420,#9421);
#9419 = CARTESIAN_POINT('',(32.52,34.542900000208,43.999976592214));
#9420 = DIRECTION('',(1.,0.,0.));
#9421 = DIRECTION('',(0.,1.,0.));
#9422 = PLANE('',#9423);
#9423 = AXIS2_PLACEMENT_3D('',#9424,#9425,#9426);
#9424 = CARTESIAN_POINT('',(32.52,34.542898265031,43.686675980264));
#9425 = DIRECTION('',(1.,0.,0.));
#9426 = DIRECTION('',(0.,0.,1.));
#9427 = ADVANCED_FACE('',(#9428),#9440,.F.);
#9428 = FACE_BOUND('',#9429,.F.);
#9429 = EDGE_LOOP('',(#9430,#9431,#9437,#9438,#9439));
#9430 = ORIENTED_EDGE('',*,*,#9255,.T.);
#9431 = ORIENTED_EDGE('',*,*,#9432,.T.);
#9432 = EDGE_CURVE('',#9256,#9394,#9433,.T.);
#9433 = LINE('',#9434,#9435);
#9434 = CARTESIAN_POINT('',(30.82,32.042900000236,43.999988296107));
#9435 = VECTOR('',#9436,1.);
#9436 = DIRECTION('',(1.,0.,0.));
#9437 = ORIENTED_EDGE('',*,*,#9393,.T.);
#9438 = ORIENTED_EDGE('',*,*,#9158,.F.);
#9439 = ORIENTED_EDGE('',*,*,#9024,.F.);
#9440 = PLANE('',#9441);
#9441 = AXIS2_PLACEMENT_3D('',#9442,#9443,#9444);
#9442 = CARTESIAN_POINT('',(30.82,32.042900000236,43.999988296107));
#9443 = DIRECTION('',(0.,0.999999999989,-4.68155728194E-06));
#9444 = DIRECTION('',(0.,-4.68155728194E-06,-0.999999999989));
#9445 = ADVANCED_FACE('',(#9446),#9459,.T.);
#9446 = FACE_BOUND('',#9447,.F.);
#9447 = EDGE_LOOP('',(#9448,#9449,#9450,#9457,#9458));
#9448 = ORIENTED_EDGE('',*,*,#9432,.F.);
#9449 = ORIENTED_EDGE('',*,*,#9263,.F.);
#9450 = ORIENTED_EDGE('',*,*,#9451,.F.);
#9451 = EDGE_CURVE('',#9217,#9241,#9452,.T.);
#9452 = CIRCLE('',#9453,2.5);
#9453 = AXIS2_PLACEMENT_3D('',#9454,#9455,#9456);
#9454 = CARTESIAN_POINT('',(26.02,34.542900000208,43.999976592214));
#9455 = DIRECTION('',(1.,0.,0.));
#9456 = DIRECTION('',(0.,1.,0.));
#9457 = ORIENTED_EDGE('',*,*,#9224,.T.);
#9458 = ORIENTED_EDGE('',*,*,#9405,.T.);
#9459 = CYLINDRICAL_SURFACE('',#9460,2.5);
#9460 = AXIS2_PLACEMENT_3D('',#9461,#9462,#9463);
#9461 = CARTESIAN_POINT('',(25.52,34.542900000208,43.999976592214));
#9462 = DIRECTION('',(-1.,-0.,-0.));
#9463 = DIRECTION('',(0.,1.,0.));
#9464 = ADVANCED_FACE('',(#9465,#9471,#9477),#9488,.F.);
#9465 = FACE_BOUND('',#9466,.F.);
#9466 = EDGE_LOOP('',(#9467,#9468,#9469,#9470));
#9467 = ORIENTED_EDGE('',*,*,#9451,.T.);
#9468 = ORIENTED_EDGE('',*,*,#9238,.F.);
#9469 = ORIENTED_EDGE('',*,*,#9277,.T.);
#9470 = ORIENTED_EDGE('',*,*,#9216,.T.);
#9471 = FACE_BOUND('',#9472,.F.);
#9472 = EDGE_LOOP('',(#9473,#9474,#9475,#9476));
#9473 = ORIENTED_EDGE('',*,*,#9295,.F.);
#9474 = ORIENTED_EDGE('',*,*,#9376,.F.);
#9475 = ORIENTED_EDGE('',*,*,#9351,.T.);
#9476 = ORIENTED_EDGE('',*,*,#9326,.T.);
#9477 = FACE_BOUND('',#9478,.F.);
#9478 = EDGE_LOOP('',(#9479));
#9479 = ORIENTED_EDGE('',*,*,#9480,.F.);
#9480 = EDGE_CURVE('',#9481,#9481,#9483,.T.);
#9481 = VERTEX_POINT('',#9482);
#9482 = CARTESIAN_POINT('',(26.02,36.042900000208,43.999976592214));
#9483 = CIRCLE('',#9484,1.5);
#9484 = AXIS2_PLACEMENT_3D('',#9485,#9486,#9487);
#9485 = CARTESIAN_POINT('',(26.02,34.542900000208,43.999976592214));
#9486 = DIRECTION('',(1.,0.,0.));
#9487 = DIRECTION('',(0.,1.,0.));
#9488 = PLANE('',#9489);
#9489 = AXIS2_PLACEMENT_3D('',#9490,#9491,#9492);
#9490 = CARTESIAN_POINT('',(26.02,34.542900000208,26.499988296107));
#9491 = DIRECTION('',(1.,0.,0.));
#9492 = DIRECTION('',(0.,0.,1.));
#9493 = ADVANCED_FACE('',(#9494),#9504,.F.);
#9494 = FACE_BOUND('',#9495,.T.);
#9495 = EDGE_LOOP('',(#9496,#9497,#9502,#9503));
#9496 = ORIENTED_EDGE('',*,*,#9480,.F.);
#9497 = ORIENTED_EDGE('',*,*,#9498,.F.);
#9498 = EDGE_CURVE('',#9415,#9481,#9499,.T.);
#9499 = B_SPLINE_CURVE_WITH_KNOTS('',1,(#9500,#9501),.UNSPECIFIED.,.F.,
  .F.,(2,2),(-7.,-0.5),.PIECEWISE_BEZIER_KNOTS.);
#9500 = CARTESIAN_POINT('',(32.52,36.042900000208,43.999976592214));
#9501 = CARTESIAN_POINT('',(26.02,36.042900000208,43.999976592214));
#9502 = ORIENTED_EDGE('',*,*,#9414,.T.);
#9503 = ORIENTED_EDGE('',*,*,#9498,.T.);
#9504 = CYLINDRICAL_SURFACE('',#9505,1.5);
#9505 = AXIS2_PLACEMENT_3D('',#9506,#9507,#9508);
#9506 = CARTESIAN_POINT('',(25.52,34.542900000208,43.999976592214));
#9507 = DIRECTION('',(-1.,-0.,-0.));
#9508 = DIRECTION('',(0.,1.,0.));
#9509 = ( GEOMETRIC_REPRESENTATION_CONTEXT(3) 
GLOBAL_UNCERTAINTY_ASSIGNED_CONTEXT((#9513)) 
GLOBAL_UNIT_ASSIGNED_CONTEXT((#9510,#9511,#9512)) REPRESENTATION_CONTEXT
('Context #1','3D Context with UNIT and UNCERTAINTY') );
#9510 = ( LENGTH_UNIT() NAMED_UNIT(*) SI_UNIT(.MILLI.,.METRE.) );
#9511 = ( NAMED_UNIT(*) PLANE_ANGLE_UNIT() SI_UNIT($,.RADIAN.) );
#9512 = ( NAMED_UNIT(*) SI_UNIT($,.STERADIAN.) SOLID_ANGLE_UNIT() );
#9513 = UNCERTAINTY_MEASURE_WITH_UNIT(LENGTH_MEASURE(1.E-07),#9510,
  'distance_accuracy_value','confusion accuracy');
#9514 = CONTEXT_DEPENDENT_SHAPE_REPRESENTATION(#9515,#9517);
#9515 = ( REPRESENTATION_RELATIONSHIP('','',#8998,#10) 
REPRESENTATION_RELATIONSHIP_WITH_TRANSFORMATION(#9516) 
SHAPE_REPRESENTATION_RELATIONSHIP() );
#9516 = ITEM_DEFINED_TRANSFORMATION('','',#11,#35);
#9517 = PRODUCT_DEFINITION_SHAPE('Placement','Placement of an item',
  #9518);
#9518 = NEXT_ASSEMBLY_USAGE_OCCURRENCE('6','Verbinder','',#5,#8993,$);
#9519 = PRODUCT_RELATED_PRODUCT_CATEGORY('part',$,(#8995));
#9520 = SHAPE_DEFINITION_REPRESENTATION(#9521,#9527);
#9521 = PRODUCT_DEFINITION_SHAPE('','',#9522);
#9522 = PRODUCT_DEFINITION('design','',#9523,#9526);
#9523 = PRODUCT_DEFINITION_FORMATION('','',#9524);
#9524 = PRODUCT('Stempel','Stempel','',(#9525));
#9525 = PRODUCT_CONTEXT('',#2,'mechanical');
#9526 = PRODUCT_DEFINITION_CONTEXT('part definition',#2,'design');
#9527 = ADVANCED_BREP_SHAPE_REPRESENTATION('',(#11,#9528),#11857);
#9528 = BREP_WITH_VOIDS('',#9529,(#11327,#11380,#11433,#11486,#11539,
    #11592,#11645,#11698,#11751,#11804));
#9529 = CLOSED_SHELL('',(#9530,#9547,#9741,#10023,#10047,#10100,#10117,
    #10141,#10194,#10211,#10235,#10288,#10305,#10329,#10382,#10399,
    #10423,#10476,#10493,#10510,#10527,#10539,#10556,#10573,#10585,
    #10602,#10619,#10631,#10648,#10665,#10677,#10694,#10711,#10723,
    #10754,#10807,#10860,#10877,#10908,#10961,#11014,#11031,#11056,
    #11081,#11106,#11131,#11156,#11173,#11190,#11202,#11219,#11236,
    #11253,#11265,#11282,#11291,#11300,#11309,#11318));
#9530 = ADVANCED_FACE('',(#9531),#9542,.F.);
#9531 = FACE_BOUND('',#9532,.T.);
#9532 = EDGE_LOOP('',(#9533));
#9533 = ORIENTED_EDGE('',*,*,#9534,.T.);
#9534 = EDGE_CURVE('',#9535,#9535,#9537,.T.);
#9535 = VERTEX_POINT('',#9536);
#9536 = CARTESIAN_POINT('',(66.42,34.54,-2.));
#9537 = CIRCLE('',#9538,40.);
#9538 = AXIS2_PLACEMENT_3D('',#9539,#9540,#9541);
#9539 = CARTESIAN_POINT('',(26.42,34.54,-2.));
#9540 = DIRECTION('',(0.,0.,-1.));
#9541 = DIRECTION('',(1.,0.,0.));
#9542 = PLANE('',#9543);
#9543 = AXIS2_PLACEMENT_3D('',#9544,#9545,#9546);
#9544 = CARTESIAN_POINT('',(26.42,34.54,-2.));
#9545 = DIRECTION('',(0.,0.,1.));
#9546 = DIRECTION('',(1.,0.,0.));
#9547 = ADVANCED_FACE('',(#9548),#9736,.T.);
#9548 = FACE_BOUND('',#9549,.T.);
#9549 = EDGE_LOOP('',(#9550,#9557,#9558,#9559,#9568,#9576,#9585,#9593,
    #9602,#9610,#9619,#9627,#9636,#9644,#9653,#9661,#9670,#9678,#9687,
    #9695,#9704,#9712,#9721,#9729));
#9550 = ORIENTED_EDGE('',*,*,#9551,.T.);
#9551 = EDGE_CURVE('',#9552,#9535,#9554,.T.);
#9552 = VERTEX_POINT('',#9553);
#9553 = CARTESIAN_POINT('',(66.42,34.54,6.));
#9554 = B_SPLINE_CURVE_WITH_KNOTS('',1,(#9555,#9556),.UNSPECIFIED.,.F.,
  .F.,(2,2),(-3.,5.),.PIECEWISE_BEZIER_KNOTS.);
#9555 = CARTESIAN_POINT('',(66.42,34.54,6.));
#9556 = CARTESIAN_POINT('',(66.42,34.54,-2.));
#9557 = ORIENTED_EDGE('',*,*,#9534,.F.);
#9558 = ORIENTED_EDGE('',*,*,#9551,.F.);
#9559 = ORIENTED_EDGE('',*,*,#9560,.T.);
#9560 = EDGE_CURVE('',#9552,#9561,#9563,.T.);
#9561 = VERTEX_POINT('',#9562);
#9562 = CARTESIAN_POINT('',(41.960344068844,-2.317803871391,6.));
#9563 = CIRCLE('',#9564,40.);
#9564 = AXIS2_PLACEMENT_3D('',#9565,#9566,#9567);
#9565 = CARTESIAN_POINT('',(26.42,34.54,6.));
#9566 = DIRECTION('',(0.,0.,-1.));
#9567 = DIRECTION('',(1.,0.,0.));
#9568 = ORIENTED_EDGE('',*,*,#9569,.T.);
#9569 = EDGE_CURVE('',#9561,#9570,#9572,.T.);
#9570 = VERTEX_POINT('',#9571);
#9571 = CARTESIAN_POINT('',(41.960344068845,-2.317803871391,5.));
#9572 = LINE('',#9573,#9574);
#9573 = CARTESIAN_POINT('',(41.960344068845,-2.317803871391,3.));
#9574 = VECTOR('',#9575,1.);
#9575 = DIRECTION('',(0.,0.,-1.));
#9576 = ORIENTED_EDGE('',*,*,#9577,.T.);
#9577 = EDGE_CURVE('',#9570,#9578,#9580,.T.);
#9578 = VERTEX_POINT('',#9579);
#9579 = CARTESIAN_POINT('',(35.990134078385,-4.298286956581,5.));
#9580 = CIRCLE('',#9581,40.);
#9581 = AXIS2_PLACEMENT_3D('',#9582,#9583,#9584);
#9582 = CARTESIAN_POINT('',(26.42,34.54,5.));
#9583 = DIRECTION('',(0.,0.,-1.));
#9584 = DIRECTION('',(1.,0.,0.));
#9585 = ORIENTED_EDGE('',*,*,#9586,.F.);
#9586 = EDGE_CURVE('',#9587,#9578,#9589,.T.);
#9587 = VERTEX_POINT('',#9588);
#9588 = CARTESIAN_POINT('',(35.990134078383,-4.298286956581,6.));
#9589 = LINE('',#9590,#9591);
#9590 = CARTESIAN_POINT('',(35.990134078385,-4.298286956581,3.));
#9591 = VECTOR('',#9592,1.);
#9592 = DIRECTION('',(0.,0.,-1.));
#9593 = ORIENTED_EDGE('',*,*,#9594,.T.);
#9594 = EDGE_CURVE('',#9587,#9595,#9597,.T.);
#9595 = VERTEX_POINT('',#9596);
#9596 = CARTESIAN_POINT('',(17.327912858558,-4.412971021636,6.));
#9597 = CIRCLE('',#9598,40.);
#9598 = AXIS2_PLACEMENT_3D('',#9599,#9600,#9601);
#9599 = CARTESIAN_POINT('',(26.42,34.54,6.));
#9600 = DIRECTION('',(0.,0.,-1.));
#9601 = DIRECTION('',(1.,0.,0.));
#9602 = ORIENTED_EDGE('',*,*,#9603,.T.);
#9603 = EDGE_CURVE('',#9595,#9604,#9606,.T.);
#9604 = VERTEX_POINT('',#9605);
#9605 = CARTESIAN_POINT('',(17.327912858559,-4.412971021636,5.));
#9606 = LINE('',#9607,#9608);
#9607 = CARTESIAN_POINT('',(17.327912858559,-4.412971021636,3.));
#9608 = VECTOR('',#9609,1.);
#9609 = DIRECTION('',(0.,0.,-1.));
#9610 = ORIENTED_EDGE('',*,*,#9611,.T.);
#9611 = EDGE_CURVE('',#9604,#9612,#9614,.T.);
#9612 = VERTEX_POINT('',#9613);
#9613 = CARTESIAN_POINT('',(11.33383523994,-2.506020472276,5.));
#9614 = CIRCLE('',#9615,40.);
#9615 = AXIS2_PLACEMENT_3D('',#9616,#9617,#9618);
#9616 = CARTESIAN_POINT('',(26.42,34.54,5.));
#9617 = DIRECTION('',(0.,0.,-1.));
#9618 = DIRECTION('',(1.,0.,0.));
#9619 = ORIENTED_EDGE('',*,*,#9620,.F.);
#9620 = EDGE_CURVE('',#9621,#9612,#9623,.T.);
#9621 = VERTEX_POINT('',#9622);
#9622 = CARTESIAN_POINT('',(11.33383523994,-2.506020472276,6.));
#9623 = LINE('',#9624,#9625);
#9624 = CARTESIAN_POINT('',(11.33383523994,-2.506020472276,3.));
#9625 = VECTOR('',#9626,1.);
#9626 = DIRECTION('',(0.,0.,-1.));
#9627 = ORIENTED_EDGE('',*,*,#9628,.T.);
#9628 = EDGE_CURVE('',#9621,#9629,#9631,.T.);
#9629 = VERTEX_POINT('',#9630);
#9630 = CARTESIAN_POINT('',(-13.43608987344,31.149999999999,6.));
#9631 = CIRCLE('',#9632,40.);
#9632 = AXIS2_PLACEMENT_3D('',#9633,#9634,#9635);
#9633 = CARTESIAN_POINT('',(26.42,34.54,6.));
#9634 = DIRECTION('',(0.,0.,-1.));
#9635 = DIRECTION('',(1.,0.,0.));
#9636 = ORIENTED_EDGE('',*,*,#9637,.T.);
#9637 = EDGE_CURVE('',#9629,#9638,#9640,.T.);
#9638 = VERTEX_POINT('',#9639);
#9639 = CARTESIAN_POINT('',(-13.43608987344,31.15,5.));
#9640 = LINE('',#9641,#9642);
#9641 = CARTESIAN_POINT('',(-13.43608987344,31.15,3.));
#9642 = VECTOR('',#9643,1.);
#9643 = DIRECTION('',(0.,0.,-1.));
#9644 = ORIENTED_EDGE('',*,*,#9645,.T.);
#9645 = EDGE_CURVE('',#9638,#9646,#9648,.T.);
#9646 = VERTEX_POINT('',#9647);
#9647 = CARTESIAN_POINT('',(-13.47473649493,37.44,5.));
#9648 = CIRCLE('',#9649,40.);
#9649 = AXIS2_PLACEMENT_3D('',#9650,#9651,#9652);
#9650 = CARTESIAN_POINT('',(26.42,34.54,5.));
#9651 = DIRECTION('',(0.,0.,-1.));
#9652 = DIRECTION('',(1.,0.,0.));
#9653 = ORIENTED_EDGE('',*,*,#9654,.F.);
#9654 = EDGE_CURVE('',#9655,#9646,#9657,.T.);
#9655 = VERTEX_POINT('',#9656);
#9656 = CARTESIAN_POINT('',(-13.47473649493,37.440000000002,6.));
#9657 = LINE('',#9658,#9659);
#9658 = CARTESIAN_POINT('',(-13.47473649493,37.44,3.));
#9659 = VECTOR('',#9660,1.);
#9660 = DIRECTION('',(0.,0.,-1.));
#9661 = ORIENTED_EDGE('',*,*,#9662,.T.);
#9662 = EDGE_CURVE('',#9655,#9663,#9665,.T.);
#9663 = VERTEX_POINT('',#9664);
#9664 = CARTESIAN_POINT('',(10.879703416279,71.397823892492,6.));
#9665 = CIRCLE('',#9666,40.);
#9666 = AXIS2_PLACEMENT_3D('',#9667,#9668,#9669);
#9667 = CARTESIAN_POINT('',(26.42,34.54,6.));
#9668 = DIRECTION('',(0.,0.,-1.));
#9669 = DIRECTION('',(1.,0.,0.));
#9670 = ORIENTED_EDGE('',*,*,#9671,.T.);
#9671 = EDGE_CURVE('',#9663,#9672,#9674,.T.);
#9672 = VERTEX_POINT('',#9673);
#9673 = CARTESIAN_POINT('',(10.879703416278,71.397823892492,5.));
#9674 = LINE('',#9675,#9676);
#9675 = CARTESIAN_POINT('',(10.879703416278,71.397823892492,3.));
#9676 = VECTOR('',#9677,1.);
#9677 = DIRECTION('',(0.,0.,-1.));
#9678 = ORIENTED_EDGE('',*,*,#9679,.T.);
#9679 = EDGE_CURVE('',#9672,#9680,#9682,.T.);
#9680 = VERTEX_POINT('',#9681);
#9681 = CARTESIAN_POINT('',(16.849893867228,73.378293842643,5.));
#9682 = CIRCLE('',#9683,40.);
#9683 = AXIS2_PLACEMENT_3D('',#9684,#9685,#9686);
#9684 = CARTESIAN_POINT('',(26.42,34.54,5.));
#9685 = DIRECTION('',(0.,0.,-1.));
#9686 = DIRECTION('',(1.,0.,0.));
#9687 = ORIENTED_EDGE('',*,*,#9688,.F.);
#9688 = EDGE_CURVE('',#9689,#9680,#9691,.T.);
#9689 = VERTEX_POINT('',#9690);
#9690 = CARTESIAN_POINT('',(16.849893867229,73.378293842643,6.));
#9691 = LINE('',#9692,#9693);
#9692 = CARTESIAN_POINT('',(16.849893867228,73.378293842643,3.));
#9693 = VECTOR('',#9694,1.);
#9694 = DIRECTION('',(0.,0.,-1.));
#9695 = ORIENTED_EDGE('',*,*,#9696,.T.);
#9696 = EDGE_CURVE('',#9689,#9697,#9699,.T.);
#9697 = VERTEX_POINT('',#9698);
#9698 = CARTESIAN_POINT('',(35.512102614787,73.49296740997,6.));
#9699 = CIRCLE('',#9700,40.);
#9700 = AXIS2_PLACEMENT_3D('',#9701,#9702,#9703);
#9701 = CARTESIAN_POINT('',(26.42,34.54,6.));
#9702 = DIRECTION('',(0.,0.,-1.));
#9703 = DIRECTION('',(1.,0.,0.));
#9704 = ORIENTED_EDGE('',*,*,#9705,.T.);
#9705 = EDGE_CURVE('',#9697,#9706,#9708,.T.);
#9706 = VERTEX_POINT('',#9707);
#9707 = CARTESIAN_POINT('',(35.512102614789,73.49296740997,5.));
#9708 = LINE('',#9709,#9710);
#9709 = CARTESIAN_POINT('',(35.512102614789,73.49296740997,3.));
#9710 = VECTOR('',#9711,1.);
#9711 = DIRECTION('',(0.,0.,-1.));
#9712 = ORIENTED_EDGE('',*,*,#9713,.T.);
#9713 = EDGE_CURVE('',#9706,#9714,#9716,.T.);
#9714 = VERTEX_POINT('',#9715);
#9715 = CARTESIAN_POINT('',(41.506196340378,71.586007611881,5.));
#9716 = CIRCLE('',#9717,40.);
#9717 = AXIS2_PLACEMENT_3D('',#9718,#9719,#9720);
#9718 = CARTESIAN_POINT('',(26.42,34.54,5.));
#9719 = DIRECTION('',(0.,0.,-1.));
#9720 = DIRECTION('',(1.,0.,0.));
#9721 = ORIENTED_EDGE('',*,*,#9722,.F.);
#9722 = EDGE_CURVE('',#9723,#9714,#9725,.T.);
#9723 = VERTEX_POINT('',#9724);
#9724 = CARTESIAN_POINT('',(41.506196340379,71.586007611881,6.));
#9725 = LINE('',#9726,#9727);
#9726 = CARTESIAN_POINT('',(41.506196340378,71.586007611881,3.));
#9727 = VECTOR('',#9728,1.);
#9728 = DIRECTION('',(0.,0.,-1.));
#9729 = ORIENTED_EDGE('',*,*,#9730,.T.);
#9730 = EDGE_CURVE('',#9723,#9552,#9731,.T.);
#9731 = CIRCLE('',#9732,40.);
#9732 = AXIS2_PLACEMENT_3D('',#9733,#9734,#9735);
#9733 = CARTESIAN_POINT('',(26.42,34.54,6.));
#9734 = DIRECTION('',(0.,0.,-1.));
#9735 = DIRECTION('',(1.,0.,0.));
#9736 = CYLINDRICAL_SURFACE('',#9737,40.);
#9737 = AXIS2_PLACEMENT_3D('',#9738,#9739,#9740);
#9738 = CARTESIAN_POINT('',(26.42,34.54,3.));
#9739 = DIRECTION('',(0.,0.,-1.));
#9740 = DIRECTION('',(1.,0.,0.));
#9741 = ADVANCED_FACE('',(#9742,#9950,#9984),#10018,.T.);
#9742 = FACE_BOUND('',#9743,.T.);
#9743 = EDGE_LOOP('',(#9744,#9745,#9746,#9754,#9763,#9771,#9780,#9786,
    #9787,#9795,#9804,#9812,#9821,#9827,#9828,#9836,#9845,#9853,#9862,
    #9868,#9869,#9877,#9886,#9894,#9903,#9909,#9910,#9918,#9927,#9935,
    #9944));
#9744 = ORIENTED_EDGE('',*,*,#9560,.F.);
#9745 = ORIENTED_EDGE('',*,*,#9730,.F.);
#9746 = ORIENTED_EDGE('',*,*,#9747,.F.);
#9747 = EDGE_CURVE('',#9748,#9723,#9750,.T.);
#9748 = VERTEX_POINT('',#9749);
#9749 = CARTESIAN_POINT('',(37.342280334686,58.770769697847,6.));
#9750 = LINE('',#9751,#9752);
#9751 = CARTESIAN_POINT('',(37.342280334686,58.770769697847,6.));
#9752 = VECTOR('',#9753,1.);
#9753 = DIRECTION('',(0.309016510765,0.95105667343,0.));
#9754 = ORIENTED_EDGE('',*,*,#9755,.F.);
#9755 = EDGE_CURVE('',#9756,#9748,#9758,.T.);
#9756 = VERTEX_POINT('',#9757);
#9757 = CARTESIAN_POINT('',(37.090265707407,58.642361662208,6.));
#9758 = CIRCLE('',#9759,0.2);
#9759 = AXIS2_PLACEMENT_3D('',#9760,#9761,#9762);
#9760 = CARTESIAN_POINT('',(37.152069,58.832573,6.));
#9761 = DIRECTION('',(0.,-0.,1.));
#9762 = DIRECTION('',(0.309016510765,0.95105667343,0.));
#9763 = ORIENTED_EDGE('',*,*,#9764,.F.);
#9764 = EDGE_CURVE('',#9765,#9756,#9767,.T.);
#9765 = VERTEX_POINT('',#9766);
#9766 = CARTESIAN_POINT('',(31.488541707407,60.462468662208,6.));
#9767 = LINE('',#9768,#9769);
#9768 = CARTESIAN_POINT('',(31.488541707407,60.462468662208,6.));
#9769 = VECTOR('',#9770,1.);
#9770 = DIRECTION('',(0.951056688961,-0.309016462963,0.));
#9771 = ORIENTED_EDGE('',*,*,#9772,.F.);
#9772 = EDGE_CURVE('',#9773,#9765,#9775,.T.);
#9773 = VERTEX_POINT('',#9774);
#9774 = CARTESIAN_POINT('',(31.36013364326,60.714483234277,6.));
#9775 = CIRCLE('',#9776,0.2);
#9776 = AXIS2_PLACEMENT_3D('',#9777,#9778,#9779);
#9777 = CARTESIAN_POINT('',(31.550345,60.65268,6.));
#9778 = DIRECTION('',(-0.,0.,1.));
#9779 = DIRECTION('',(0.951056688961,-0.309016462963,0.));
#9780 = ORIENTED_EDGE('',*,*,#9781,.T.);
#9781 = EDGE_CURVE('',#9773,#9697,#9782,.T.);
#9782 = LINE('',#9783,#9784);
#9783 = CARTESIAN_POINT('',(31.36013364326,60.714483234277,6.));
#9784 = VECTOR('',#9785,1.);
#9785 = DIRECTION('',(0.309016171386,0.9510567837,0.));
#9786 = ORIENTED_EDGE('',*,*,#9696,.F.);
#9787 = ORIENTED_EDGE('',*,*,#9788,.F.);
#9788 = EDGE_CURVE('',#9789,#9689,#9791,.T.);
#9789 = VERTEX_POINT('',#9790);
#9790 = CARTESIAN_POINT('',(21.013826256679,60.563060542234,6.));
#9791 = LINE('',#9792,#9793);
#9792 = CARTESIAN_POINT('',(21.013826256679,60.563060542234,6.));
#9793 = VECTOR('',#9794,1.);
#9794 = DIRECTION('',(-0.309017711171,0.951056283394,0.));
#9795 = ORIENTED_EDGE('',*,*,#9796,.F.);
#9796 = EDGE_CURVE('',#9797,#9789,#9799,.T.);
#9797 = VERTEX_POINT('',#9798);
#9798 = CARTESIAN_POINT('',(20.885418456139,60.311045715347,6.));
#9799 = CIRCLE('',#9800,0.2);
#9800 = AXIS2_PLACEMENT_3D('',#9801,#9802,#9803);
#9801 = CARTESIAN_POINT('',(20.823615,60.501257,6.));
#9802 = DIRECTION('',(0.,0.,1.));
#9803 = DIRECTION('',(-0.309017711171,0.951056283394,0.));
#9804 = ORIENTED_EDGE('',*,*,#9805,.F.);
#9805 = EDGE_CURVE('',#9806,#9797,#9808,.T.);
#9806 = VERTEX_POINT('',#9807);
#9807 = CARTESIAN_POINT('',(15.283695456139,58.490933715347,6.));
#9808 = LINE('',#9809,#9810);
#9809 = CARTESIAN_POINT('',(15.283695456139,58.490933715347,6.));
#9810 = VECTOR('',#9811,1.);
#9811 = DIRECTION('',(0.951056423264,0.309017280694,0.));
#9812 = ORIENTED_EDGE('',*,*,#9813,.F.);
#9813 = EDGE_CURVE('',#9814,#9806,#9816,.T.);
#9814 = VERTEX_POINT('',#9815);
#9815 = CARTESIAN_POINT('',(15.031680682287,58.619341645609,6.));
#9816 = CIRCLE('',#9817,0.2);
#9817 = AXIS2_PLACEMENT_3D('',#9818,#9819,#9820);
#9818 = CARTESIAN_POINT('',(15.221892,58.681145,6.));
#9819 = DIRECTION('',(0.,-0.,1.));
#9820 = DIRECTION('',(0.951056423264,0.309017280694,0.));
#9821 = ORIENTED_EDGE('',*,*,#9822,.T.);
#9822 = EDGE_CURVE('',#9814,#9663,#9823,.T.);
#9823 = LINE('',#9824,#9825);
#9824 = CARTESIAN_POINT('',(15.031680682287,58.619341645609,6.));
#9825 = VECTOR('',#9826,1.);
#9826 = DIRECTION('',(-0.309016771954,0.951056588564,0.));
#9827 = ORIENTED_EDGE('',*,*,#9662,.F.);
#9828 = ORIENTED_EDGE('',*,*,#9829,.F.);
#9829 = EDGE_CURVE('',#9830,#9655,#9832,.T.);
#9830 = VERTEX_POINT('',#9831);
#9831 = CARTESIAN_POINT('',(0.,37.44,6.));
#9832 = LINE('',#9833,#9834);
#9833 = CARTESIAN_POINT('',(4.E-17,37.44,6.));
#9834 = VECTOR('',#9835,1.);
#9835 = DIRECTION('',(-1.,4.6E-16,0.));
#9836 = ORIENTED_EDGE('',*,*,#9837,.F.);
#9837 = EDGE_CURVE('',#9838,#9830,#9840,.T.);
#9838 = VERTEX_POINT('',#9839);
#9839 = CARTESIAN_POINT('',(0.2,37.24,6.));
#9840 = CIRCLE('',#9841,0.2);
#9841 = AXIS2_PLACEMENT_3D('',#9842,#9843,#9844);
#9842 = CARTESIAN_POINT('',(0.,37.24,6.));
#9843 = DIRECTION('',(0.,0.,1.));
#9844 = DIRECTION('',(-1.,0.,0.));
#9845 = ORIENTED_EDGE('',*,*,#9846,.F.);
#9846 = EDGE_CURVE('',#9847,#9838,#9849,.T.);
#9847 = VERTEX_POINT('',#9848);
#9848 = CARTESIAN_POINT('',(0.2,31.35,6.));
#9849 = LINE('',#9850,#9851);
#9850 = CARTESIAN_POINT('',(0.2,31.35,6.));
#9851 = VECTOR('',#9852,1.);
#9852 = DIRECTION('',(0.,1.,0.));
#9853 = ORIENTED_EDGE('',*,*,#9854,.F.);
#9854 = EDGE_CURVE('',#9855,#9847,#9857,.T.);
#9855 = VERTEX_POINT('',#9856);
#9856 = CARTESIAN_POINT('',(0.,31.15,6.));
#9857 = CIRCLE('',#9858,0.2);
#9858 = AXIS2_PLACEMENT_3D('',#9859,#9860,#9861);
#9859 = CARTESIAN_POINT('',(0.,31.35,6.));
#9860 = DIRECTION('',(0.,-0.,1.));
#9861 = DIRECTION('',(0.,1.,0.));
#9862 = ORIENTED_EDGE('',*,*,#9863,.T.);
#9863 = EDGE_CURVE('',#9855,#9629,#9864,.T.);
#9864 = LINE('',#9865,#9866);
#9865 = CARTESIAN_POINT('',(-2.E-17,31.15,6.));
#9866 = VECTOR('',#9867,1.);
#9867 = DIRECTION('',(-1.,2.3E-16,0.));
#9868 = ORIENTED_EDGE('',*,*,#9628,.F.);
#9869 = ORIENTED_EDGE('',*,*,#9870,.F.);
#9870 = EDGE_CURVE('',#9871,#9621,#9873,.T.);
#9871 = VERTEX_POINT('',#9872);
#9872 = CARTESIAN_POINT('',(15.49774061369,10.30922114327,6.));
#9873 = LINE('',#9874,#9875);
#9874 = CARTESIAN_POINT('',(15.49774061369,10.30922114327,6.));
#9875 = VECTOR('',#9876,1.);
#9876 = DIRECTION('',(-0.30901571635,-0.95105693155,0.));
#9877 = ORIENTED_EDGE('',*,*,#9878,.F.);
#9878 = EDGE_CURVE('',#9879,#9871,#9881,.T.);
#9879 = VERTEX_POINT('',#9880);
#9880 = CARTESIAN_POINT('',(15.74975514978,10.437629384195,6.));
#9881 = CIRCLE('',#9882,0.2);
#9882 = AXIS2_PLACEMENT_3D('',#9883,#9884,#9885);
#9883 = CARTESIAN_POINT('',(15.687952,10.247418,6.));
#9884 = DIRECTION('',(0.,0.,1.));
#9885 = DIRECTION('',(-0.30901571635,-0.95105693155,0.));
#9886 = ORIENTED_EDGE('',*,*,#9887,.F.);
#9887 = EDGE_CURVE('',#9888,#9879,#9890,.T.);
#9888 = VERTEX_POINT('',#9889);
#9889 = CARTESIAN_POINT('',(21.35148114978,8.617526384195,6.));
#9890 = LINE('',#9891,#9892);
#9891 = CARTESIAN_POINT('',(21.35148114978,8.617526384195,6.));
#9892 = VECTOR('',#9893,1.);
#9893 = DIRECTION('',(-0.951056920973,0.309015748902,0.));
#9894 = ORIENTED_EDGE('',*,*,#9895,.F.);
#9895 = EDGE_CURVE('',#9896,#9888,#9898,.T.);
#9896 = VERTEX_POINT('',#9897);
#9897 = CARTESIAN_POINT('',(21.47988932184,8.365511658311,6.));
#9898 = CIRCLE('',#9899,0.2);
#9899 = AXIS2_PLACEMENT_3D('',#9900,#9901,#9902);
#9900 = CARTESIAN_POINT('',(21.289678,8.427315,6.));
#9901 = DIRECTION('',(0.,0.,1.));
#9902 = DIRECTION('',(-0.951056920973,0.309015748902,0.));
#9903 = ORIENTED_EDGE('',*,*,#9904,.T.);
#9904 = EDGE_CURVE('',#9896,#9595,#9905,.T.);
#9905 = LINE('',#9906,#9907);
#9906 = CARTESIAN_POINT('',(21.47988932184,8.365511658311,6.));
#9907 = VECTOR('',#9908,1.);
#9908 = DIRECTION('',(-0.309016708443,-0.9510566092,0.));
#9909 = ORIENTED_EDGE('',*,*,#9594,.F.);
#9910 = ORIENTED_EDGE('',*,*,#9911,.F.);
#9911 = EDGE_CURVE('',#9912,#9587,#9914,.T.);
#9912 = VERTEX_POINT('',#9913);
#9913 = CARTESIAN_POINT('',(31.826196767568,8.516944383143,6.));
#9914 = LINE('',#9915,#9916);
#9915 = CARTESIAN_POINT('',(31.826196767568,8.516944383143,6.));
#9916 = VECTOR('',#9917,1.);
#9917 = DIRECTION('',(0.309018084287,-0.95105616216,0.));
#9918 = ORIENTED_EDGE('',*,*,#9919,.F.);
#9919 = EDGE_CURVE('',#9920,#9912,#9922,.T.);
#9920 = VERTEX_POINT('',#9921);
#9921 = CARTESIAN_POINT('',(31.954604370336,8.768959228271,6.));
#9922 = CIRCLE('',#9923,0.2);
#9923 = AXIS2_PLACEMENT_3D('',#9924,#9925,#9926);
#9924 = CARTESIAN_POINT('',(32.016408,8.578748,6.));
#9925 = DIRECTION('',(-0.,0.,1.));
#9926 = DIRECTION('',(0.309018084287,-0.95105616216,0.));
#9927 = ORIENTED_EDGE('',*,*,#9928,.F.);
#9928 = EDGE_CURVE('',#9929,#9920,#9931,.T.);
#9929 = VERTEX_POINT('',#9930);
#9930 = CARTESIAN_POINT('',(37.556325370336,10.589076228271,6.));
#9931 = LINE('',#9932,#9933);
#9932 = CARTESIAN_POINT('',(37.556325370336,10.589076228271,6.));
#9933 = VECTOR('',#9934,1.);
#9934 = DIRECTION('',(-0.951056141354,-0.309018148321,0.));
#9935 = ORIENTED_EDGE('',*,*,#9936,.F.);
#9936 = EDGE_CURVE('',#9937,#9929,#9939,.T.);
#9937 = VERTEX_POINT('',#9938);
#9938 = CARTESIAN_POINT('',(37.808340187604,10.460668754822,6.));
#9939 = CIRCLE('',#9940,0.2);
#9940 = AXIS2_PLACEMENT_3D('',#9941,#9942,#9943);
#9941 = CARTESIAN_POINT('',(37.618129,10.398865,6.));
#9942 = DIRECTION('',(0.,0.,1.));
#9943 = DIRECTION('',(-0.951056141354,-0.309018148321,0.));
#9944 = ORIENTED_EDGE('',*,*,#9945,.T.);
#9945 = EDGE_CURVE('',#9937,#9561,#9946,.T.);
#9946 = LINE('',#9947,#9948);
#9947 = CARTESIAN_POINT('',(37.808340187604,10.460668754822,6.));
#9948 = VECTOR('',#9949,1.);
#9949 = DIRECTION('',(0.30901877411,-0.951055938022,0.));
#9950 = FACE_BOUND('',#9951,.T.);
#9951 = EDGE_LOOP('',(#9952,#9962,#9970,#9978));
#9952 = ORIENTED_EDGE('',*,*,#9953,.F.);
#9953 = EDGE_CURVE('',#9954,#9956,#9958,.T.);
#9954 = VERTEX_POINT('',#9955);
#9955 = CARTESIAN_POINT('',(21.42,29.54,6.));
#9956 = VERTEX_POINT('',#9957);
#9957 = CARTESIAN_POINT('',(24.02,29.54,6.));
#9958 = LINE('',#9959,#9960);
#9959 = CARTESIAN_POINT('',(21.42,29.54,6.));
#9960 = VECTOR('',#9961,1.);
#9961 = DIRECTION('',(1.,0.,0.));
#9962 = ORIENTED_EDGE('',*,*,#9963,.T.);
#9963 = EDGE_CURVE('',#9954,#9964,#9966,.T.);
#9964 = VERTEX_POINT('',#9965);
#9965 = CARTESIAN_POINT('',(21.42,39.54,6.));
#9966 = LINE('',#9967,#9968);
#9967 = CARTESIAN_POINT('',(21.42,29.54,6.));
#9968 = VECTOR('',#9969,1.);
#9969 = DIRECTION('',(0.,1.,0.));
#9970 = ORIENTED_EDGE('',*,*,#9971,.T.);
#9971 = EDGE_CURVE('',#9964,#9972,#9974,.T.);
#9972 = VERTEX_POINT('',#9973);
#9973 = CARTESIAN_POINT('',(24.02,39.54,6.));
#9974 = LINE('',#9975,#9976);
#9975 = CARTESIAN_POINT('',(21.42,39.54,6.));
#9976 = VECTOR('',#9977,1.);
#9977 = DIRECTION('',(1.,0.,0.));
#9978 = ORIENTED_EDGE('',*,*,#9979,.T.);
#9979 = EDGE_CURVE('',#9972,#9956,#9980,.T.);
#9980 = LINE('',#9981,#9982);
#9981 = CARTESIAN_POINT('',(24.02,40.14,6.));
#9982 = VECTOR('',#9983,1.);
#9983 = DIRECTION('',(0.,-1.,0.));
#9984 = FACE_BOUND('',#9985,.T.);
#9985 = EDGE_LOOP('',(#9986,#9996,#10004,#10012));
#9986 = ORIENTED_EDGE('',*,*,#9987,.F.);
#9987 = EDGE_CURVE('',#9988,#9990,#9992,.T.);
#9988 = VERTEX_POINT('',#9989);
#9989 = CARTESIAN_POINT('',(29.02,29.54,6.));
#9990 = VERTEX_POINT('',#9991);
#9991 = CARTESIAN_POINT('',(31.42,29.54,6.));
#9992 = LINE('',#9993,#9994);
#9993 = CARTESIAN_POINT('',(21.42,29.54,6.));
#9994 = VECTOR('',#9995,1.);
#9995 = DIRECTION('',(1.,0.,0.));
#9996 = ORIENTED_EDGE('',*,*,#9997,.T.);
#9997 = EDGE_CURVE('',#9988,#9998,#10000,.T.);
#9998 = VERTEX_POINT('',#9999);
#9999 = CARTESIAN_POINT('',(29.02,39.54,6.));
#10000 = LINE('',#10001,#10002);
#10001 = CARTESIAN_POINT('',(29.02,29.14,6.));
#10002 = VECTOR('',#10003,1.);
#10003 = DIRECTION('',(0.,1.,0.));
#10004 = ORIENTED_EDGE('',*,*,#10005,.T.);
#10005 = EDGE_CURVE('',#9998,#10006,#10008,.T.);
#10006 = VERTEX_POINT('',#10007);
#10007 = CARTESIAN_POINT('',(31.42,39.54,6.));
#10008 = LINE('',#10009,#10010);
#10009 = CARTESIAN_POINT('',(21.42,39.54,6.));
#10010 = VECTOR('',#10011,1.);
#10011 = DIRECTION('',(1.,0.,0.));
#10012 = ORIENTED_EDGE('',*,*,#10013,.F.);
#10013 = EDGE_CURVE('',#9990,#10006,#10014,.T.);
#10014 = LINE('',#10015,#10016);
#10015 = CARTESIAN_POINT('',(31.42,29.54,6.));
#10016 = VECTOR('',#10017,1.);
#10017 = DIRECTION('',(0.,1.,0.));
#10018 = PLANE('',#10019);
#10019 = AXIS2_PLACEMENT_3D('',#10020,#10021,#10022);
#10020 = CARTESIAN_POINT('',(26.42,34.54,6.));
#10021 = DIRECTION('',(0.,0.,1.));
#10022 = DIRECTION('',(1.,0.,0.));
#10023 = ADVANCED_FACE('',(#10024),#10042,.F.);
#10024 = FACE_BOUND('',#10025,.F.);
#10025 = EDGE_LOOP('',(#10026,#10027,#10035,#10041));
#10026 = ORIENTED_EDGE('',*,*,#9747,.F.);
#10027 = ORIENTED_EDGE('',*,*,#10028,.T.);
#10028 = EDGE_CURVE('',#9748,#10029,#10031,.T.);
#10029 = VERTEX_POINT('',#10030);
#10030 = CARTESIAN_POINT('',(37.342280334686,58.770769697847,5.));
#10031 = LINE('',#10032,#10033);
#10032 = CARTESIAN_POINT('',(37.342280334686,58.770769697847,6.));
#10033 = VECTOR('',#10034,1.);
#10034 = DIRECTION('',(-0.,-0.,-1.));
#10035 = ORIENTED_EDGE('',*,*,#10036,.T.);
#10036 = EDGE_CURVE('',#10029,#9714,#10037,.T.);
#10037 = LINE('',#10038,#10039);
#10038 = CARTESIAN_POINT('',(37.342280334686,58.770769697847,5.));
#10039 = VECTOR('',#10040,1.);
#10040 = DIRECTION('',(0.309016510765,0.95105667343,0.));
#10041 = ORIENTED_EDGE('',*,*,#9722,.F.);
#10042 = PLANE('',#10043);
#10043 = AXIS2_PLACEMENT_3D('',#10044,#10045,#10046);
#10044 = CARTESIAN_POINT('',(37.342280334686,58.770769697847,6.));
#10045 = DIRECTION('',(0.95105667343,-0.309016510765,0.));
#10046 = DIRECTION('',(0.309016510765,0.95105667343,0.));
#10047 = ADVANCED_FACE('',(#10048,#10084),#10095,.T.);
#10048 = FACE_BOUND('',#10049,.T.);
#10049 = EDGE_LOOP('',(#10050,#10059,#10060,#10061,#10069,#10078));
#10050 = ORIENTED_EDGE('',*,*,#10051,.T.);
#10051 = EDGE_CURVE('',#10052,#10029,#10054,.T.);
#10052 = VERTEX_POINT('',#10053);
#10053 = CARTESIAN_POINT('',(37.090265707407,58.642361662208,5.));
#10054 = CIRCLE('',#10055,0.2);
#10055 = AXIS2_PLACEMENT_3D('',#10056,#10057,#10058);
#10056 = CARTESIAN_POINT('',(37.152069,58.832573,5.));
#10057 = DIRECTION('',(0.,-0.,1.));
#10058 = DIRECTION('',(0.309016510765,0.95105667343,0.));
#10059 = ORIENTED_EDGE('',*,*,#10036,.T.);
#10060 = ORIENTED_EDGE('',*,*,#9713,.F.);
#10061 = ORIENTED_EDGE('',*,*,#10062,.F.);
#10062 = EDGE_CURVE('',#10063,#9706,#10065,.T.);
#10063 = VERTEX_POINT('',#10064);
#10064 = CARTESIAN_POINT('',(31.36013364326,60.714483234277,5.));
#10065 = LINE('',#10066,#10067);
#10066 = CARTESIAN_POINT('',(31.36013364326,60.714483234277,5.));
#10067 = VECTOR('',#10068,1.);
#10068 = DIRECTION('',(0.309016171386,0.9510567837,0.));
#10069 = ORIENTED_EDGE('',*,*,#10070,.T.);
#10070 = EDGE_CURVE('',#10063,#10071,#10073,.T.);
#10071 = VERTEX_POINT('',#10072);
#10072 = CARTESIAN_POINT('',(31.488541707407,60.462468662208,5.));
#10073 = CIRCLE('',#10074,0.2);
#10074 = AXIS2_PLACEMENT_3D('',#10075,#10076,#10077);
#10075 = CARTESIAN_POINT('',(31.550345,60.65268,5.));
#10076 = DIRECTION('',(-0.,0.,1.));
#10077 = DIRECTION('',(0.951056688961,-0.309016462963,0.));
#10078 = ORIENTED_EDGE('',*,*,#10079,.T.);
#10079 = EDGE_CURVE('',#10071,#10052,#10080,.T.);
#10080 = LINE('',#10081,#10082);
#10081 = CARTESIAN_POINT('',(31.488541707407,60.462468662208,5.));
#10082 = VECTOR('',#10083,1.);
#10083 = DIRECTION('',(0.951056688961,-0.309016462963,0.));
#10084 = FACE_BOUND('',#10085,.T.);
#10085 = EDGE_LOOP('',(#10086));
#10086 = ORIENTED_EDGE('',*,*,#10087,.F.);
#10087 = EDGE_CURVE('',#10088,#10088,#10090,.T.);
#10088 = VERTEX_POINT('',#10089);
#10089 = CARTESIAN_POINT('',(36.784579,64.008476,5.));
#10090 = CIRCLE('',#10091,1.);
#10091 = AXIS2_PLACEMENT_3D('',#10092,#10093,#10094);
#10092 = CARTESIAN_POINT('',(35.784579,64.008476,5.));
#10093 = DIRECTION('',(0.,0.,1.));
#10094 = DIRECTION('',(1.,0.,0.));
#10095 = PLANE('',#10096);
#10096 = AXIS2_PLACEMENT_3D('',#10097,#10098,#10099);
#10097 = CARTESIAN_POINT('',(19.206965387982,34.513315865144,5.));
#10098 = DIRECTION('',(0.,0.,1.));
#10099 = DIRECTION('',(1.,0.,0.));
#10100 = ADVANCED_FACE('',(#10101),#10112,.T.);
#10101 = FACE_BOUND('',#10102,.T.);
#10102 = EDGE_LOOP('',(#10103,#10104,#10110,#10111));
#10103 = ORIENTED_EDGE('',*,*,#9781,.F.);
#10104 = ORIENTED_EDGE('',*,*,#10105,.T.);
#10105 = EDGE_CURVE('',#9773,#10063,#10106,.T.);
#10106 = LINE('',#10107,#10108);
#10107 = CARTESIAN_POINT('',(31.36013364326,60.714483234277,6.));
#10108 = VECTOR('',#10109,1.);
#10109 = DIRECTION('',(-0.,-0.,-1.));
#10110 = ORIENTED_EDGE('',*,*,#10062,.T.);
#10111 = ORIENTED_EDGE('',*,*,#9705,.F.);
#10112 = PLANE('',#10113);
#10113 = AXIS2_PLACEMENT_3D('',#10114,#10115,#10116);
#10114 = CARTESIAN_POINT('',(31.36013364326,60.714483234277,6.));
#10115 = DIRECTION('',(0.9510567837,-0.309016171386,0.));
#10116 = DIRECTION('',(0.309016171386,0.9510567837,0.));
#10117 = ADVANCED_FACE('',(#10118),#10136,.F.);
#10118 = FACE_BOUND('',#10119,.F.);
#10119 = EDGE_LOOP('',(#10120,#10121,#10129,#10135));
#10120 = ORIENTED_EDGE('',*,*,#9788,.F.);
#10121 = ORIENTED_EDGE('',*,*,#10122,.T.);
#10122 = EDGE_CURVE('',#9789,#10123,#10125,.T.);
#10123 = VERTEX_POINT('',#10124);
#10124 = CARTESIAN_POINT('',(21.013826256679,60.563060542234,5.));
#10125 = LINE('',#10126,#10127);
#10126 = CARTESIAN_POINT('',(21.013826256679,60.563060542234,6.));
#10127 = VECTOR('',#10128,1.);
#10128 = DIRECTION('',(-0.,-0.,-1.));
#10129 = ORIENTED_EDGE('',*,*,#10130,.T.);
#10130 = EDGE_CURVE('',#10123,#9680,#10131,.T.);
#10131 = LINE('',#10132,#10133);
#10132 = CARTESIAN_POINT('',(21.013826256679,60.563060542234,5.));
#10133 = VECTOR('',#10134,1.);
#10134 = DIRECTION('',(-0.309017711171,0.951056283394,0.));
#10135 = ORIENTED_EDGE('',*,*,#9688,.F.);
#10136 = PLANE('',#10137);
#10137 = AXIS2_PLACEMENT_3D('',#10138,#10139,#10140);
#10138 = CARTESIAN_POINT('',(21.013826256679,60.563060542234,6.));
#10139 = DIRECTION('',(0.951056283394,0.309017711171,0.));
#10140 = DIRECTION('',(-0.309017711171,0.951056283394,0.));
#10141 = ADVANCED_FACE('',(#10142,#10178),#10189,.T.);
#10142 = FACE_BOUND('',#10143,.T.);
#10143 = EDGE_LOOP('',(#10144,#10153,#10154,#10155,#10163,#10172));
#10144 = ORIENTED_EDGE('',*,*,#10145,.T.);
#10145 = EDGE_CURVE('',#10146,#10123,#10148,.T.);
#10146 = VERTEX_POINT('',#10147);
#10147 = CARTESIAN_POINT('',(20.885418456139,60.311045715347,5.));
#10148 = CIRCLE('',#10149,0.2);
#10149 = AXIS2_PLACEMENT_3D('',#10150,#10151,#10152);
#10150 = CARTESIAN_POINT('',(20.823615,60.501257,5.));
#10151 = DIRECTION('',(0.,0.,1.));
#10152 = DIRECTION('',(-0.309017711171,0.951056283394,0.));
#10153 = ORIENTED_EDGE('',*,*,#10130,.T.);
#10154 = ORIENTED_EDGE('',*,*,#9679,.F.);
#10155 = ORIENTED_EDGE('',*,*,#10156,.F.);
#10156 = EDGE_CURVE('',#10157,#9672,#10159,.T.);
#10157 = VERTEX_POINT('',#10158);
#10158 = CARTESIAN_POINT('',(15.031680682287,58.619341645609,5.));
#10159 = LINE('',#10160,#10161);
#10160 = CARTESIAN_POINT('',(15.031680682287,58.619341645609,5.));
#10161 = VECTOR('',#10162,1.);
#10162 = DIRECTION('',(-0.309016771954,0.951056588564,0.));
#10163 = ORIENTED_EDGE('',*,*,#10164,.T.);
#10164 = EDGE_CURVE('',#10157,#10165,#10167,.T.);
#10165 = VERTEX_POINT('',#10166);
#10166 = CARTESIAN_POINT('',(15.283695456139,58.490933715347,5.));
#10167 = CIRCLE('',#10168,0.2);
#10168 = AXIS2_PLACEMENT_3D('',#10169,#10170,#10171);
#10169 = CARTESIAN_POINT('',(15.221892,58.681145,5.));
#10170 = DIRECTION('',(0.,-0.,1.));
#10171 = DIRECTION('',(0.951056423264,0.309017280694,0.));
#10172 = ORIENTED_EDGE('',*,*,#10173,.T.);
#10173 = EDGE_CURVE('',#10165,#10146,#10174,.T.);
#10174 = LINE('',#10175,#10176);
#10175 = CARTESIAN_POINT('',(15.283695456139,58.490933715347,5.));
#10176 = VECTOR('',#10177,1.);
#10177 = DIRECTION('',(0.951056423264,0.309017280694,0.));
#10178 = FACE_BOUND('',#10179,.T.);
#10179 = EDGE_LOOP('',(#10180));
#10180 = ORIENTED_EDGE('',*,*,#10181,.F.);
#10181 = EDGE_CURVE('',#10182,#10182,#10184,.T.);
#10182 = VERTEX_POINT('',#10183);
#10183 = CARTESIAN_POINT('',(17.674973,63.884861,5.));
#10184 = CIRCLE('',#10185,1.);
#10185 = AXIS2_PLACEMENT_3D('',#10186,#10187,#10188);
#10186 = CARTESIAN_POINT('',(16.674973,63.884861,5.));
#10187 = DIRECTION('',(0.,0.,1.));
#10188 = DIRECTION('',(1.,0.,0.));
#10189 = PLANE('',#10190);
#10190 = AXIS2_PLACEMENT_3D('',#10191,#10192,#10193);
#10191 = CARTESIAN_POINT('',(19.206965387982,34.513315865144,5.));
#10192 = DIRECTION('',(0.,0.,1.));
#10193 = DIRECTION('',(1.,0.,0.));
#10194 = ADVANCED_FACE('',(#10195),#10206,.T.);
#10195 = FACE_BOUND('',#10196,.T.);
#10196 = EDGE_LOOP('',(#10197,#10198,#10204,#10205));
#10197 = ORIENTED_EDGE('',*,*,#9822,.F.);
#10198 = ORIENTED_EDGE('',*,*,#10199,.T.);
#10199 = EDGE_CURVE('',#9814,#10157,#10200,.T.);
#10200 = LINE('',#10201,#10202);
#10201 = CARTESIAN_POINT('',(15.031680682287,58.619341645609,6.));
#10202 = VECTOR('',#10203,1.);
#10203 = DIRECTION('',(-0.,-0.,-1.));
#10204 = ORIENTED_EDGE('',*,*,#10156,.T.);
#10205 = ORIENTED_EDGE('',*,*,#9671,.F.);
#10206 = PLANE('',#10207);
#10207 = AXIS2_PLACEMENT_3D('',#10208,#10209,#10210);
#10208 = CARTESIAN_POINT('',(15.031680682287,58.619341645609,6.));
#10209 = DIRECTION('',(0.951056588564,0.309016771954,0.));
#10210 = DIRECTION('',(-0.309016771954,0.951056588564,0.));
#10211 = ADVANCED_FACE('',(#10212),#10230,.F.);
#10212 = FACE_BOUND('',#10213,.F.);
#10213 = EDGE_LOOP('',(#10214,#10215,#10223,#10229));
#10214 = ORIENTED_EDGE('',*,*,#9829,.F.);
#10215 = ORIENTED_EDGE('',*,*,#10216,.T.);
#10216 = EDGE_CURVE('',#9830,#10217,#10219,.T.);
#10217 = VERTEX_POINT('',#10218);
#10218 = CARTESIAN_POINT('',(0.,37.44,5.));
#10219 = LINE('',#10220,#10221);
#10220 = CARTESIAN_POINT('',(4.E-17,37.44,6.));
#10221 = VECTOR('',#10222,1.);
#10222 = DIRECTION('',(-0.,-0.,-1.));
#10223 = ORIENTED_EDGE('',*,*,#10224,.T.);
#10224 = EDGE_CURVE('',#10217,#9646,#10225,.T.);
#10225 = LINE('',#10226,#10227);
#10226 = CARTESIAN_POINT('',(4.E-17,37.44,5.));
#10227 = VECTOR('',#10228,1.);
#10228 = DIRECTION('',(-1.,4.6E-16,0.));
#10229 = ORIENTED_EDGE('',*,*,#9654,.F.);
#10230 = PLANE('',#10231);
#10231 = AXIS2_PLACEMENT_3D('',#10232,#10233,#10234);
#10232 = CARTESIAN_POINT('',(4.E-17,37.44,6.));
#10233 = DIRECTION('',(4.6E-16,1.,0.));
#10234 = DIRECTION('',(-1.,4.6E-16,0.));
#10235 = ADVANCED_FACE('',(#10236,#10272),#10283,.T.);
#10236 = FACE_BOUND('',#10237,.T.);
#10237 = EDGE_LOOP('',(#10238,#10249,#10257,#10264,#10265,#10266));
#10238 = ORIENTED_EDGE('',*,*,#10239,.T.);
#10239 = EDGE_CURVE('',#10240,#10242,#10244,.T.);
#10240 = VERTEX_POINT('',#10241);
#10241 = CARTESIAN_POINT('',(0.,31.15,5.));
#10242 = VERTEX_POINT('',#10243);
#10243 = CARTESIAN_POINT('',(0.2,31.35,5.));
#10244 = CIRCLE('',#10245,0.2);
#10245 = AXIS2_PLACEMENT_3D('',#10246,#10247,#10248);
#10246 = CARTESIAN_POINT('',(0.,31.35,5.));
#10247 = DIRECTION('',(0.,-0.,1.));
#10248 = DIRECTION('',(0.,1.,0.));
#10249 = ORIENTED_EDGE('',*,*,#10250,.T.);
#10250 = EDGE_CURVE('',#10242,#10251,#10253,.T.);
#10251 = VERTEX_POINT('',#10252);
#10252 = CARTESIAN_POINT('',(0.2,37.24,5.));
#10253 = LINE('',#10254,#10255);
#10254 = CARTESIAN_POINT('',(0.2,31.35,5.));
#10255 = VECTOR('',#10256,1.);
#10256 = DIRECTION('',(0.,1.,0.));
#10257 = ORIENTED_EDGE('',*,*,#10258,.T.);
#10258 = EDGE_CURVE('',#10251,#10217,#10259,.T.);
#10259 = CIRCLE('',#10260,0.2);
#10260 = AXIS2_PLACEMENT_3D('',#10261,#10262,#10263);
#10261 = CARTESIAN_POINT('',(0.,37.24,5.));
#10262 = DIRECTION('',(0.,0.,1.));
#10263 = DIRECTION('',(-1.,0.,0.));
#10264 = ORIENTED_EDGE('',*,*,#10224,.T.);
#10265 = ORIENTED_EDGE('',*,*,#9645,.F.);
#10266 = ORIENTED_EDGE('',*,*,#10267,.F.);
#10267 = EDGE_CURVE('',#10240,#9638,#10268,.T.);
#10268 = LINE('',#10269,#10270);
#10269 = CARTESIAN_POINT('',(-2.E-17,31.15,5.));
#10270 = VECTOR('',#10271,1.);
#10271 = DIRECTION('',(-1.,2.3E-16,0.));
#10272 = FACE_BOUND('',#10273,.T.);
#10273 = EDGE_LOOP('',(#10274));
#10274 = ORIENTED_EDGE('',*,*,#10275,.F.);
#10275 = EDGE_CURVE('',#10276,#10276,#10278,.T.);
#10276 = VERTEX_POINT('',#10277);
#10277 = CARTESIAN_POINT('',(-3.5,34.34,5.));
#10278 = CIRCLE('',#10279,1.);
#10279 = AXIS2_PLACEMENT_3D('',#10280,#10281,#10282);
#10280 = CARTESIAN_POINT('',(-4.5,34.34,5.));
#10281 = DIRECTION('',(0.,0.,1.));
#10282 = DIRECTION('',(1.,0.,0.));
#10283 = PLANE('',#10284);
#10284 = AXIS2_PLACEMENT_3D('',#10285,#10286,#10287);
#10285 = CARTESIAN_POINT('',(19.206965387982,34.513315865144,5.));
#10286 = DIRECTION('',(0.,0.,1.));
#10287 = DIRECTION('',(1.,0.,0.));
#10288 = ADVANCED_FACE('',(#10289),#10300,.T.);
#10289 = FACE_BOUND('',#10290,.T.);
#10290 = EDGE_LOOP('',(#10291,#10292,#10298,#10299));
#10291 = ORIENTED_EDGE('',*,*,#9863,.F.);
#10292 = ORIENTED_EDGE('',*,*,#10293,.T.);
#10293 = EDGE_CURVE('',#9855,#10240,#10294,.T.);
#10294 = LINE('',#10295,#10296);
#10295 = CARTESIAN_POINT('',(-2.E-17,31.15,6.));
#10296 = VECTOR('',#10297,1.);
#10297 = DIRECTION('',(-0.,-0.,-1.));
#10298 = ORIENTED_EDGE('',*,*,#10267,.T.);
#10299 = ORIENTED_EDGE('',*,*,#9637,.F.);
#10300 = PLANE('',#10301);
#10301 = AXIS2_PLACEMENT_3D('',#10302,#10303,#10304);
#10302 = CARTESIAN_POINT('',(-2.E-17,31.15,6.));
#10303 = DIRECTION('',(2.3E-16,1.,0.));
#10304 = DIRECTION('',(-1.,2.3E-16,0.));
#10305 = ADVANCED_FACE('',(#10306),#10324,.F.);
#10306 = FACE_BOUND('',#10307,.F.);
#10307 = EDGE_LOOP('',(#10308,#10309,#10317,#10323));
#10308 = ORIENTED_EDGE('',*,*,#9870,.F.);
#10309 = ORIENTED_EDGE('',*,*,#10310,.T.);
#10310 = EDGE_CURVE('',#9871,#10311,#10313,.T.);
#10311 = VERTEX_POINT('',#10312);
#10312 = CARTESIAN_POINT('',(15.49774061369,10.30922114327,5.));
#10313 = LINE('',#10314,#10315);
#10314 = CARTESIAN_POINT('',(15.49774061369,10.30922114327,6.));
#10315 = VECTOR('',#10316,1.);
#10316 = DIRECTION('',(-0.,-0.,-1.));
#10317 = ORIENTED_EDGE('',*,*,#10318,.T.);
#10318 = EDGE_CURVE('',#10311,#9612,#10319,.T.);
#10319 = LINE('',#10320,#10321);
#10320 = CARTESIAN_POINT('',(15.49774061369,10.30922114327,5.));
#10321 = VECTOR('',#10322,1.);
#10322 = DIRECTION('',(-0.30901571635,-0.95105693155,0.));
#10323 = ORIENTED_EDGE('',*,*,#9620,.F.);
#10324 = PLANE('',#10325);
#10325 = AXIS2_PLACEMENT_3D('',#10326,#10327,#10328);
#10326 = CARTESIAN_POINT('',(15.49774061369,10.30922114327,6.));
#10327 = DIRECTION('',(-0.95105693155,0.30901571635,0.));
#10328 = DIRECTION('',(-0.30901571635,-0.95105693155,0.));
#10329 = ADVANCED_FACE('',(#10330,#10366),#10377,.T.);
#10330 = FACE_BOUND('',#10331,.T.);
#10331 = EDGE_LOOP('',(#10332,#10341,#10342,#10343,#10351,#10360));
#10332 = ORIENTED_EDGE('',*,*,#10333,.T.);
#10333 = EDGE_CURVE('',#10334,#10311,#10336,.T.);
#10334 = VERTEX_POINT('',#10335);
#10335 = CARTESIAN_POINT('',(15.74975514978,10.437629384195,5.));
#10336 = CIRCLE('',#10337,0.2);
#10337 = AXIS2_PLACEMENT_3D('',#10338,#10339,#10340);
#10338 = CARTESIAN_POINT('',(15.687952,10.247418,5.));
#10339 = DIRECTION('',(0.,0.,1.));
#10340 = DIRECTION('',(-0.30901571635,-0.95105693155,0.));
#10341 = ORIENTED_EDGE('',*,*,#10318,.T.);
#10342 = ORIENTED_EDGE('',*,*,#9611,.F.);
#10343 = ORIENTED_EDGE('',*,*,#10344,.F.);
#10344 = EDGE_CURVE('',#10345,#9604,#10347,.T.);
#10345 = VERTEX_POINT('',#10346);
#10346 = CARTESIAN_POINT('',(21.47988932184,8.365511658311,5.));
#10347 = LINE('',#10348,#10349);
#10348 = CARTESIAN_POINT('',(21.47988932184,8.365511658311,5.));
#10349 = VECTOR('',#10350,1.);
#10350 = DIRECTION('',(-0.309016708443,-0.9510566092,0.));
#10351 = ORIENTED_EDGE('',*,*,#10352,.T.);
#10352 = EDGE_CURVE('',#10345,#10353,#10355,.T.);
#10353 = VERTEX_POINT('',#10354);
#10354 = CARTESIAN_POINT('',(21.35148114978,8.617526384195,5.));
#10355 = CIRCLE('',#10356,0.2);
#10356 = AXIS2_PLACEMENT_3D('',#10357,#10358,#10359);
#10357 = CARTESIAN_POINT('',(21.289678,8.427315,5.));
#10358 = DIRECTION('',(0.,0.,1.));
#10359 = DIRECTION('',(-0.951056920973,0.309015748902,0.));
#10360 = ORIENTED_EDGE('',*,*,#10361,.T.);
#10361 = EDGE_CURVE('',#10353,#10334,#10362,.T.);
#10362 = LINE('',#10363,#10364);
#10363 = CARTESIAN_POINT('',(21.35148114978,8.617526384195,5.));
#10364 = VECTOR('',#10365,1.);
#10365 = DIRECTION('',(-0.951056920973,0.309015748902,0.));
#10366 = FACE_BOUND('',#10367,.T.);
#10367 = EDGE_LOOP('',(#10368));
#10368 = ORIENTED_EDGE('',*,*,#10369,.F.);
#10369 = EDGE_CURVE('',#10370,#10370,#10372,.T.);
#10370 = VERTEX_POINT('',#10371);
#10371 = CARTESIAN_POINT('',(18.055447,5.071516,5.));
#10372 = CIRCLE('',#10373,1.);
#10373 = AXIS2_PLACEMENT_3D('',#10374,#10375,#10376);
#10374 = CARTESIAN_POINT('',(17.055447,5.071516,5.));
#10375 = DIRECTION('',(0.,0.,1.));
#10376 = DIRECTION('',(1.,0.,0.));
#10377 = PLANE('',#10378);
#10378 = AXIS2_PLACEMENT_3D('',#10379,#10380,#10381);
#10379 = CARTESIAN_POINT('',(19.206965387982,34.513315865144,5.));
#10380 = DIRECTION('',(0.,0.,1.));
#10381 = DIRECTION('',(1.,0.,0.));
#10382 = ADVANCED_FACE('',(#10383),#10394,.T.);
#10383 = FACE_BOUND('',#10384,.T.);
#10384 = EDGE_LOOP('',(#10385,#10386,#10392,#10393));
#10385 = ORIENTED_EDGE('',*,*,#9904,.F.);
#10386 = ORIENTED_EDGE('',*,*,#10387,.T.);
#10387 = EDGE_CURVE('',#9896,#10345,#10388,.T.);
#10388 = LINE('',#10389,#10390);
#10389 = CARTESIAN_POINT('',(21.47988932184,8.365511658311,6.));
#10390 = VECTOR('',#10391,1.);
#10391 = DIRECTION('',(-0.,-0.,-1.));
#10392 = ORIENTED_EDGE('',*,*,#10344,.T.);
#10393 = ORIENTED_EDGE('',*,*,#9603,.F.);
#10394 = PLANE('',#10395);
#10395 = AXIS2_PLACEMENT_3D('',#10396,#10397,#10398);
#10396 = CARTESIAN_POINT('',(21.47988932184,8.365511658311,6.));
#10397 = DIRECTION('',(-0.9510566092,0.309016708443,0.));
#10398 = DIRECTION('',(-0.309016708443,-0.9510566092,0.));
#10399 = ADVANCED_FACE('',(#10400),#10418,.F.);
#10400 = FACE_BOUND('',#10401,.F.);
#10401 = EDGE_LOOP('',(#10402,#10403,#10411,#10417));
#10402 = ORIENTED_EDGE('',*,*,#9911,.F.);
#10403 = ORIENTED_EDGE('',*,*,#10404,.T.);
#10404 = EDGE_CURVE('',#9912,#10405,#10407,.T.);
#10405 = VERTEX_POINT('',#10406);
#10406 = CARTESIAN_POINT('',(31.826196767568,8.516944383143,5.));
#10407 = LINE('',#10408,#10409);
#10408 = CARTESIAN_POINT('',(31.826196767568,8.516944383143,6.));
#10409 = VECTOR('',#10410,1.);
#10410 = DIRECTION('',(-0.,-0.,-1.));
#10411 = ORIENTED_EDGE('',*,*,#10412,.T.);
#10412 = EDGE_CURVE('',#10405,#9578,#10413,.T.);
#10413 = LINE('',#10414,#10415);
#10414 = CARTESIAN_POINT('',(31.826196767568,8.516944383143,5.));
#10415 = VECTOR('',#10416,1.);
#10416 = DIRECTION('',(0.309018084287,-0.95105616216,0.));
#10417 = ORIENTED_EDGE('',*,*,#9586,.F.);
#10418 = PLANE('',#10419);
#10419 = AXIS2_PLACEMENT_3D('',#10420,#10421,#10422);
#10420 = CARTESIAN_POINT('',(31.826196767568,8.516944383143,6.));
#10421 = DIRECTION('',(-0.95105616216,-0.309018084287,0.));
#10422 = DIRECTION('',(0.309018084287,-0.95105616216,0.));
#10423 = ADVANCED_FACE('',(#10424,#10460),#10471,.T.);
#10424 = FACE_BOUND('',#10425,.T.);
#10425 = EDGE_LOOP('',(#10426,#10435,#10436,#10437,#10445,#10454));
#10426 = ORIENTED_EDGE('',*,*,#10427,.T.);
#10427 = EDGE_CURVE('',#10428,#10405,#10430,.T.);
#10428 = VERTEX_POINT('',#10429);
#10429 = CARTESIAN_POINT('',(31.954604370336,8.768959228271,5.));
#10430 = CIRCLE('',#10431,0.2);
#10431 = AXIS2_PLACEMENT_3D('',#10432,#10433,#10434);
#10432 = CARTESIAN_POINT('',(32.016408,8.578748,5.));
#10433 = DIRECTION('',(-0.,0.,1.));
#10434 = DIRECTION('',(0.309018084287,-0.95105616216,0.));
#10435 = ORIENTED_EDGE('',*,*,#10412,.T.);
#10436 = ORIENTED_EDGE('',*,*,#9577,.F.);
#10437 = ORIENTED_EDGE('',*,*,#10438,.F.);
#10438 = EDGE_CURVE('',#10439,#9570,#10441,.T.);
#10439 = VERTEX_POINT('',#10440);
#10440 = CARTESIAN_POINT('',(37.808340187604,10.460668754822,5.));
#10441 = LINE('',#10442,#10443);
#10442 = CARTESIAN_POINT('',(37.808340187604,10.460668754822,5.));
#10443 = VECTOR('',#10444,1.);
#10444 = DIRECTION('',(0.30901877411,-0.951055938022,0.));
#10445 = ORIENTED_EDGE('',*,*,#10446,.T.);
#10446 = EDGE_CURVE('',#10439,#10447,#10449,.T.);
#10447 = VERTEX_POINT('',#10448);
#10448 = CARTESIAN_POINT('',(37.556325370336,10.589076228271,5.));
#10449 = CIRCLE('',#10450,0.2);
#10450 = AXIS2_PLACEMENT_3D('',#10451,#10452,#10453);
#10451 = CARTESIAN_POINT('',(37.618129,10.398865,5.));
#10452 = DIRECTION('',(0.,0.,1.));
#10453 = DIRECTION('',(-0.951056141354,-0.309018148321,0.));
#10454 = ORIENTED_EDGE('',*,*,#10455,.T.);
#10455 = EDGE_CURVE('',#10447,#10428,#10456,.T.);
#10456 = LINE('',#10457,#10458);
#10457 = CARTESIAN_POINT('',(37.556325370336,10.589076228271,5.));
#10458 = VECTOR('',#10459,1.);
#10459 = DIRECTION('',(-0.951056141354,-0.309018148321,0.));
#10460 = FACE_BOUND('',#10461,.T.);
#10461 = EDGE_LOOP('',(#10462));
#10462 = ORIENTED_EDGE('',*,*,#10463,.F.);
#10463 = EDGE_CURVE('',#10464,#10464,#10466,.T.);
#10464 = VERTEX_POINT('',#10465);
#10465 = CARTESIAN_POINT('',(37.165053,5.195148,5.));
#10466 = CIRCLE('',#10467,1.);
#10467 = AXIS2_PLACEMENT_3D('',#10468,#10469,#10470);
#10468 = CARTESIAN_POINT('',(36.165053,5.195148,5.));
#10469 = DIRECTION('',(0.,0.,1.));
#10470 = DIRECTION('',(1.,0.,0.));
#10471 = PLANE('',#10472);
#10472 = AXIS2_PLACEMENT_3D('',#10473,#10474,#10475);
#10473 = CARTESIAN_POINT('',(19.206965387982,34.513315865144,5.));
#10474 = DIRECTION('',(0.,0.,1.));
#10475 = DIRECTION('',(1.,0.,0.));
#10476 = ADVANCED_FACE('',(#10477),#10488,.T.);
#10477 = FACE_BOUND('',#10478,.T.);
#10478 = EDGE_LOOP('',(#10479,#10480,#10486,#10487));
#10479 = ORIENTED_EDGE('',*,*,#9945,.F.);
#10480 = ORIENTED_EDGE('',*,*,#10481,.T.);
#10481 = EDGE_CURVE('',#9937,#10439,#10482,.T.);
#10482 = LINE('',#10483,#10484);
#10483 = CARTESIAN_POINT('',(37.808340187604,10.460668754822,6.));
#10484 = VECTOR('',#10485,1.);
#10485 = DIRECTION('',(-0.,-0.,-1.));
#10486 = ORIENTED_EDGE('',*,*,#10438,.T.);
#10487 = ORIENTED_EDGE('',*,*,#9569,.F.);
#10488 = PLANE('',#10489);
#10489 = AXIS2_PLACEMENT_3D('',#10490,#10491,#10492);
#10490 = CARTESIAN_POINT('',(37.808340187604,10.460668754822,6.));
#10491 = DIRECTION('',(-0.951055938022,-0.30901877411,0.));
#10492 = DIRECTION('',(0.30901877411,-0.951055938022,0.));
#10493 = ADVANCED_FACE('',(#10494),#10505,.F.);
#10494 = FACE_BOUND('',#10495,.F.);
#10495 = EDGE_LOOP('',(#10496,#10497,#10498,#10504));
#10496 = ORIENTED_EDGE('',*,*,#10481,.T.);
#10497 = ORIENTED_EDGE('',*,*,#10446,.T.);
#10498 = ORIENTED_EDGE('',*,*,#10499,.F.);
#10499 = EDGE_CURVE('',#9929,#10447,#10500,.T.);
#10500 = LINE('',#10501,#10502);
#10501 = CARTESIAN_POINT('',(37.556325370336,10.589076228271,6.));
#10502 = VECTOR('',#10503,1.);
#10503 = DIRECTION('',(-0.,-0.,-1.));
#10504 = ORIENTED_EDGE('',*,*,#9936,.F.);
#10505 = CYLINDRICAL_SURFACE('',#10506,0.2);
#10506 = AXIS2_PLACEMENT_3D('',#10507,#10508,#10509);
#10507 = CARTESIAN_POINT('',(37.618129,10.398865,6.));
#10508 = DIRECTION('',(0.,0.,1.));
#10509 = DIRECTION('',(-0.951056141354,-0.309018148321,0.));
#10510 = ADVANCED_FACE('',(#10511),#10522,.F.);
#10511 = FACE_BOUND('',#10512,.F.);
#10512 = EDGE_LOOP('',(#10513,#10514,#10515,#10521));
#10513 = ORIENTED_EDGE('',*,*,#10499,.T.);
#10514 = ORIENTED_EDGE('',*,*,#10455,.T.);
#10515 = ORIENTED_EDGE('',*,*,#10516,.F.);
#10516 = EDGE_CURVE('',#9920,#10428,#10517,.T.);
#10517 = LINE('',#10518,#10519);
#10518 = CARTESIAN_POINT('',(31.954604370336,8.768959228271,6.));
#10519 = VECTOR('',#10520,1.);
#10520 = DIRECTION('',(-0.,-0.,-1.));
#10521 = ORIENTED_EDGE('',*,*,#9928,.F.);
#10522 = PLANE('',#10523);
#10523 = AXIS2_PLACEMENT_3D('',#10524,#10525,#10526);
#10524 = CARTESIAN_POINT('',(37.556325370336,10.589076228271,6.));
#10525 = DIRECTION('',(-0.309018148321,0.951056141354,0.));
#10526 = DIRECTION('',(-0.951056141354,-0.309018148321,0.));
#10527 = ADVANCED_FACE('',(#10528),#10534,.F.);
#10528 = FACE_BOUND('',#10529,.F.);
#10529 = EDGE_LOOP('',(#10530,#10531,#10532,#10533));
#10530 = ORIENTED_EDGE('',*,*,#10516,.T.);
#10531 = ORIENTED_EDGE('',*,*,#10427,.T.);
#10532 = ORIENTED_EDGE('',*,*,#10404,.F.);
#10533 = ORIENTED_EDGE('',*,*,#9919,.F.);
#10534 = CYLINDRICAL_SURFACE('',#10535,0.2);
#10535 = AXIS2_PLACEMENT_3D('',#10536,#10537,#10538);
#10536 = CARTESIAN_POINT('',(32.016408,8.578748,6.));
#10537 = DIRECTION('',(0.,0.,1.));
#10538 = DIRECTION('',(0.309018084287,-0.95105616216,0.));
#10539 = ADVANCED_FACE('',(#10540),#10551,.F.);
#10540 = FACE_BOUND('',#10541,.F.);
#10541 = EDGE_LOOP('',(#10542,#10543,#10544,#10550));
#10542 = ORIENTED_EDGE('',*,*,#10387,.T.);
#10543 = ORIENTED_EDGE('',*,*,#10352,.T.);
#10544 = ORIENTED_EDGE('',*,*,#10545,.F.);
#10545 = EDGE_CURVE('',#9888,#10353,#10546,.T.);
#10546 = LINE('',#10547,#10548);
#10547 = CARTESIAN_POINT('',(21.35148114978,8.617526384195,6.));
#10548 = VECTOR('',#10549,1.);
#10549 = DIRECTION('',(-0.,-0.,-1.));
#10550 = ORIENTED_EDGE('',*,*,#9895,.F.);
#10551 = CYLINDRICAL_SURFACE('',#10552,0.2);
#10552 = AXIS2_PLACEMENT_3D('',#10553,#10554,#10555);
#10553 = CARTESIAN_POINT('',(21.289678,8.427315,6.));
#10554 = DIRECTION('',(0.,0.,1.));
#10555 = DIRECTION('',(-0.951056920973,0.309015748902,0.));
#10556 = ADVANCED_FACE('',(#10557),#10568,.F.);
#10557 = FACE_BOUND('',#10558,.F.);
#10558 = EDGE_LOOP('',(#10559,#10560,#10561,#10567));
#10559 = ORIENTED_EDGE('',*,*,#10545,.T.);
#10560 = ORIENTED_EDGE('',*,*,#10361,.T.);
#10561 = ORIENTED_EDGE('',*,*,#10562,.F.);
#10562 = EDGE_CURVE('',#9879,#10334,#10563,.T.);
#10563 = LINE('',#10564,#10565);
#10564 = CARTESIAN_POINT('',(15.74975514978,10.437629384195,6.));
#10565 = VECTOR('',#10566,1.);
#10566 = DIRECTION('',(-0.,-0.,-1.));
#10567 = ORIENTED_EDGE('',*,*,#9887,.F.);
#10568 = PLANE('',#10569);
#10569 = AXIS2_PLACEMENT_3D('',#10570,#10571,#10572);
#10570 = CARTESIAN_POINT('',(21.35148114978,8.617526384195,6.));
#10571 = DIRECTION('',(0.309015748902,0.951056920973,0.));
#10572 = DIRECTION('',(-0.951056920973,0.309015748902,0.));
#10573 = ADVANCED_FACE('',(#10574),#10580,.F.);
#10574 = FACE_BOUND('',#10575,.F.);
#10575 = EDGE_LOOP('',(#10576,#10577,#10578,#10579));
#10576 = ORIENTED_EDGE('',*,*,#10562,.T.);
#10577 = ORIENTED_EDGE('',*,*,#10333,.T.);
#10578 = ORIENTED_EDGE('',*,*,#10310,.F.);
#10579 = ORIENTED_EDGE('',*,*,#9878,.F.);
#10580 = CYLINDRICAL_SURFACE('',#10581,0.2);
#10581 = AXIS2_PLACEMENT_3D('',#10582,#10583,#10584);
#10582 = CARTESIAN_POINT('',(15.687952,10.247418,6.));
#10583 = DIRECTION('',(0.,0.,1.));
#10584 = DIRECTION('',(-0.30901571635,-0.95105693155,0.));
#10585 = ADVANCED_FACE('',(#10586),#10597,.F.);
#10586 = FACE_BOUND('',#10587,.F.);
#10587 = EDGE_LOOP('',(#10588,#10589,#10590,#10596));
#10588 = ORIENTED_EDGE('',*,*,#10293,.T.);
#10589 = ORIENTED_EDGE('',*,*,#10239,.T.);
#10590 = ORIENTED_EDGE('',*,*,#10591,.F.);
#10591 = EDGE_CURVE('',#9847,#10242,#10592,.T.);
#10592 = LINE('',#10593,#10594);
#10593 = CARTESIAN_POINT('',(0.2,31.35,6.));
#10594 = VECTOR('',#10595,1.);
#10595 = DIRECTION('',(-0.,-0.,-1.));
#10596 = ORIENTED_EDGE('',*,*,#9854,.F.);
#10597 = CYLINDRICAL_SURFACE('',#10598,0.2);
#10598 = AXIS2_PLACEMENT_3D('',#10599,#10600,#10601);
#10599 = CARTESIAN_POINT('',(0.,31.35,6.));
#10600 = DIRECTION('',(0.,0.,1.));
#10601 = DIRECTION('',(0.,1.,0.));
#10602 = ADVANCED_FACE('',(#10603),#10614,.F.);
#10603 = FACE_BOUND('',#10604,.F.);
#10604 = EDGE_LOOP('',(#10605,#10606,#10607,#10613));
#10605 = ORIENTED_EDGE('',*,*,#10591,.T.);
#10606 = ORIENTED_EDGE('',*,*,#10250,.T.);
#10607 = ORIENTED_EDGE('',*,*,#10608,.F.);
#10608 = EDGE_CURVE('',#9838,#10251,#10609,.T.);
#10609 = LINE('',#10610,#10611);
#10610 = CARTESIAN_POINT('',(0.2,37.24,6.));
#10611 = VECTOR('',#10612,1.);
#10612 = DIRECTION('',(-0.,-0.,-1.));
#10613 = ORIENTED_EDGE('',*,*,#9846,.F.);
#10614 = PLANE('',#10615);
#10615 = AXIS2_PLACEMENT_3D('',#10616,#10617,#10618);
#10616 = CARTESIAN_POINT('',(0.2,31.35,6.));
#10617 = DIRECTION('',(1.,0.,0.));
#10618 = DIRECTION('',(0.,1.,0.));
#10619 = ADVANCED_FACE('',(#10620),#10626,.F.);
#10620 = FACE_BOUND('',#10621,.F.);
#10621 = EDGE_LOOP('',(#10622,#10623,#10624,#10625));
#10622 = ORIENTED_EDGE('',*,*,#10608,.T.);
#10623 = ORIENTED_EDGE('',*,*,#10258,.T.);
#10624 = ORIENTED_EDGE('',*,*,#10216,.F.);
#10625 = ORIENTED_EDGE('',*,*,#9837,.F.);
#10626 = CYLINDRICAL_SURFACE('',#10627,0.2);
#10627 = AXIS2_PLACEMENT_3D('',#10628,#10629,#10630);
#10628 = CARTESIAN_POINT('',(0.,37.24,6.));
#10629 = DIRECTION('',(0.,0.,1.));
#10630 = DIRECTION('',(-1.,0.,0.));
#10631 = ADVANCED_FACE('',(#10632),#10643,.F.);
#10632 = FACE_BOUND('',#10633,.F.);
#10633 = EDGE_LOOP('',(#10634,#10635,#10636,#10642));
#10634 = ORIENTED_EDGE('',*,*,#10199,.T.);
#10635 = ORIENTED_EDGE('',*,*,#10164,.T.);
#10636 = ORIENTED_EDGE('',*,*,#10637,.F.);
#10637 = EDGE_CURVE('',#9806,#10165,#10638,.T.);
#10638 = LINE('',#10639,#10640);
#10639 = CARTESIAN_POINT('',(15.283695456139,58.490933715347,6.));
#10640 = VECTOR('',#10641,1.);
#10641 = DIRECTION('',(-0.,-0.,-1.));
#10642 = ORIENTED_EDGE('',*,*,#9813,.F.);
#10643 = CYLINDRICAL_SURFACE('',#10644,0.2);
#10644 = AXIS2_PLACEMENT_3D('',#10645,#10646,#10647);
#10645 = CARTESIAN_POINT('',(15.221892,58.681145,6.));
#10646 = DIRECTION('',(0.,0.,1.));
#10647 = DIRECTION('',(0.951056423264,0.309017280694,0.));
#10648 = ADVANCED_FACE('',(#10649),#10660,.F.);
#10649 = FACE_BOUND('',#10650,.F.);
#10650 = EDGE_LOOP('',(#10651,#10652,#10653,#10659));
#10651 = ORIENTED_EDGE('',*,*,#10637,.T.);
#10652 = ORIENTED_EDGE('',*,*,#10173,.T.);
#10653 = ORIENTED_EDGE('',*,*,#10654,.F.);
#10654 = EDGE_CURVE('',#9797,#10146,#10655,.T.);
#10655 = LINE('',#10656,#10657);
#10656 = CARTESIAN_POINT('',(20.885418456139,60.311045715347,6.));
#10657 = VECTOR('',#10658,1.);
#10658 = DIRECTION('',(-0.,-0.,-1.));
#10659 = ORIENTED_EDGE('',*,*,#9805,.F.);
#10660 = PLANE('',#10661);
#10661 = AXIS2_PLACEMENT_3D('',#10662,#10663,#10664);
#10662 = CARTESIAN_POINT('',(15.283695456139,58.490933715347,6.));
#10663 = DIRECTION('',(0.309017280694,-0.951056423264,0.));
#10664 = DIRECTION('',(0.951056423264,0.309017280694,0.));
#10665 = ADVANCED_FACE('',(#10666),#10672,.F.);
#10666 = FACE_BOUND('',#10667,.F.);
#10667 = EDGE_LOOP('',(#10668,#10669,#10670,#10671));
#10668 = ORIENTED_EDGE('',*,*,#10654,.T.);
#10669 = ORIENTED_EDGE('',*,*,#10145,.T.);
#10670 = ORIENTED_EDGE('',*,*,#10122,.F.);
#10671 = ORIENTED_EDGE('',*,*,#9796,.F.);
#10672 = CYLINDRICAL_SURFACE('',#10673,0.2);
#10673 = AXIS2_PLACEMENT_3D('',#10674,#10675,#10676);
#10674 = CARTESIAN_POINT('',(20.823615,60.501257,6.));
#10675 = DIRECTION('',(0.,0.,1.));
#10676 = DIRECTION('',(-0.309017711171,0.951056283394,0.));
#10677 = ADVANCED_FACE('',(#10678),#10689,.F.);
#10678 = FACE_BOUND('',#10679,.F.);
#10679 = EDGE_LOOP('',(#10680,#10681,#10682,#10688));
#10680 = ORIENTED_EDGE('',*,*,#10105,.T.);
#10681 = ORIENTED_EDGE('',*,*,#10070,.T.);
#10682 = ORIENTED_EDGE('',*,*,#10683,.F.);
#10683 = EDGE_CURVE('',#9765,#10071,#10684,.T.);
#10684 = LINE('',#10685,#10686);
#10685 = CARTESIAN_POINT('',(31.488541707407,60.462468662208,6.));
#10686 = VECTOR('',#10687,1.);
#10687 = DIRECTION('',(-0.,-0.,-1.));
#10688 = ORIENTED_EDGE('',*,*,#9772,.F.);
#10689 = CYLINDRICAL_SURFACE('',#10690,0.2);
#10690 = AXIS2_PLACEMENT_3D('',#10691,#10692,#10693);
#10691 = CARTESIAN_POINT('',(31.550345,60.65268,6.));
#10692 = DIRECTION('',(0.,0.,1.));
#10693 = DIRECTION('',(0.951056688961,-0.309016462963,0.));
#10694 = ADVANCED_FACE('',(#10695),#10706,.F.);
#10695 = FACE_BOUND('',#10696,.F.);
#10696 = EDGE_LOOP('',(#10697,#10698,#10699,#10705));
#10697 = ORIENTED_EDGE('',*,*,#10683,.T.);
#10698 = ORIENTED_EDGE('',*,*,#10079,.T.);
#10699 = ORIENTED_EDGE('',*,*,#10700,.F.);
#10700 = EDGE_CURVE('',#9756,#10052,#10701,.T.);
#10701 = LINE('',#10702,#10703);
#10702 = CARTESIAN_POINT('',(37.090265707407,58.642361662208,6.));
#10703 = VECTOR('',#10704,1.);
#10704 = DIRECTION('',(-0.,-0.,-1.));
#10705 = ORIENTED_EDGE('',*,*,#9764,.F.);
#10706 = PLANE('',#10707);
#10707 = AXIS2_PLACEMENT_3D('',#10708,#10709,#10710);
#10708 = CARTESIAN_POINT('',(31.488541707407,60.462468662208,6.));
#10709 = DIRECTION('',(-0.309016462963,-0.951056688961,0.));
#10710 = DIRECTION('',(0.951056688961,-0.309016462963,0.));
#10711 = ADVANCED_FACE('',(#10712),#10718,.F.);
#10712 = FACE_BOUND('',#10713,.F.);
#10713 = EDGE_LOOP('',(#10714,#10715,#10716,#10717));
#10714 = ORIENTED_EDGE('',*,*,#10700,.T.);
#10715 = ORIENTED_EDGE('',*,*,#10051,.T.);
#10716 = ORIENTED_EDGE('',*,*,#10028,.F.);
#10717 = ORIENTED_EDGE('',*,*,#9755,.F.);
#10718 = CYLINDRICAL_SURFACE('',#10719,0.2);
#10719 = AXIS2_PLACEMENT_3D('',#10720,#10721,#10722);
#10720 = CARTESIAN_POINT('',(37.152069,58.832573,6.));
#10721 = DIRECTION('',(0.,0.,1.));
#10722 = DIRECTION('',(0.309016510765,0.95105667343,0.));
#10723 = ADVANCED_FACE('',(#10724),#10749,.F.);
#10724 = FACE_BOUND('',#10725,.F.);
#10725 = EDGE_LOOP('',(#10726,#10734,#10742,#10748));
#10726 = ORIENTED_EDGE('',*,*,#10727,.F.);
#10727 = EDGE_CURVE('',#10728,#9954,#10730,.T.);
#10728 = VERTEX_POINT('',#10729);
#10729 = CARTESIAN_POINT('',(21.42,29.54,11.13));
#10730 = LINE('',#10731,#10732);
#10731 = CARTESIAN_POINT('',(21.42,29.54,11.13));
#10732 = VECTOR('',#10733,1.);
#10733 = DIRECTION('',(0.,0.,-1.));
#10734 = ORIENTED_EDGE('',*,*,#10735,.T.);
#10735 = EDGE_CURVE('',#10728,#10736,#10738,.T.);
#10736 = VERTEX_POINT('',#10737);
#10737 = CARTESIAN_POINT('',(24.02,29.54,11.13));
#10738 = LINE('',#10739,#10740);
#10739 = CARTESIAN_POINT('',(21.42,29.54,11.13));
#10740 = VECTOR('',#10741,1.);
#10741 = DIRECTION('',(1.,0.,0.));
#10742 = ORIENTED_EDGE('',*,*,#10743,.F.);
#10743 = EDGE_CURVE('',#9956,#10736,#10744,.T.);
#10744 = LINE('',#10745,#10746);
#10745 = CARTESIAN_POINT('',(24.02,29.54,11.565));
#10746 = VECTOR('',#10747,1.);
#10747 = DIRECTION('',(0.,0.,1.));
#10748 = ORIENTED_EDGE('',*,*,#9953,.F.);
#10749 = PLANE('',#10750);
#10750 = AXIS2_PLACEMENT_3D('',#10751,#10752,#10753);
#10751 = CARTESIAN_POINT('',(21.42,29.54,11.13));
#10752 = DIRECTION('',(0.,1.,0.));
#10753 = DIRECTION('',(0.,0.,-1.));
#10754 = ADVANCED_FACE('',(#10755,#10791),#10802,.F.);
#10755 = FACE_BOUND('',#10756,.F.);
#10756 = EDGE_LOOP('',(#10757,#10758,#10759,#10767,#10776,#10784));
#10757 = ORIENTED_EDGE('',*,*,#10727,.T.);
#10758 = ORIENTED_EDGE('',*,*,#9963,.T.);
#10759 = ORIENTED_EDGE('',*,*,#10760,.T.);
#10760 = EDGE_CURVE('',#9964,#10761,#10763,.T.);
#10761 = VERTEX_POINT('',#10762);
#10762 = CARTESIAN_POINT('',(21.42,39.54,11.25));
#10763 = LINE('',#10764,#10765);
#10764 = CARTESIAN_POINT('',(21.42,39.54,6.));
#10765 = VECTOR('',#10766,1.);
#10766 = DIRECTION('',(0.,0.,1.));
#10767 = ORIENTED_EDGE('',*,*,#10768,.T.);
#10768 = EDGE_CURVE('',#10761,#10769,#10771,.T.);
#10769 = VERTEX_POINT('',#10770);
#10770 = CARTESIAN_POINT('',(21.42,38.79,12.));
#10771 = CIRCLE('',#10772,0.75);
#10772 = AXIS2_PLACEMENT_3D('',#10773,#10774,#10775);
#10773 = CARTESIAN_POINT('',(21.42,38.79,11.25));
#10774 = DIRECTION('',(1.,0.,0.));
#10775 = DIRECTION('',(0.,1.,0.));
#10776 = ORIENTED_EDGE('',*,*,#10777,.T.);
#10777 = EDGE_CURVE('',#10769,#10778,#10780,.T.);
#10778 = VERTEX_POINT('',#10779);
#10779 = CARTESIAN_POINT('',(21.42,30.41,12.));
#10780 = LINE('',#10781,#10782);
#10781 = CARTESIAN_POINT('',(21.42,38.79,12.));
#10782 = VECTOR('',#10783,1.);
#10783 = DIRECTION('',(0.,-1.,0.));
#10784 = ORIENTED_EDGE('',*,*,#10785,.T.);
#10785 = EDGE_CURVE('',#10778,#10728,#10786,.T.);
#10786 = CIRCLE('',#10787,0.87);
#10787 = AXIS2_PLACEMENT_3D('',#10788,#10789,#10790);
#10788 = CARTESIAN_POINT('',(21.42,30.41,11.13));
#10789 = DIRECTION('',(1.,0.,0.));
#10790 = DIRECTION('',(0.,1.,0.));
#10791 = FACE_BOUND('',#10792,.T.);
#10792 = EDGE_LOOP('',(#10793));
#10793 = ORIENTED_EDGE('',*,*,#10794,.T.);
#10794 = EDGE_CURVE('',#10795,#10795,#10797,.T.);
#10795 = VERTEX_POINT('',#10796);
#10796 = CARTESIAN_POINT('',(21.42,35.54,9.));
#10797 = CIRCLE('',#10798,1.);
#10798 = AXIS2_PLACEMENT_3D('',#10799,#10800,#10801);
#10799 = CARTESIAN_POINT('',(21.42,34.54,9.));
#10800 = DIRECTION('',(1.,0.,0.));
#10801 = DIRECTION('',(0.,1.,0.));
#10802 = PLANE('',#10803);
#10803 = AXIS2_PLACEMENT_3D('',#10804,#10805,#10806);
#10804 = CARTESIAN_POINT('',(21.42,34.547818682275,8.937277442145));
#10805 = DIRECTION('',(1.,0.,0.));
#10806 = DIRECTION('',(0.,0.,1.));
#10807 = ADVANCED_FACE('',(#10808,#10844),#10855,.F.);
#10808 = FACE_BOUND('',#10809,.F.);
#10809 = EDGE_LOOP('',(#10810,#10820,#10829,#10835,#10836,#10837));
#10810 = ORIENTED_EDGE('',*,*,#10811,.F.);
#10811 = EDGE_CURVE('',#10812,#10814,#10816,.T.);
#10812 = VERTEX_POINT('',#10813);
#10813 = CARTESIAN_POINT('',(24.02,38.79,12.));
#10814 = VERTEX_POINT('',#10815);
#10815 = CARTESIAN_POINT('',(24.02,30.41,12.));
#10816 = LINE('',#10817,#10818);
#10817 = CARTESIAN_POINT('',(24.02,40.14,12.));
#10818 = VECTOR('',#10819,1.);
#10819 = DIRECTION('',(0.,-1.,0.));
#10820 = ORIENTED_EDGE('',*,*,#10821,.T.);
#10821 = EDGE_CURVE('',#10812,#10822,#10824,.T.);
#10822 = VERTEX_POINT('',#10823);
#10823 = CARTESIAN_POINT('',(24.02,39.54,11.25));
#10824 = CIRCLE('',#10825,0.75);
#10825 = AXIS2_PLACEMENT_3D('',#10826,#10827,#10828);
#10826 = CARTESIAN_POINT('',(24.02,38.79,11.25));
#10827 = DIRECTION('',(-1.,0.,0.));
#10828 = DIRECTION('',(0.,1.,0.));
#10829 = ORIENTED_EDGE('',*,*,#10830,.T.);
#10830 = EDGE_CURVE('',#10822,#9972,#10831,.T.);
#10831 = LINE('',#10832,#10833);
#10832 = CARTESIAN_POINT('',(24.02,39.54,9.));
#10833 = VECTOR('',#10834,1.);
#10834 = DIRECTION('',(-0.,-0.,-1.));
#10835 = ORIENTED_EDGE('',*,*,#9979,.T.);
#10836 = ORIENTED_EDGE('',*,*,#10743,.T.);
#10837 = ORIENTED_EDGE('',*,*,#10838,.T.);
#10838 = EDGE_CURVE('',#10736,#10814,#10839,.T.);
#10839 = CIRCLE('',#10840,0.87);
#10840 = AXIS2_PLACEMENT_3D('',#10841,#10842,#10843);
#10841 = CARTESIAN_POINT('',(24.02,30.41,11.13));
#10842 = DIRECTION('',(-1.,0.,0.));
#10843 = DIRECTION('',(0.,1.,0.));
#10844 = FACE_BOUND('',#10845,.F.);
#10845 = EDGE_LOOP('',(#10846));
#10846 = ORIENTED_EDGE('',*,*,#10847,.F.);
#10847 = EDGE_CURVE('',#10848,#10848,#10850,.T.);
#10848 = VERTEX_POINT('',#10849);
#10849 = CARTESIAN_POINT('',(24.02,35.54,9.));
#10850 = CIRCLE('',#10851,1.);
#10851 = AXIS2_PLACEMENT_3D('',#10852,#10853,#10854);
#10852 = CARTESIAN_POINT('',(24.02,34.54,9.));
#10853 = DIRECTION('',(-1.,0.,0.));
#10854 = DIRECTION('',(0.,1.,0.));
#10855 = PLANE('',#10856);
#10856 = AXIS2_PLACEMENT_3D('',#10857,#10858,#10859);
#10857 = CARTESIAN_POINT('',(24.02,40.14,12.));
#10858 = DIRECTION('',(-1.,0.,0.));
#10859 = DIRECTION('',(0.,-1.,0.));
#10860 = ADVANCED_FACE('',(#10861),#10872,.F.);
#10861 = FACE_BOUND('',#10862,.F.);
#10862 = EDGE_LOOP('',(#10863,#10864,#10865,#10866));
#10863 = ORIENTED_EDGE('',*,*,#10760,.F.);
#10864 = ORIENTED_EDGE('',*,*,#9971,.T.);
#10865 = ORIENTED_EDGE('',*,*,#10830,.F.);
#10866 = ORIENTED_EDGE('',*,*,#10867,.F.);
#10867 = EDGE_CURVE('',#10761,#10822,#10868,.T.);
#10868 = LINE('',#10869,#10870);
#10869 = CARTESIAN_POINT('',(21.42,39.54,11.25));
#10870 = VECTOR('',#10871,1.);
#10871 = DIRECTION('',(1.,0.,0.));
#10872 = PLANE('',#10873);
#10873 = AXIS2_PLACEMENT_3D('',#10874,#10875,#10876);
#10874 = CARTESIAN_POINT('',(21.42,39.54,6.));
#10875 = DIRECTION('',(0.,-1.,0.));
#10876 = DIRECTION('',(0.,0.,1.));
#10877 = ADVANCED_FACE('',(#10878),#10903,.F.);
#10878 = FACE_BOUND('',#10879,.F.);
#10879 = EDGE_LOOP('',(#10880,#10888,#10896,#10902));
#10880 = ORIENTED_EDGE('',*,*,#10881,.F.);
#10881 = EDGE_CURVE('',#10882,#9988,#10884,.T.);
#10882 = VERTEX_POINT('',#10883);
#10883 = CARTESIAN_POINT('',(29.02,29.54,11.13));
#10884 = LINE('',#10885,#10886);
#10885 = CARTESIAN_POINT('',(29.02,29.54,11.565));
#10886 = VECTOR('',#10887,1.);
#10887 = DIRECTION('',(0.,0.,-1.));
#10888 = ORIENTED_EDGE('',*,*,#10889,.T.);
#10889 = EDGE_CURVE('',#10882,#10890,#10892,.T.);
#10890 = VERTEX_POINT('',#10891);
#10891 = CARTESIAN_POINT('',(31.42,29.54,11.13));
#10892 = LINE('',#10893,#10894);
#10893 = CARTESIAN_POINT('',(21.42,29.54,11.13));
#10894 = VECTOR('',#10895,1.);
#10895 = DIRECTION('',(1.,0.,0.));
#10896 = ORIENTED_EDGE('',*,*,#10897,.T.);
#10897 = EDGE_CURVE('',#10890,#9990,#10898,.T.);
#10898 = LINE('',#10899,#10900);
#10899 = CARTESIAN_POINT('',(31.42,29.54,11.13));
#10900 = VECTOR('',#10901,1.);
#10901 = DIRECTION('',(0.,0.,-1.));
#10902 = ORIENTED_EDGE('',*,*,#9987,.F.);
#10903 = PLANE('',#10904);
#10904 = AXIS2_PLACEMENT_3D('',#10905,#10906,#10907);
#10905 = CARTESIAN_POINT('',(21.42,29.54,11.13));
#10906 = DIRECTION('',(0.,1.,0.));
#10907 = DIRECTION('',(0.,0.,-1.));
#10908 = ADVANCED_FACE('',(#10909,#10945),#10956,.F.);
#10909 = FACE_BOUND('',#10910,.F.);
#10910 = EDGE_LOOP('',(#10911,#10921,#10928,#10929,#10930,#10938));
#10911 = ORIENTED_EDGE('',*,*,#10912,.F.);
#10912 = EDGE_CURVE('',#10913,#10915,#10917,.T.);
#10913 = VERTEX_POINT('',#10914);
#10914 = CARTESIAN_POINT('',(29.02,30.41,12.));
#10915 = VERTEX_POINT('',#10916);
#10916 = CARTESIAN_POINT('',(29.02,38.79,12.));
#10917 = LINE('',#10918,#10919);
#10918 = CARTESIAN_POINT('',(29.02,29.14,12.));
#10919 = VECTOR('',#10920,1.);
#10920 = DIRECTION('',(0.,1.,0.));
#10921 = ORIENTED_EDGE('',*,*,#10922,.F.);
#10922 = EDGE_CURVE('',#10882,#10913,#10923,.T.);
#10923 = CIRCLE('',#10924,0.87);
#10924 = AXIS2_PLACEMENT_3D('',#10925,#10926,#10927);
#10925 = CARTESIAN_POINT('',(29.02,30.41,11.13));
#10926 = DIRECTION('',(-1.,0.,0.));
#10927 = DIRECTION('',(0.,1.,0.));
#10928 = ORIENTED_EDGE('',*,*,#10881,.T.);
#10929 = ORIENTED_EDGE('',*,*,#9997,.T.);
#10930 = ORIENTED_EDGE('',*,*,#10931,.T.);
#10931 = EDGE_CURVE('',#9998,#10932,#10934,.T.);
#10932 = VERTEX_POINT('',#10933);
#10933 = CARTESIAN_POINT('',(29.02,39.54,11.25));
#10934 = LINE('',#10935,#10936);
#10935 = CARTESIAN_POINT('',(29.02,39.54,9.));
#10936 = VECTOR('',#10937,1.);
#10937 = DIRECTION('',(0.,0.,1.));
#10938 = ORIENTED_EDGE('',*,*,#10939,.F.);
#10939 = EDGE_CURVE('',#10915,#10932,#10940,.T.);
#10940 = CIRCLE('',#10941,0.75);
#10941 = AXIS2_PLACEMENT_3D('',#10942,#10943,#10944);
#10942 = CARTESIAN_POINT('',(29.02,38.79,11.25));
#10943 = DIRECTION('',(-1.,0.,0.));
#10944 = DIRECTION('',(0.,1.,0.));
#10945 = FACE_BOUND('',#10946,.F.);
#10946 = EDGE_LOOP('',(#10947));
#10947 = ORIENTED_EDGE('',*,*,#10948,.T.);
#10948 = EDGE_CURVE('',#10949,#10949,#10951,.T.);
#10949 = VERTEX_POINT('',#10950);
#10950 = CARTESIAN_POINT('',(29.02,35.54,9.));
#10951 = CIRCLE('',#10952,1.);
#10952 = AXIS2_PLACEMENT_3D('',#10953,#10954,#10955);
#10953 = CARTESIAN_POINT('',(29.02,34.54,9.));
#10954 = DIRECTION('',(-1.,0.,0.));
#10955 = DIRECTION('',(0.,1.,0.));
#10956 = PLANE('',#10957);
#10957 = AXIS2_PLACEMENT_3D('',#10958,#10959,#10960);
#10958 = CARTESIAN_POINT('',(29.02,29.14,12.));
#10959 = DIRECTION('',(1.,0.,0.));
#10960 = DIRECTION('',(0.,1.,0.));
#10961 = ADVANCED_FACE('',(#10962,#10998),#11009,.T.);
#10962 = FACE_BOUND('',#10963,.T.);
#10963 = EDGE_LOOP('',(#10964,#10965,#10966,#10974,#10983,#10991));
#10964 = ORIENTED_EDGE('',*,*,#10897,.T.);
#10965 = ORIENTED_EDGE('',*,*,#10013,.T.);
#10966 = ORIENTED_EDGE('',*,*,#10967,.T.);
#10967 = EDGE_CURVE('',#10006,#10968,#10970,.T.);
#10968 = VERTEX_POINT('',#10969);
#10969 = CARTESIAN_POINT('',(31.42,39.54,11.25));
#10970 = LINE('',#10971,#10972);
#10971 = CARTESIAN_POINT('',(31.42,39.54,6.));
#10972 = VECTOR('',#10973,1.);
#10973 = DIRECTION('',(0.,0.,1.));
#10974 = ORIENTED_EDGE('',*,*,#10975,.T.);
#10975 = EDGE_CURVE('',#10968,#10976,#10978,.T.);
#10976 = VERTEX_POINT('',#10977);
#10977 = CARTESIAN_POINT('',(31.42,38.79,12.));
#10978 = CIRCLE('',#10979,0.75);
#10979 = AXIS2_PLACEMENT_3D('',#10980,#10981,#10982);
#10980 = CARTESIAN_POINT('',(31.42,38.79,11.25));
#10981 = DIRECTION('',(1.,0.,0.));
#10982 = DIRECTION('',(0.,1.,0.));
#10983 = ORIENTED_EDGE('',*,*,#10984,.T.);
#10984 = EDGE_CURVE('',#10976,#10985,#10987,.T.);
#10985 = VERTEX_POINT('',#10986);
#10986 = CARTESIAN_POINT('',(31.42,30.41,12.));
#10987 = LINE('',#10988,#10989);
#10988 = CARTESIAN_POINT('',(31.42,38.79,12.));
#10989 = VECTOR('',#10990,1.);
#10990 = DIRECTION('',(0.,-1.,0.));
#10991 = ORIENTED_EDGE('',*,*,#10992,.T.);
#10992 = EDGE_CURVE('',#10985,#10890,#10993,.T.);
#10993 = CIRCLE('',#10994,0.87);
#10994 = AXIS2_PLACEMENT_3D('',#10995,#10996,#10997);
#10995 = CARTESIAN_POINT('',(31.42,30.41,11.13));
#10996 = DIRECTION('',(1.,0.,0.));
#10997 = DIRECTION('',(0.,1.,0.));
#10998 = FACE_BOUND('',#10999,.F.);
#10999 = EDGE_LOOP('',(#11000));
#11000 = ORIENTED_EDGE('',*,*,#11001,.T.);
#11001 = EDGE_CURVE('',#11002,#11002,#11004,.T.);
#11002 = VERTEX_POINT('',#11003);
#11003 = CARTESIAN_POINT('',(31.42,35.54,9.));
#11004 = CIRCLE('',#11005,1.);
#11005 = AXIS2_PLACEMENT_3D('',#11006,#11007,#11008);
#11006 = CARTESIAN_POINT('',(31.42,34.54,9.));
#11007 = DIRECTION('',(1.,0.,0.));
#11008 = DIRECTION('',(0.,1.,0.));
#11009 = PLANE('',#11010);
#11010 = AXIS2_PLACEMENT_3D('',#11011,#11012,#11013);
#11011 = CARTESIAN_POINT('',(31.42,34.547818682275,8.937277442145));
#11012 = DIRECTION('',(1.,0.,0.));
#11013 = DIRECTION('',(0.,0.,1.));
#11014 = ADVANCED_FACE('',(#11015),#11026,.F.);
#11015 = FACE_BOUND('',#11016,.F.);
#11016 = EDGE_LOOP('',(#11017,#11018,#11019,#11020));
#11017 = ORIENTED_EDGE('',*,*,#10931,.F.);
#11018 = ORIENTED_EDGE('',*,*,#10005,.T.);
#11019 = ORIENTED_EDGE('',*,*,#10967,.T.);
#11020 = ORIENTED_EDGE('',*,*,#11021,.F.);
#11021 = EDGE_CURVE('',#10932,#10968,#11022,.T.);
#11022 = LINE('',#11023,#11024);
#11023 = CARTESIAN_POINT('',(21.42,39.54,11.25));
#11024 = VECTOR('',#11025,1.);
#11025 = DIRECTION('',(1.,0.,0.));
#11026 = PLANE('',#11027);
#11027 = AXIS2_PLACEMENT_3D('',#11028,#11029,#11030);
#11028 = CARTESIAN_POINT('',(21.42,39.54,6.));
#11029 = DIRECTION('',(0.,-1.,0.));
#11030 = DIRECTION('',(0.,0.,1.));
#11031 = ADVANCED_FACE('',(#11032),#11051,.F.);
#11032 = FACE_BOUND('',#11033,.F.);
#11033 = EDGE_LOOP('',(#11034,#11042,#11049,#11050));
#11034 = ORIENTED_EDGE('',*,*,#11035,.T.);
#11035 = EDGE_CURVE('',#10088,#11036,#11038,.T.);
#11036 = VERTEX_POINT('',#11037);
#11037 = CARTESIAN_POINT('',(36.784579,64.008476,2.));
#11038 = LINE('',#11039,#11040);
#11039 = CARTESIAN_POINT('',(36.784579,64.008476,5.));
#11040 = VECTOR('',#11041,1.);
#11041 = DIRECTION('',(-0.,-0.,-1.));
#11042 = ORIENTED_EDGE('',*,*,#11043,.T.);
#11043 = EDGE_CURVE('',#11036,#11036,#11044,.T.);
#11044 = CIRCLE('',#11045,1.);
#11045 = AXIS2_PLACEMENT_3D('',#11046,#11047,#11048);
#11046 = CARTESIAN_POINT('',(35.784579,64.008476,2.));
#11047 = DIRECTION('',(0.,0.,1.));
#11048 = DIRECTION('',(1.,0.,0.));
#11049 = ORIENTED_EDGE('',*,*,#11035,.F.);
#11050 = ORIENTED_EDGE('',*,*,#10087,.F.);
#11051 = CYLINDRICAL_SURFACE('',#11052,1.);
#11052 = AXIS2_PLACEMENT_3D('',#11053,#11054,#11055);
#11053 = CARTESIAN_POINT('',(35.784579,64.008476,5.));
#11054 = DIRECTION('',(0.,0.,1.));
#11055 = DIRECTION('',(1.,0.,-0.));
#11056 = ADVANCED_FACE('',(#11057),#11076,.F.);
#11057 = FACE_BOUND('',#11058,.F.);
#11058 = EDGE_LOOP('',(#11059,#11067,#11074,#11075));
#11059 = ORIENTED_EDGE('',*,*,#11060,.T.);
#11060 = EDGE_CURVE('',#10182,#11061,#11063,.T.);
#11061 = VERTEX_POINT('',#11062);
#11062 = CARTESIAN_POINT('',(17.674973,63.884861,2.));
#11063 = LINE('',#11064,#11065);
#11064 = CARTESIAN_POINT('',(17.674973,63.884861,5.));
#11065 = VECTOR('',#11066,1.);
#11066 = DIRECTION('',(-0.,-0.,-1.));
#11067 = ORIENTED_EDGE('',*,*,#11068,.T.);
#11068 = EDGE_CURVE('',#11061,#11061,#11069,.T.);
#11069 = CIRCLE('',#11070,1.);
#11070 = AXIS2_PLACEMENT_3D('',#11071,#11072,#11073);
#11071 = CARTESIAN_POINT('',(16.674973,63.884861,2.));
#11072 = DIRECTION('',(0.,0.,1.));
#11073 = DIRECTION('',(1.,0.,0.));
#11074 = ORIENTED_EDGE('',*,*,#11060,.F.);
#11075 = ORIENTED_EDGE('',*,*,#10181,.F.);
#11076 = CYLINDRICAL_SURFACE('',#11077,1.);
#11077 = AXIS2_PLACEMENT_3D('',#11078,#11079,#11080);
#11078 = CARTESIAN_POINT('',(16.674973,63.884861,5.));
#11079 = DIRECTION('',(0.,0.,1.));
#11080 = DIRECTION('',(1.,0.,-0.));
#11081 = ADVANCED_FACE('',(#11082),#11101,.F.);
#11082 = FACE_BOUND('',#11083,.F.);
#11083 = EDGE_LOOP('',(#11084,#11092,#11099,#11100));
#11084 = ORIENTED_EDGE('',*,*,#11085,.T.);
#11085 = EDGE_CURVE('',#10276,#11086,#11088,.T.);
#11086 = VERTEX_POINT('',#11087);
#11087 = CARTESIAN_POINT('',(-3.5,34.34,2.));
#11088 = LINE('',#11089,#11090);
#11089 = CARTESIAN_POINT('',(-3.5,34.34,5.));
#11090 = VECTOR('',#11091,1.);
#11091 = DIRECTION('',(-0.,-0.,-1.));
#11092 = ORIENTED_EDGE('',*,*,#11093,.T.);
#11093 = EDGE_CURVE('',#11086,#11086,#11094,.T.);
#11094 = CIRCLE('',#11095,1.);
#11095 = AXIS2_PLACEMENT_3D('',#11096,#11097,#11098);
#11096 = CARTESIAN_POINT('',(-4.5,34.34,2.));
#11097 = DIRECTION('',(0.,0.,1.));
#11098 = DIRECTION('',(1.,0.,0.));
#11099 = ORIENTED_EDGE('',*,*,#11085,.F.);
#11100 = ORIENTED_EDGE('',*,*,#10275,.F.);
#11101 = CYLINDRICAL_SURFACE('',#11102,1.);
#11102 = AXIS2_PLACEMENT_3D('',#11103,#11104,#11105);
#11103 = CARTESIAN_POINT('',(-4.5,34.34,5.));
#11104 = DIRECTION('',(0.,0.,1.));
#11105 = DIRECTION('',(1.,0.,-0.));
#11106 = ADVANCED_FACE('',(#11107),#11126,.F.);
#11107 = FACE_BOUND('',#11108,.F.);
#11108 = EDGE_LOOP('',(#11109,#11117,#11124,#11125));
#11109 = ORIENTED_EDGE('',*,*,#11110,.T.);
#11110 = EDGE_CURVE('',#10370,#11111,#11113,.T.);
#11111 = VERTEX_POINT('',#11112);
#11112 = CARTESIAN_POINT('',(18.055447,5.071516,2.));
#11113 = LINE('',#11114,#11115);
#11114 = CARTESIAN_POINT('',(18.055447,5.071516,5.));
#11115 = VECTOR('',#11116,1.);
#11116 = DIRECTION('',(-0.,-0.,-1.));
#11117 = ORIENTED_EDGE('',*,*,#11118,.T.);
#11118 = EDGE_CURVE('',#11111,#11111,#11119,.T.);
#11119 = CIRCLE('',#11120,1.);
#11120 = AXIS2_PLACEMENT_3D('',#11121,#11122,#11123);
#11121 = CARTESIAN_POINT('',(17.055447,5.071516,2.));
#11122 = DIRECTION('',(0.,0.,1.));
#11123 = DIRECTION('',(1.,0.,0.));
#11124 = ORIENTED_EDGE('',*,*,#11110,.F.);
#11125 = ORIENTED_EDGE('',*,*,#10369,.F.);
#11126 = CYLINDRICAL_SURFACE('',#11127,1.);
#11127 = AXIS2_PLACEMENT_3D('',#11128,#11129,#11130);
#11128 = CARTESIAN_POINT('',(17.055447,5.071516,5.));
#11129 = DIRECTION('',(0.,0.,1.));
#11130 = DIRECTION('',(1.,0.,-0.));
#11131 = ADVANCED_FACE('',(#11132),#11151,.F.);
#11132 = FACE_BOUND('',#11133,.F.);
#11133 = EDGE_LOOP('',(#11134,#11142,#11149,#11150));
#11134 = ORIENTED_EDGE('',*,*,#11135,.T.);
#11135 = EDGE_CURVE('',#10464,#11136,#11138,.T.);
#11136 = VERTEX_POINT('',#11137);
#11137 = CARTESIAN_POINT('',(37.165053,5.195148,2.));
#11138 = LINE('',#11139,#11140);
#11139 = CARTESIAN_POINT('',(37.165053,5.195148,5.));
#11140 = VECTOR('',#11141,1.);
#11141 = DIRECTION('',(-0.,-0.,-1.));
#11142 = ORIENTED_EDGE('',*,*,#11143,.T.);
#11143 = EDGE_CURVE('',#11136,#11136,#11144,.T.);
#11144 = CIRCLE('',#11145,1.);
#11145 = AXIS2_PLACEMENT_3D('',#11146,#11147,#11148);
#11146 = CARTESIAN_POINT('',(36.165053,5.195148,2.));
#11147 = DIRECTION('',(0.,0.,1.));
#11148 = DIRECTION('',(1.,0.,0.));
#11149 = ORIENTED_EDGE('',*,*,#11135,.F.);
#11150 = ORIENTED_EDGE('',*,*,#10463,.F.);
#11151 = CYLINDRICAL_SURFACE('',#11152,1.);
#11152 = AXIS2_PLACEMENT_3D('',#11153,#11154,#11155);
#11153 = CARTESIAN_POINT('',(36.165053,5.195148,5.));
#11154 = DIRECTION('',(0.,0.,1.));
#11155 = DIRECTION('',(1.,0.,-0.));
#11156 = ADVANCED_FACE('',(#11157),#11168,.T.);
#11157 = FACE_BOUND('',#11158,.F.);
#11158 = EDGE_LOOP('',(#11159,#11160,#11166,#11167));
#11159 = ORIENTED_EDGE('',*,*,#10785,.F.);
#11160 = ORIENTED_EDGE('',*,*,#11161,.T.);
#11161 = EDGE_CURVE('',#10778,#10814,#11162,.T.);
#11162 = LINE('',#11163,#11164);
#11163 = CARTESIAN_POINT('',(21.42,30.41,12.));
#11164 = VECTOR('',#11165,1.);
#11165 = DIRECTION('',(1.,0.,0.));
#11166 = ORIENTED_EDGE('',*,*,#10838,.F.);
#11167 = ORIENTED_EDGE('',*,*,#10735,.F.);
#11168 = CYLINDRICAL_SURFACE('',#11169,0.87);
#11169 = AXIS2_PLACEMENT_3D('',#11170,#11171,#11172);
#11170 = CARTESIAN_POINT('',(21.42,30.41,11.13));
#11171 = DIRECTION('',(-1.,-0.,-0.));
#11172 = DIRECTION('',(0.,1.,0.));
#11173 = ADVANCED_FACE('',(#11174),#11185,.T.);
#11174 = FACE_BOUND('',#11175,.F.);
#11175 = EDGE_LOOP('',(#11176,#11177,#11178,#11179));
#11176 = ORIENTED_EDGE('',*,*,#10768,.F.);
#11177 = ORIENTED_EDGE('',*,*,#10867,.T.);
#11178 = ORIENTED_EDGE('',*,*,#10821,.F.);
#11179 = ORIENTED_EDGE('',*,*,#11180,.F.);
#11180 = EDGE_CURVE('',#10769,#10812,#11181,.T.);
#11181 = LINE('',#11182,#11183);
#11182 = CARTESIAN_POINT('',(21.42,38.79,12.));
#11183 = VECTOR('',#11184,1.);
#11184 = DIRECTION('',(1.,0.,0.));
#11185 = CYLINDRICAL_SURFACE('',#11186,0.75);
#11186 = AXIS2_PLACEMENT_3D('',#11187,#11188,#11189);
#11187 = CARTESIAN_POINT('',(21.42,38.79,11.25));
#11188 = DIRECTION('',(-1.,-0.,-0.));
#11189 = DIRECTION('',(0.,1.,0.));
#11190 = ADVANCED_FACE('',(#11191),#11197,.F.);
#11191 = FACE_BOUND('',#11192,.F.);
#11192 = EDGE_LOOP('',(#11193,#11194,#11195,#11196));
#11193 = ORIENTED_EDGE('',*,*,#10777,.F.);
#11194 = ORIENTED_EDGE('',*,*,#11180,.T.);
#11195 = ORIENTED_EDGE('',*,*,#10811,.T.);
#11196 = ORIENTED_EDGE('',*,*,#11161,.F.);
#11197 = PLANE('',#11198);
#11198 = AXIS2_PLACEMENT_3D('',#11199,#11200,#11201);
#11199 = CARTESIAN_POINT('',(21.42,38.79,12.));
#11200 = DIRECTION('',(0.,0.,-1.));
#11201 = DIRECTION('',(0.,-1.,0.));
#11202 = ADVANCED_FACE('',(#11203),#11214,.F.);
#11203 = FACE_BOUND('',#11204,.T.);
#11204 = EDGE_LOOP('',(#11205,#11206,#11212,#11213));
#11205 = ORIENTED_EDGE('',*,*,#10794,.F.);
#11206 = ORIENTED_EDGE('',*,*,#11207,.T.);
#11207 = EDGE_CURVE('',#10795,#10848,#11208,.T.);
#11208 = LINE('',#11209,#11210);
#11209 = CARTESIAN_POINT('',(21.42,35.54,9.));
#11210 = VECTOR('',#11211,1.);
#11211 = DIRECTION('',(1.,0.,0.));
#11212 = ORIENTED_EDGE('',*,*,#10847,.F.);
#11213 = ORIENTED_EDGE('',*,*,#11207,.F.);
#11214 = CYLINDRICAL_SURFACE('',#11215,1.);
#11215 = AXIS2_PLACEMENT_3D('',#11216,#11217,#11218);
#11216 = CARTESIAN_POINT('',(21.42,34.54,9.));
#11217 = DIRECTION('',(-1.,-0.,-0.));
#11218 = DIRECTION('',(0.,1.,0.));
#11219 = ADVANCED_FACE('',(#11220),#11231,.T.);
#11220 = FACE_BOUND('',#11221,.F.);
#11221 = EDGE_LOOP('',(#11222,#11223,#11229,#11230));
#11222 = ORIENTED_EDGE('',*,*,#10922,.T.);
#11223 = ORIENTED_EDGE('',*,*,#11224,.T.);
#11224 = EDGE_CURVE('',#10913,#10985,#11225,.T.);
#11225 = LINE('',#11226,#11227);
#11226 = CARTESIAN_POINT('',(21.42,30.41,12.));
#11227 = VECTOR('',#11228,1.);
#11228 = DIRECTION('',(1.,0.,0.));
#11229 = ORIENTED_EDGE('',*,*,#10992,.T.);
#11230 = ORIENTED_EDGE('',*,*,#10889,.F.);
#11231 = CYLINDRICAL_SURFACE('',#11232,0.87);
#11232 = AXIS2_PLACEMENT_3D('',#11233,#11234,#11235);
#11233 = CARTESIAN_POINT('',(21.42,30.41,11.13));
#11234 = DIRECTION('',(-1.,-0.,-0.));
#11235 = DIRECTION('',(0.,1.,0.));
#11236 = ADVANCED_FACE('',(#11237),#11248,.F.);
#11237 = FACE_BOUND('',#11238,.F.);
#11238 = EDGE_LOOP('',(#11239,#11240,#11246,#11247));
#11239 = ORIENTED_EDGE('',*,*,#10912,.T.);
#11240 = ORIENTED_EDGE('',*,*,#11241,.T.);
#11241 = EDGE_CURVE('',#10915,#10976,#11242,.T.);
#11242 = LINE('',#11243,#11244);
#11243 = CARTESIAN_POINT('',(21.42,38.79,12.));
#11244 = VECTOR('',#11245,1.);
#11245 = DIRECTION('',(1.,0.,0.));
#11246 = ORIENTED_EDGE('',*,*,#10984,.T.);
#11247 = ORIENTED_EDGE('',*,*,#11224,.F.);
#11248 = PLANE('',#11249);
#11249 = AXIS2_PLACEMENT_3D('',#11250,#11251,#11252);
#11250 = CARTESIAN_POINT('',(21.42,38.79,12.));
#11251 = DIRECTION('',(0.,0.,-1.));
#11252 = DIRECTION('',(0.,-1.,0.));
#11253 = ADVANCED_FACE('',(#11254),#11260,.T.);
#11254 = FACE_BOUND('',#11255,.F.);
#11255 = EDGE_LOOP('',(#11256,#11257,#11258,#11259));
#11256 = ORIENTED_EDGE('',*,*,#10939,.T.);
#11257 = ORIENTED_EDGE('',*,*,#11021,.T.);
#11258 = ORIENTED_EDGE('',*,*,#10975,.T.);
#11259 = ORIENTED_EDGE('',*,*,#11241,.F.);
#11260 = CYLINDRICAL_SURFACE('',#11261,0.75);
#11261 = AXIS2_PLACEMENT_3D('',#11262,#11263,#11264);
#11262 = CARTESIAN_POINT('',(21.42,38.79,11.25));
#11263 = DIRECTION('',(-1.,-0.,-0.));
#11264 = DIRECTION('',(0.,1.,0.));
#11265 = ADVANCED_FACE('',(#11266),#11277,.F.);
#11266 = FACE_BOUND('',#11267,.T.);
#11267 = EDGE_LOOP('',(#11268,#11269,#11275,#11276));
#11268 = ORIENTED_EDGE('',*,*,#10948,.T.);
#11269 = ORIENTED_EDGE('',*,*,#11270,.T.);
#11270 = EDGE_CURVE('',#10949,#11002,#11271,.T.);
#11271 = LINE('',#11272,#11273);
#11272 = CARTESIAN_POINT('',(21.42,35.54,9.));
#11273 = VECTOR('',#11274,1.);
#11274 = DIRECTION('',(1.,0.,0.));
#11275 = ORIENTED_EDGE('',*,*,#11001,.T.);
#11276 = ORIENTED_EDGE('',*,*,#11270,.F.);
#11277 = CYLINDRICAL_SURFACE('',#11278,1.);
#11278 = AXIS2_PLACEMENT_3D('',#11279,#11280,#11281);
#11279 = CARTESIAN_POINT('',(21.42,34.54,9.));
#11280 = DIRECTION('',(-1.,-0.,-0.));
#11281 = DIRECTION('',(0.,1.,0.));
#11282 = ADVANCED_FACE('',(#11283),#11286,.T.);
#11283 = FACE_BOUND('',#11284,.T.);
#11284 = EDGE_LOOP('',(#11285));
#11285 = ORIENTED_EDGE('',*,*,#11043,.T.);
#11286 = PLANE('',#11287);
#11287 = AXIS2_PLACEMENT_3D('',#11288,#11289,#11290);
#11288 = CARTESIAN_POINT('',(31.9355596875,34.5756846875,2.));
#11289 = DIRECTION('',(0.,0.,1.));
#11290 = DIRECTION('',(1.,0.,0.));
#11291 = ADVANCED_FACE('',(#11292),#11295,.T.);
#11292 = FACE_BOUND('',#11293,.T.);
#11293 = EDGE_LOOP('',(#11294));
#11294 = ORIENTED_EDGE('',*,*,#11068,.T.);
#11295 = PLANE('',#11296);
#11296 = AXIS2_PLACEMENT_3D('',#11297,#11298,#11299);
#11297 = CARTESIAN_POINT('',(31.9355596875,34.5756846875,2.));
#11298 = DIRECTION('',(0.,0.,1.));
#11299 = DIRECTION('',(1.,0.,0.));
#11300 = ADVANCED_FACE('',(#11301),#11304,.T.);
#11301 = FACE_BOUND('',#11302,.T.);
#11302 = EDGE_LOOP('',(#11303));
#11303 = ORIENTED_EDGE('',*,*,#11093,.T.);
#11304 = PLANE('',#11305);
#11305 = AXIS2_PLACEMENT_3D('',#11306,#11307,#11308);
#11306 = CARTESIAN_POINT('',(31.9355596875,34.5756846875,2.));
#11307 = DIRECTION('',(0.,0.,1.));
#11308 = DIRECTION('',(1.,0.,0.));
#11309 = ADVANCED_FACE('',(#11310),#11313,.T.);
#11310 = FACE_BOUND('',#11311,.T.);
#11311 = EDGE_LOOP('',(#11312));
#11312 = ORIENTED_EDGE('',*,*,#11118,.T.);
#11313 = PLANE('',#11314);
#11314 = AXIS2_PLACEMENT_3D('',#11315,#11316,#11317);
#11315 = CARTESIAN_POINT('',(31.9355596875,34.5756846875,2.));
#11316 = DIRECTION('',(0.,0.,1.));
#11317 = DIRECTION('',(1.,0.,0.));
#11318 = ADVANCED_FACE('',(#11319),#11322,.T.);
#11319 = FACE_BOUND('',#11320,.T.);
#11320 = EDGE_LOOP('',(#11321));
#11321 = ORIENTED_EDGE('',*,*,#11143,.T.);
#11322 = PLANE('',#11323);
#11323 = AXIS2_PLACEMENT_3D('',#11324,#11325,#11326);
#11324 = CARTESIAN_POINT('',(31.9355596875,34.5756846875,2.));
#11325 = DIRECTION('',(0.,0.,1.));
#11326 = DIRECTION('',(1.,0.,0.));
#11327 = ORIENTED_CLOSED_SHELL('',*,#11328,.F.);
#11328 = CLOSED_SHELL('',(#11329,#11362,#11371));
#11329 = ADVANCED_FACE('',(#11330),#11357,.T.);
#11330 = FACE_BOUND('',#11331,.T.);
#11331 = EDGE_LOOP('',(#11332,#11342,#11349,#11350));
#11332 = ORIENTED_EDGE('',*,*,#11333,.T.);
#11333 = EDGE_CURVE('',#11334,#11336,#11338,.T.);
#11334 = VERTEX_POINT('',#11335);
#11335 = CARTESIAN_POINT('',(6.482748086369,11.9725765625,-1.65));
#11336 = VERTEX_POINT('',#11337);
#11337 = CARTESIAN_POINT('',(6.482748086369,11.9725765625,0.65));
#11338 = LINE('',#11339,#11340);
#11339 = CARTESIAN_POINT('',(6.482748086369,11.9725765625,-1.65));
#11340 = VECTOR('',#11341,1.);
#11341 = DIRECTION('',(0.,0.,1.));
#11342 = ORIENTED_EDGE('',*,*,#11343,.T.);
#11343 = EDGE_CURVE('',#11336,#11336,#11344,.T.);
#11344 = CIRCLE('',#11345,2.75);
#11345 = AXIS2_PLACEMENT_3D('',#11346,#11347,#11348);
#11346 = CARTESIAN_POINT('',(3.732748086369,11.9725765625,0.65));
#11347 = DIRECTION('',(0.,0.,-1.));
#11348 = DIRECTION('',(1.,0.,0.));
#11349 = ORIENTED_EDGE('',*,*,#11333,.F.);
#11350 = ORIENTED_EDGE('',*,*,#11351,.F.);
#11351 = EDGE_CURVE('',#11334,#11334,#11352,.T.);
#11352 = CIRCLE('',#11353,2.75);
#11353 = AXIS2_PLACEMENT_3D('',#11354,#11355,#11356);
#11354 = CARTESIAN_POINT('',(3.732748086369,11.9725765625,-1.65));
#11355 = DIRECTION('',(0.,0.,-1.));
#11356 = DIRECTION('',(1.,0.,0.));
#11357 = CYLINDRICAL_SURFACE('',#11358,2.75);
#11358 = AXIS2_PLACEMENT_3D('',#11359,#11360,#11361);
#11359 = CARTESIAN_POINT('',(3.732748086369,11.9725765625,-1.65));
#11360 = DIRECTION('',(0.,0.,-1.));
#11361 = DIRECTION('',(1.,0.,0.));
#11362 = ADVANCED_FACE('',(#11363),#11366,.F.);
#11363 = FACE_BOUND('',#11364,.T.);
#11364 = EDGE_LOOP('',(#11365));
#11365 = ORIENTED_EDGE('',*,*,#11351,.T.);
#11366 = PLANE('',#11367);
#11367 = AXIS2_PLACEMENT_3D('',#11368,#11369,#11370);
#11368 = CARTESIAN_POINT('',(26.561551423372,34.396181668605,-1.65));
#11369 = DIRECTION('',(0.,0.,1.));
#11370 = DIRECTION('',(1.,0.,0.));
#11371 = ADVANCED_FACE('',(#11372),#11375,.T.);
#11372 = FACE_BOUND('',#11373,.F.);
#11373 = EDGE_LOOP('',(#11374));
#11374 = ORIENTED_EDGE('',*,*,#11343,.T.);
#11375 = PLANE('',#11376);
#11376 = AXIS2_PLACEMENT_3D('',#11377,#11378,#11379);
#11377 = CARTESIAN_POINT('',(26.561551423372,34.396181668605,0.65));
#11378 = DIRECTION('',(0.,0.,1.));
#11379 = DIRECTION('',(1.,0.,0.));
#11380 = ORIENTED_CLOSED_SHELL('',*,#11381,.F.);
#11381 = CLOSED_SHELL('',(#11382,#11415,#11424));
#11382 = ADVANCED_FACE('',(#11383),#11410,.T.);
#11383 = FACE_BOUND('',#11384,.T.);
#11384 = EDGE_LOOP('',(#11385,#11395,#11402,#11403));
#11385 = ORIENTED_EDGE('',*,*,#11386,.T.);
#11386 = EDGE_CURVE('',#11387,#11389,#11391,.T.);
#11387 = VERTEX_POINT('',#11388);
#11388 = CARTESIAN_POINT('',(29.17,2.54,-1.65));
#11389 = VERTEX_POINT('',#11390);
#11390 = CARTESIAN_POINT('',(29.17,2.54,0.65));
#11391 = LINE('',#11392,#11393);
#11392 = CARTESIAN_POINT('',(29.17,2.54,-1.65));
#11393 = VECTOR('',#11394,1.);
#11394 = DIRECTION('',(0.,0.,1.));
#11395 = ORIENTED_EDGE('',*,*,#11396,.T.);
#11396 = EDGE_CURVE('',#11389,#11389,#11397,.T.);
#11397 = CIRCLE('',#11398,2.75);
#11398 = AXIS2_PLACEMENT_3D('',#11399,#11400,#11401);
#11399 = CARTESIAN_POINT('',(26.42,2.54,0.65));
#11400 = DIRECTION('',(0.,0.,-1.));
#11401 = DIRECTION('',(1.,0.,0.));
#11402 = ORIENTED_EDGE('',*,*,#11386,.F.);
#11403 = ORIENTED_EDGE('',*,*,#11404,.F.);
#11404 = EDGE_CURVE('',#11387,#11387,#11405,.T.);
#11405 = CIRCLE('',#11406,2.75);
#11406 = AXIS2_PLACEMENT_3D('',#11407,#11408,#11409);
#11407 = CARTESIAN_POINT('',(26.42,2.54,-1.65));
#11408 = DIRECTION('',(0.,0.,-1.));
#11409 = DIRECTION('',(1.,0.,0.));
#11410 = CYLINDRICAL_SURFACE('',#11411,2.75);
#11411 = AXIS2_PLACEMENT_3D('',#11412,#11413,#11414);
#11412 = CARTESIAN_POINT('',(26.42,2.54,-1.65));
#11413 = DIRECTION('',(0.,0.,-1.));
#11414 = DIRECTION('',(1.,0.,0.));
#11415 = ADVANCED_FACE('',(#11416),#11419,.F.);
#11416 = FACE_BOUND('',#11417,.T.);
#11417 = EDGE_LOOP('',(#11418));
#11418 = ORIENTED_EDGE('',*,*,#11404,.T.);
#11419 = PLANE('',#11420);
#11420 = AXIS2_PLACEMENT_3D('',#11421,#11422,#11423);
#11421 = CARTESIAN_POINT('',(26.561551423372,34.396181668605,-1.65));
#11422 = DIRECTION('',(0.,0.,1.));
#11423 = DIRECTION('',(1.,0.,0.));
#11424 = ADVANCED_FACE('',(#11425),#11428,.T.);
#11425 = FACE_BOUND('',#11426,.F.);
#11426 = EDGE_LOOP('',(#11427));
#11427 = ORIENTED_EDGE('',*,*,#11396,.T.);
#11428 = PLANE('',#11429);
#11429 = AXIS2_PLACEMENT_3D('',#11430,#11431,#11432);
#11430 = CARTESIAN_POINT('',(26.561551423372,34.396181668605,0.65));
#11431 = DIRECTION('',(0.,0.,1.));
#11432 = DIRECTION('',(1.,0.,0.));
#11433 = ORIENTED_CLOSED_SHELL('',*,#11434,.F.);
#11434 = CLOSED_SHELL('',(#11435,#11468,#11477));
#11435 = ADVANCED_FACE('',(#11436),#11463,.T.);
#11436 = FACE_BOUND('',#11437,.T.);
#11437 = EDGE_LOOP('',(#11438,#11448,#11455,#11456));
#11438 = ORIENTED_EDGE('',*,*,#11439,.T.);
#11439 = EDGE_CURVE('',#11440,#11442,#11444,.T.);
#11440 = VERTEX_POINT('',#11441);
#11441 = CARTESIAN_POINT('',(52.17629808053,11.165262235585,-1.65));
#11442 = VERTEX_POINT('',#11443);
#11443 = CARTESIAN_POINT('',(52.17629808053,11.165262235585,0.65));
#11444 = LINE('',#11445,#11446);
#11445 = CARTESIAN_POINT('',(52.17629808053,11.165262235585,-1.65));
#11446 = VECTOR('',#11447,1.);
#11447 = DIRECTION('',(0.,0.,1.));
#11448 = ORIENTED_EDGE('',*,*,#11449,.T.);
#11449 = EDGE_CURVE('',#11442,#11442,#11450,.T.);
#11450 = CIRCLE('',#11451,2.75);
#11451 = AXIS2_PLACEMENT_3D('',#11452,#11453,#11454);
#11452 = CARTESIAN_POINT('',(49.42629808053,11.165262235585,0.65));
#11453 = DIRECTION('',(0.,0.,-1.));
#11454 = DIRECTION('',(1.,0.,0.));
#11455 = ORIENTED_EDGE('',*,*,#11439,.F.);
#11456 = ORIENTED_EDGE('',*,*,#11457,.F.);
#11457 = EDGE_CURVE('',#11440,#11440,#11458,.T.);
#11458 = CIRCLE('',#11459,2.75);
#11459 = AXIS2_PLACEMENT_3D('',#11460,#11461,#11462);
#11460 = CARTESIAN_POINT('',(49.42629808053,11.165262235585,-1.65));
#11461 = DIRECTION('',(0.,0.,-1.));
#11462 = DIRECTION('',(1.,0.,0.));
#11463 = CYLINDRICAL_SURFACE('',#11464,2.75);
#11464 = AXIS2_PLACEMENT_3D('',#11465,#11466,#11467);
#11465 = CARTESIAN_POINT('',(49.42629808053,11.165262235585,-1.65));
#11466 = DIRECTION('',(0.,0.,-1.));
#11467 = DIRECTION('',(1.,0.,0.));
#11468 = ADVANCED_FACE('',(#11469),#11472,.F.);
#11469 = FACE_BOUND('',#11470,.T.);
#11470 = EDGE_LOOP('',(#11471));
#11471 = ORIENTED_EDGE('',*,*,#11457,.T.);
#11472 = PLANE('',#11473);
#11473 = AXIS2_PLACEMENT_3D('',#11474,#11475,#11476);
#11474 = CARTESIAN_POINT('',(26.561551423372,34.396181668605,-1.65));
#11475 = DIRECTION('',(0.,0.,1.));
#11476 = DIRECTION('',(1.,0.,0.));
#11477 = ADVANCED_FACE('',(#11478),#11481,.T.);
#11478 = FACE_BOUND('',#11479,.F.);
#11479 = EDGE_LOOP('',(#11480));
#11480 = ORIENTED_EDGE('',*,*,#11449,.T.);
#11481 = PLANE('',#11482);
#11482 = AXIS2_PLACEMENT_3D('',#11483,#11484,#11485);
#11483 = CARTESIAN_POINT('',(26.561551423372,34.396181668605,0.65));
#11484 = DIRECTION('',(0.,0.,1.));
#11485 = DIRECTION('',(1.,0.,0.));
#11486 = ORIENTED_CLOSED_SHELL('',*,#11487,.F.);
#11487 = CLOSED_SHELL('',(#11488,#11521,#11530));
#11488 = ADVANCED_FACE('',(#11489),#11516,.T.);
#11489 = FACE_BOUND('',#11490,.T.);
#11490 = EDGE_LOOP('',(#11491,#11501,#11508,#11509));
#11491 = ORIENTED_EDGE('',*,*,#11492,.T.);
#11492 = EDGE_CURVE('',#11493,#11495,#11497,.T.);
#11493 = VERTEX_POINT('',#11494);
#11494 = CARTESIAN_POINT('',(61.165961645091,34.031631623823,-1.65));
#11495 = VERTEX_POINT('',#11496);
#11496 = CARTESIAN_POINT('',(61.165961645091,34.031631623823,0.65));
#11497 = LINE('',#11498,#11499);
#11498 = CARTESIAN_POINT('',(61.165961645091,34.031631623823,-1.65));
#11499 = VECTOR('',#11500,1.);
#11500 = DIRECTION('',(0.,0.,1.));
#11501 = ORIENTED_EDGE('',*,*,#11502,.T.);
#11502 = EDGE_CURVE('',#11495,#11495,#11503,.T.);
#11503 = CIRCLE('',#11504,2.75);
#11504 = AXIS2_PLACEMENT_3D('',#11505,#11506,#11507);
#11505 = CARTESIAN_POINT('',(58.415961645091,34.031631623823,0.65));
#11506 = DIRECTION('',(0.,0.,-1.));
#11507 = DIRECTION('',(1.,0.,0.));
#11508 = ORIENTED_EDGE('',*,*,#11492,.F.);
#11509 = ORIENTED_EDGE('',*,*,#11510,.F.);
#11510 = EDGE_CURVE('',#11493,#11493,#11511,.T.);
#11511 = CIRCLE('',#11512,2.75);
#11512 = AXIS2_PLACEMENT_3D('',#11513,#11514,#11515);
#11513 = CARTESIAN_POINT('',(58.415961645091,34.031631623823,-1.65));
#11514 = DIRECTION('',(0.,0.,-1.));
#11515 = DIRECTION('',(1.,0.,0.));
#11516 = CYLINDRICAL_SURFACE('',#11517,2.75);
#11517 = AXIS2_PLACEMENT_3D('',#11518,#11519,#11520);
#11518 = CARTESIAN_POINT('',(58.415961645091,34.031631623823,-1.65));
#11519 = DIRECTION('',(0.,0.,-1.));
#11520 = DIRECTION('',(1.,0.,0.));
#11521 = ADVANCED_FACE('',(#11522),#11525,.F.);
#11522 = FACE_BOUND('',#11523,.T.);
#11523 = EDGE_LOOP('',(#11524));
#11524 = ORIENTED_EDGE('',*,*,#11510,.T.);
#11525 = PLANE('',#11526);
#11526 = AXIS2_PLACEMENT_3D('',#11527,#11528,#11529);
#11527 = CARTESIAN_POINT('',(26.561551423372,34.396181668605,-1.65));
#11528 = DIRECTION('',(0.,0.,1.));
#11529 = DIRECTION('',(1.,0.,0.));
#11530 = ADVANCED_FACE('',(#11531),#11534,.T.);
#11531 = FACE_BOUND('',#11532,.F.);
#11532 = EDGE_LOOP('',(#11533));
#11533 = ORIENTED_EDGE('',*,*,#11502,.T.);
#11534 = PLANE('',#11535);
#11535 = AXIS2_PLACEMENT_3D('',#11536,#11537,#11538);
#11536 = CARTESIAN_POINT('',(26.561551423372,34.396181668605,0.65));
#11537 = DIRECTION('',(0.,0.,1.));
#11538 = DIRECTION('',(1.,0.,0.));
#11539 = ORIENTED_CLOSED_SHELL('',*,#11540,.F.);
#11540 = CLOSED_SHELL('',(#11541,#11574,#11583));
#11541 = ADVANCED_FACE('',(#11542),#11569,.T.);
#11542 = FACE_BOUND('',#11543,.T.);
#11543 = EDGE_LOOP('',(#11544,#11554,#11561,#11562));
#11544 = ORIENTED_EDGE('',*,*,#11545,.T.);
#11545 = EDGE_CURVE('',#11546,#11548,#11550,.T.);
#11546 = VERTEX_POINT('',#11547);
#11547 = CARTESIAN_POINT('',(-2.82955128551,34.709462462036,-1.65));
#11548 = VERTEX_POINT('',#11549);
#11549 = CARTESIAN_POINT('',(-2.82955128551,34.709462462036,0.65));
#11550 = LINE('',#11551,#11552);
#11551 = CARTESIAN_POINT('',(-2.82955128551,34.709462462036,-1.65));
#11552 = VECTOR('',#11553,1.);
#11553 = DIRECTION('',(0.,0.,1.));
#11554 = ORIENTED_EDGE('',*,*,#11555,.T.);
#11555 = EDGE_CURVE('',#11548,#11548,#11556,.T.);
#11556 = CIRCLE('',#11557,2.75);
#11557 = AXIS2_PLACEMENT_3D('',#11558,#11559,#11560);
#11558 = CARTESIAN_POINT('',(-5.57955128551,34.709462462036,0.65));
#11559 = DIRECTION('',(0.,0.,-1.));
#11560 = DIRECTION('',(1.,0.,0.));
#11561 = ORIENTED_EDGE('',*,*,#11545,.F.);
#11562 = ORIENTED_EDGE('',*,*,#11563,.F.);
#11563 = EDGE_CURVE('',#11546,#11546,#11564,.T.);
#11564 = CIRCLE('',#11565,2.75);
#11565 = AXIS2_PLACEMENT_3D('',#11566,#11567,#11568);
#11566 = CARTESIAN_POINT('',(-5.57955128551,34.709462462036,-1.65));
#11567 = DIRECTION('',(0.,0.,-1.));
#11568 = DIRECTION('',(1.,0.,0.));
#11569 = CYLINDRICAL_SURFACE('',#11570,2.75);
#11570 = AXIS2_PLACEMENT_3D('',#11571,#11572,#11573);
#11571 = CARTESIAN_POINT('',(-5.57955128551,34.709462462036,-1.65));
#11572 = DIRECTION('',(0.,0.,-1.));
#11573 = DIRECTION('',(1.,0.,0.));
#11574 = ADVANCED_FACE('',(#11575),#11578,.F.);
#11575 = FACE_BOUND('',#11576,.T.);
#11576 = EDGE_LOOP('',(#11577));
#11577 = ORIENTED_EDGE('',*,*,#11563,.T.);
#11578 = PLANE('',#11579);
#11579 = AXIS2_PLACEMENT_3D('',#11580,#11581,#11582);
#11580 = CARTESIAN_POINT('',(26.561551423372,34.396181668605,-1.65));
#11581 = DIRECTION('',(0.,0.,1.));
#11582 = DIRECTION('',(1.,0.,0.));
#11583 = ADVANCED_FACE('',(#11584),#11587,.T.);
#11584 = FACE_BOUND('',#11585,.F.);
#11585 = EDGE_LOOP('',(#11586));
#11586 = ORIENTED_EDGE('',*,*,#11555,.T.);
#11587 = PLANE('',#11588);
#11588 = AXIS2_PLACEMENT_3D('',#11589,#11590,#11591);
#11589 = CARTESIAN_POINT('',(26.561551423372,34.396181668605,0.65));
#11590 = DIRECTION('',(0.,0.,1.));
#11591 = DIRECTION('',(1.,0.,0.));
#11592 = ORIENTED_CLOSED_SHELL('',*,#11593,.F.);
#11593 = CLOSED_SHELL('',(#11594,#11627,#11636));
#11594 = ADVANCED_FACE('',(#11595),#11622,.T.);
#11595 = FACE_BOUND('',#11596,.T.);
#11596 = EDGE_LOOP('',(#11597,#11607,#11614,#11615));
#11597 = ORIENTED_EDGE('',*,*,#11598,.T.);
#11598 = EDGE_CURVE('',#11599,#11601,#11603,.T.);
#11599 = VERTEX_POINT('',#11600);
#11600 = CARTESIAN_POINT('',(6.723037934251,57.346444133596,-1.65));
#11601 = VERTEX_POINT('',#11602);
#11602 = CARTESIAN_POINT('',(6.723037934251,57.346444133596,0.65));
#11603 = LINE('',#11604,#11605);
#11604 = CARTESIAN_POINT('',(6.723037934251,57.346444133596,-1.65));
#11605 = VECTOR('',#11606,1.);
#11606 = DIRECTION('',(0.,0.,1.));
#11607 = ORIENTED_EDGE('',*,*,#11608,.T.);
#11608 = EDGE_CURVE('',#11601,#11601,#11609,.T.);
#11609 = CIRCLE('',#11610,2.75);
#11610 = AXIS2_PLACEMENT_3D('',#11611,#11612,#11613);
#11611 = CARTESIAN_POINT('',(3.973037934251,57.346444133596,0.65));
#11612 = DIRECTION('',(0.,0.,-1.));
#11613 = DIRECTION('',(1.,0.,0.));
#11614 = ORIENTED_EDGE('',*,*,#11598,.F.);
#11615 = ORIENTED_EDGE('',*,*,#11616,.F.);
#11616 = EDGE_CURVE('',#11599,#11599,#11617,.T.);
#11617 = CIRCLE('',#11618,2.75);
#11618 = AXIS2_PLACEMENT_3D('',#11619,#11620,#11621);
#11619 = CARTESIAN_POINT('',(3.973037934251,57.346444133596,-1.65));
#11620 = DIRECTION('',(0.,0.,-1.));
#11621 = DIRECTION('',(1.,0.,0.));
#11622 = CYLINDRICAL_SURFACE('',#11623,2.75);
#11623 = AXIS2_PLACEMENT_3D('',#11624,#11625,#11626);
#11624 = CARTESIAN_POINT('',(3.973037934251,57.346444133596,-1.65));
#11625 = DIRECTION('',(0.,0.,-1.));
#11626 = DIRECTION('',(1.,0.,0.));
#11627 = ADVANCED_FACE('',(#11628),#11631,.F.);
#11628 = FACE_BOUND('',#11629,.T.);
#11629 = EDGE_LOOP('',(#11630));
#11630 = ORIENTED_EDGE('',*,*,#11616,.T.);
#11631 = PLANE('',#11632);
#11632 = AXIS2_PLACEMENT_3D('',#11633,#11634,#11635);
#11633 = CARTESIAN_POINT('',(26.561551423372,34.396181668605,-1.65));
#11634 = DIRECTION('',(0.,0.,1.));
#11635 = DIRECTION('',(1.,0.,0.));
#11636 = ADVANCED_FACE('',(#11637),#11640,.T.);
#11637 = FACE_BOUND('',#11638,.F.);
#11638 = EDGE_LOOP('',(#11639));
#11639 = ORIENTED_EDGE('',*,*,#11608,.T.);
#11640 = PLANE('',#11641);
#11641 = AXIS2_PLACEMENT_3D('',#11642,#11643,#11644);
#11642 = CARTESIAN_POINT('',(26.561551423372,34.396181668605,0.65));
#11643 = DIRECTION('',(0.,0.,1.));
#11644 = DIRECTION('',(1.,0.,0.));
#11645 = ORIENTED_CLOSED_SHELL('',*,#11646,.F.);
#11646 = CLOSED_SHELL('',(#11647,#11680,#11689));
#11647 = ADVANCED_FACE('',(#11648),#11675,.T.);
#11648 = FACE_BOUND('',#11649,.T.);
#11649 = EDGE_LOOP('',(#11650,#11660,#11667,#11668));
#11650 = ORIENTED_EDGE('',*,*,#11651,.T.);
#11651 = EDGE_CURVE('',#11652,#11654,#11656,.T.);
#11652 = VERTEX_POINT('',#11653);
#11653 = CARTESIAN_POINT('',(29.508920171556,66.538205154623,-1.65));
#11654 = VERTEX_POINT('',#11655);
#11655 = CARTESIAN_POINT('',(29.508920171556,66.538205154623,0.65));
#11656 = LINE('',#11657,#11658);
#11657 = CARTESIAN_POINT('',(29.508920171556,66.538205154623,-1.65));
#11658 = VECTOR('',#11659,1.);
#11659 = DIRECTION('',(0.,0.,1.));
#11660 = ORIENTED_EDGE('',*,*,#11661,.T.);
#11661 = EDGE_CURVE('',#11654,#11654,#11662,.T.);
#11662 = CIRCLE('',#11663,2.75);
#11663 = AXIS2_PLACEMENT_3D('',#11664,#11665,#11666);
#11664 = CARTESIAN_POINT('',(26.758920171556,66.538205154623,0.65));
#11665 = DIRECTION('',(0.,0.,-1.));
#11666 = DIRECTION('',(1.,0.,0.));
#11667 = ORIENTED_EDGE('',*,*,#11651,.F.);
#11668 = ORIENTED_EDGE('',*,*,#11669,.F.);
#11669 = EDGE_CURVE('',#11652,#11652,#11670,.T.);
#11670 = CIRCLE('',#11671,2.75);
#11671 = AXIS2_PLACEMENT_3D('',#11672,#11673,#11674);
#11672 = CARTESIAN_POINT('',(26.758920171556,66.538205154623,-1.65));
#11673 = DIRECTION('',(0.,0.,-1.));
#11674 = DIRECTION('',(1.,0.,0.));
#11675 = CYLINDRICAL_SURFACE('',#11676,2.75);
#11676 = AXIS2_PLACEMENT_3D('',#11677,#11678,#11679);
#11677 = CARTESIAN_POINT('',(26.758920171556,66.538205154623,-1.65));
#11678 = DIRECTION('',(0.,0.,-1.));
#11679 = DIRECTION('',(1.,0.,0.));
#11680 = ADVANCED_FACE('',(#11681),#11684,.F.);
#11681 = FACE_BOUND('',#11682,.T.);
#11682 = EDGE_LOOP('',(#11683));
#11683 = ORIENTED_EDGE('',*,*,#11669,.T.);
#11684 = PLANE('',#11685);
#11685 = AXIS2_PLACEMENT_3D('',#11686,#11687,#11688);
#11686 = CARTESIAN_POINT('',(26.561551423372,34.396181668605,-1.65));
#11687 = DIRECTION('',(0.,0.,1.));
#11688 = DIRECTION('',(1.,0.,0.));
#11689 = ADVANCED_FACE('',(#11690),#11693,.T.);
#11690 = FACE_BOUND('',#11691,.F.);
#11691 = EDGE_LOOP('',(#11692));
#11692 = ORIENTED_EDGE('',*,*,#11661,.T.);
#11693 = PLANE('',#11694);
#11694 = AXIS2_PLACEMENT_3D('',#11695,#11696,#11697);
#11695 = CARTESIAN_POINT('',(26.561551423372,34.396181668605,0.65));
#11696 = DIRECTION('',(0.,0.,1.));
#11697 = DIRECTION('',(1.,0.,0.));
#11698 = ORIENTED_CLOSED_SHELL('',*,#11699,.F.);
#11699 = CLOSED_SHELL('',(#11700,#11733,#11742));
#11700 = ADVANCED_FACE('',(#11701),#11728,.T.);
#11701 = FACE_BOUND('',#11702,.T.);
#11702 = EDGE_LOOP('',(#11703,#11713,#11720,#11721));
#11703 = ORIENTED_EDGE('',*,*,#11704,.T.);
#11704 = EDGE_CURVE('',#11705,#11707,#11709,.T.);
#11705 = VERTEX_POINT('',#11706);
#11706 = CARTESIAN_POINT('',(52.094996754688,56.865871176677,-1.65));
#11707 = VERTEX_POINT('',#11708);
#11708 = CARTESIAN_POINT('',(52.094996754688,56.865871176677,0.65));
#11709 = LINE('',#11710,#11711);
#11710 = CARTESIAN_POINT('',(52.094996754688,56.865871176677,-1.65));
#11711 = VECTOR('',#11712,1.);
#11712 = DIRECTION('',(0.,0.,1.));
#11713 = ORIENTED_EDGE('',*,*,#11714,.T.);
#11714 = EDGE_CURVE('',#11707,#11707,#11715,.T.);
#11715 = CIRCLE('',#11716,2.75);
#11716 = AXIS2_PLACEMENT_3D('',#11717,#11718,#11719);
#11717 = CARTESIAN_POINT('',(49.344996754688,56.865871176677,0.65));
#11718 = DIRECTION('',(0.,0.,-1.));
#11719 = DIRECTION('',(1.,0.,0.));
#11720 = ORIENTED_EDGE('',*,*,#11704,.F.);
#11721 = ORIENTED_EDGE('',*,*,#11722,.F.);
#11722 = EDGE_CURVE('',#11705,#11705,#11723,.T.);
#11723 = CIRCLE('',#11724,2.75);
#11724 = AXIS2_PLACEMENT_3D('',#11725,#11726,#11727);
#11725 = CARTESIAN_POINT('',(49.344996754688,56.865871176677,-1.65));
#11726 = DIRECTION('',(0.,0.,-1.));
#11727 = DIRECTION('',(1.,0.,0.));
#11728 = CYLINDRICAL_SURFACE('',#11729,2.75);
#11729 = AXIS2_PLACEMENT_3D('',#11730,#11731,#11732);
#11730 = CARTESIAN_POINT('',(49.344996754688,56.865871176677,-1.65));
#11731 = DIRECTION('',(0.,0.,-1.));
#11732 = DIRECTION('',(1.,0.,0.));
#11733 = ADVANCED_FACE('',(#11734),#11737,.F.);
#11734 = FACE_BOUND('',#11735,.T.);
#11735 = EDGE_LOOP('',(#11736));
#11736 = ORIENTED_EDGE('',*,*,#11722,.T.);
#11737 = PLANE('',#11738);
#11738 = AXIS2_PLACEMENT_3D('',#11739,#11740,#11741);
#11739 = CARTESIAN_POINT('',(26.561551423372,34.396181668605,-1.65));
#11740 = DIRECTION('',(0.,0.,1.));
#11741 = DIRECTION('',(1.,0.,0.));
#11742 = ADVANCED_FACE('',(#11743),#11746,.T.);
#11743 = FACE_BOUND('',#11744,.F.);
#11744 = EDGE_LOOP('',(#11745));
#11745 = ORIENTED_EDGE('',*,*,#11714,.T.);
#11746 = PLANE('',#11747);
#11747 = AXIS2_PLACEMENT_3D('',#11748,#11749,#11750);
#11748 = CARTESIAN_POINT('',(26.561551423372,34.396181668605,0.65));
#11749 = DIRECTION('',(0.,0.,1.));
#11750 = DIRECTION('',(1.,0.,0.));
#11751 = ORIENTED_CLOSED_SHELL('',*,#11752,.F.);
#11752 = CLOSED_SHELL('',(#11753,#11786,#11795));
#11753 = ADVANCED_FACE('',(#11754),#11781,.T.);
#11754 = FACE_BOUND('',#11755,.T.);
#11755 = EDGE_LOOP('',(#11756,#11766,#11773,#11774));
#11756 = ORIENTED_EDGE('',*,*,#11757,.T.);
#11757 = EDGE_CURVE('',#11758,#11760,#11762,.T.);
#11758 = VERTEX_POINT('',#11759);
#11759 = CARTESIAN_POINT('',(53.052381,16.52751,5.));
#11760 = VERTEX_POINT('',#11761);
#11761 = CARTESIAN_POINT('',(53.052381,16.52751,2.));
#11762 = LINE('',#11763,#11764);
#11763 = CARTESIAN_POINT('',(53.052381,16.52751,5.));
#11764 = VECTOR('',#11765,1.);
#11765 = DIRECTION('',(-0.,-0.,-1.));
#11766 = ORIENTED_EDGE('',*,*,#11767,.T.);
#11767 = EDGE_CURVE('',#11760,#11760,#11768,.T.);
#11768 = CIRCLE('',#11769,1.5);
#11769 = AXIS2_PLACEMENT_3D('',#11770,#11771,#11772);
#11770 = CARTESIAN_POINT('',(51.552381,16.52751,2.));
#11771 = DIRECTION('',(0.,0.,1.));
#11772 = DIRECTION('',(1.,0.,0.));
#11773 = ORIENTED_EDGE('',*,*,#11757,.F.);
#11774 = ORIENTED_EDGE('',*,*,#11775,.F.);
#11775 = EDGE_CURVE('',#11758,#11758,#11776,.T.);
#11776 = CIRCLE('',#11777,1.5);
#11777 = AXIS2_PLACEMENT_3D('',#11778,#11779,#11780);
#11778 = CARTESIAN_POINT('',(51.552381,16.52751,5.));
#11779 = DIRECTION('',(0.,0.,1.));
#11780 = DIRECTION('',(1.,0.,0.));
#11781 = CYLINDRICAL_SURFACE('',#11782,1.5);
#11782 = AXIS2_PLACEMENT_3D('',#11783,#11784,#11785);
#11783 = CARTESIAN_POINT('',(51.552381,16.52751,5.));
#11784 = DIRECTION('',(0.,0.,1.));
#11785 = DIRECTION('',(1.,0.,-0.));
#11786 = ADVANCED_FACE('',(#11787),#11790,.T.);
#11787 = FACE_BOUND('',#11788,.T.);
#11788 = EDGE_LOOP('',(#11789));
#11789 = ORIENTED_EDGE('',*,*,#11775,.T.);
#11790 = PLANE('',#11791);
#11791 = AXIS2_PLACEMENT_3D('',#11792,#11793,#11794);
#11792 = CARTESIAN_POINT('',(31.9355596875,34.5756846875,5.));
#11793 = DIRECTION('',(0.,0.,1.));
#11794 = DIRECTION('',(1.,0.,0.));
#11795 = ADVANCED_FACE('',(#11796),#11799,.F.);
#11796 = FACE_BOUND('',#11797,.F.);
#11797 = EDGE_LOOP('',(#11798));
#11798 = ORIENTED_EDGE('',*,*,#11767,.T.);
#11799 = PLANE('',#11800);
#11800 = AXIS2_PLACEMENT_3D('',#11801,#11802,#11803);
#11801 = CARTESIAN_POINT('',(31.9355596875,34.5756846875,2.));
#11802 = DIRECTION('',(0.,0.,1.));
#11803 = DIRECTION('',(1.,0.,0.));
#11804 = ORIENTED_CLOSED_SHELL('',*,#11805,.F.);
#11805 = CLOSED_SHELL('',(#11806,#11839,#11848));
#11806 = ADVANCED_FACE('',(#11807),#11834,.T.);
#11807 = FACE_BOUND('',#11808,.T.);
#11808 = EDGE_LOOP('',(#11809,#11819,#11826,#11827));
#11809 = ORIENTED_EDGE('',*,*,#11810,.T.);
#11810 = EDGE_CURVE('',#11811,#11813,#11815,.T.);
#11811 = VERTEX_POINT('',#11812);
#11812 = CARTESIAN_POINT('',(52.817236,52.876141,5.));
#11813 = VERTEX_POINT('',#11814);
#11814 = CARTESIAN_POINT('',(52.817236,52.876141,2.));
#11815 = LINE('',#11816,#11817);
#11816 = CARTESIAN_POINT('',(52.817236,52.876141,5.));
#11817 = VECTOR('',#11818,1.);
#11818 = DIRECTION('',(-0.,-0.,-1.));
#11819 = ORIENTED_EDGE('',*,*,#11820,.T.);
#11820 = EDGE_CURVE('',#11813,#11813,#11821,.T.);
#11821 = CIRCLE('',#11822,1.5);
#11822 = AXIS2_PLACEMENT_3D('',#11823,#11824,#11825);
#11823 = CARTESIAN_POINT('',(51.317236,52.876141,2.));
#11824 = DIRECTION('',(0.,0.,1.));
#11825 = DIRECTION('',(1.,0.,0.));
#11826 = ORIENTED_EDGE('',*,*,#11810,.F.);
#11827 = ORIENTED_EDGE('',*,*,#11828,.F.);
#11828 = EDGE_CURVE('',#11811,#11811,#11829,.T.);
#11829 = CIRCLE('',#11830,1.5);
#11830 = AXIS2_PLACEMENT_3D('',#11831,#11832,#11833);
#11831 = CARTESIAN_POINT('',(51.317236,52.876141,5.));
#11832 = DIRECTION('',(0.,0.,1.));
#11833 = DIRECTION('',(1.,0.,0.));
#11834 = CYLINDRICAL_SURFACE('',#11835,1.5);
#11835 = AXIS2_PLACEMENT_3D('',#11836,#11837,#11838);
#11836 = CARTESIAN_POINT('',(51.317236,52.876141,5.));
#11837 = DIRECTION('',(0.,0.,1.));
#11838 = DIRECTION('',(1.,0.,-0.));
#11839 = ADVANCED_FACE('',(#11840),#11843,.T.);
#11840 = FACE_BOUND('',#11841,.T.);
#11841 = EDGE_LOOP('',(#11842));
#11842 = ORIENTED_EDGE('',*,*,#11828,.T.);
#11843 = PLANE('',#11844);
#11844 = AXIS2_PLACEMENT_3D('',#11845,#11846,#11847);
#11845 = CARTESIAN_POINT('',(31.9355596875,34.5756846875,5.));
#11846 = DIRECTION('',(0.,0.,1.));
#11847 = DIRECTION('',(1.,0.,0.));
#11848 = ADVANCED_FACE('',(#11849),#11852,.F.);
#11849 = FACE_BOUND('',#11850,.F.);
#11850 = EDGE_LOOP('',(#11851));
#11851 = ORIENTED_EDGE('',*,*,#11820,.T.);
#11852 = PLANE('',#11853);
#11853 = AXIS2_PLACEMENT_3D('',#11854,#11855,#11856);
#11854 = CARTESIAN_POINT('',(31.9355596875,34.5756846875,2.));
#11855 = DIRECTION('',(0.,0.,1.));
#11856 = DIRECTION('',(1.,0.,0.));
#11857 = ( GEOMETRIC_REPRESENTATION_CONTEXT(3) 
GLOBAL_UNCERTAINTY_ASSIGNED_CONTEXT((#11861)) 
GLOBAL_UNIT_ASSIGNED_CONTEXT((#11858,#11859,#11860)) 
REPRESENTATION_CONTEXT('Context #1',
  '3D Context with UNIT and UNCERTAINTY') );
#11858 = ( LENGTH_UNIT() NAMED_UNIT(*) SI_UNIT(.MILLI.,.METRE.) );
#11859 = ( NAMED_UNIT(*) PLANE_ANGLE_UNIT() SI_UNIT($,.RADIAN.) );
#11860 = ( NAMED_UNIT(*) SI_UNIT($,.STERADIAN.) SOLID_ANGLE_UNIT() );
#11861 = UNCERTAINTY_MEASURE_WITH_UNIT(LENGTH_MEASURE(2.E-06),#11858,
  'distance_accuracy_value','confusion accuracy');
#11862 = CONTEXT_DEPENDENT_SHAPE_REPRESENTATION(#11863,#11865);
#11863 = ( REPRESENTATION_RELATIONSHIP('','',#9527,#10) 
REPRESENTATION_RELATIONSHIP_WITH_TRANSFORMATION(#11864) 
SHAPE_REPRESENTATION_RELATIONSHIP() );
#11864 = ITEM_DEFINED_TRANSFORMATION('','',#11,#39);
#11865 = PRODUCT_DEFINITION_SHAPE('Placement','Placement of an item',
  #11866);
#11866 = NEXT_ASSEMBLY_USAGE_OCCURRENCE('7','Stempel','',#5,#9522,$);
#11867 = PRODUCT_RELATED_PRODUCT_CATEGORY('part',$,(#9524));
#11868 = MECHANICAL_DESIGN_GEOMETRIC_PRESENTATION_REPRESENTATION('',(
    #11869),#9509);
#11869 = STYLED_ITEM('color',(#11870),#8999);
#11870 = PRESENTATION_STYLE_ASSIGNMENT((#11871,#11877));
#11871 = SURFACE_STYLE_USAGE(.BOTH.,#11872);
#11872 = SURFACE_SIDE_STYLE('',(#11873));
#11873 = SURFACE_STYLE_FILL_AREA(#11874);
#11874 = FILL_AREA_STYLE('',(#11875));
#11875 = FILL_AREA_STYLE_COLOUR('',#11876);
#11876 = COLOUR_RGB('',0.447058818107,0.474509808674,0.501960817233);
#11877 = CURVE_STYLE('',#11878,POSITIVE_LENGTH_MEASURE(0.1),#11879);
#11878 = DRAUGHTING_PRE_DEFINED_CURVE_FONT('continuous');
#11879 = COLOUR_RGB('',9.803921802644E-02,9.803921802644E-02,
  9.803921802644E-02);
#11880 = MECHANICAL_DESIGN_GEOMETRIC_PRESENTATION_REPRESENTATION('',(
    #11881),#11857);
#11881 = STYLED_ITEM('color',(#11882),#9528);
#11882 = PRESENTATION_STYLE_ASSIGNMENT((#11883,#11888));
#11883 = SURFACE_STYLE_USAGE(.BOTH.,#11884);
#11884 = SURFACE_SIDE_STYLE('',(#11885));
#11885 = SURFACE_STYLE_FILL_AREA(#11886);
#11886 = FILL_AREA_STYLE('',(#11887));
#11887 = FILL_AREA_STYLE_COLOUR('',#11876);
#11888 = CURVE_STYLE('',#11889,POSITIVE_LENGTH_MEASURE(0.1),#11879);
#11889 = DRAUGHTING_PRE_DEFINED_CURVE_FONT('continuous');
#11890 = MECHANICAL_DESIGN_GEOMETRIC_PRESENTATION_REPRESENTATION('',(
    #11891),#710);
#11891 = STYLED_ITEM('color',(#11892),#57);
#11892 = PRESENTATION_STYLE_ASSIGNMENT((#11893,#11898));
#11893 = SURFACE_STYLE_USAGE(.BOTH.,#11894);
#11894 = SURFACE_SIDE_STYLE('',(#11895));
#11895 = SURFACE_STYLE_FILL_AREA(#11896);
#11896 = FILL_AREA_STYLE('',(#11897));
#11897 = FILL_AREA_STYLE_COLOUR('',#11876);
#11898 = CURVE_STYLE('',#11899,POSITIVE_LENGTH_MEASURE(0.1),#11879);
#11899 = DRAUGHTING_PRE_DEFINED_CURVE_FONT('continuous');
#11900 = MECHANICAL_DESIGN_GEOMETRIC_PRESENTATION_REPRESENTATION('',(
    #11901),#8980);
#11901 = STYLED_ITEM('color',(#11902),#8530);
#11902 = PRESENTATION_STYLE_ASSIGNMENT((#11903,#11908));
#11903 = SURFACE_STYLE_USAGE(.BOTH.,#11904);
#11904 = SURFACE_SIDE_STYLE('',(#11905));
#11905 = SURFACE_STYLE_FILL_AREA(#11906);
#11906 = FILL_AREA_STYLE('',(#11907));
#11907 = FILL_AREA_STYLE_COLOUR('',#11876);
#11908 = CURVE_STYLE('',#11909,POSITIVE_LENGTH_MEASURE(0.1),#11879);
#11909 = DRAUGHTING_PRE_DEFINED_CURVE_FONT('continuous');
#11910 = MECHANICAL_DESIGN_GEOMETRIC_PRESENTATION_REPRESENTATION('',(
    #11911),#8015);
#11911 = STYLED_ITEM('color',(#11912),#2898);
#11912 = PRESENTATION_STYLE_ASSIGNMENT((#11913,#11918));
#11913 = SURFACE_STYLE_USAGE(.BOTH.,#11914);
#11914 = SURFACE_SIDE_STYLE('',(#11915));
#11915 = SURFACE_STYLE_FILL_AREA(#11916);
#11916 = FILL_AREA_STYLE('',(#11917));
#11917 = FILL_AREA_STYLE_COLOUR('',#11876);
#11918 = CURVE_STYLE('',#11919,POSITIVE_LENGTH_MEASURE(0.1),#11879);
#11919 = DRAUGHTING_PRE_DEFINED_CURVE_FONT('continuous');
#11920 = MECHANICAL_DESIGN_GEOMETRIC_PRESENTATION_REPRESENTATION('',(
    #11921),#8511);
#11921 = STYLED_ITEM('color',(#11922),#8034);
#11922 = PRESENTATION_STYLE_ASSIGNMENT((#11923,#11928));
#11923 = SURFACE_STYLE_USAGE(.BOTH.,#11924);
#11924 = SURFACE_SIDE_STYLE('',(#11925));
#11925 = SURFACE_STYLE_FILL_AREA(#11926);
#11926 = FILL_AREA_STYLE('',(#11927));
#11927 = FILL_AREA_STYLE_COLOUR('',#11876);
#11928 = CURVE_STYLE('',#11929,POSITIVE_LENGTH_MEASURE(0.1),#11879);
#11929 = DRAUGHTING_PRE_DEFINED_CURVE_FONT('continuous');
#11930 = MECHANICAL_DESIGN_GEOMETRIC_PRESENTATION_REPRESENTATION('',(
    #11931,#11940,#11949,#11958,#11967),#2879);
#11931 = STYLED_ITEM('color',(#11932),#729);
#11932 = PRESENTATION_STYLE_ASSIGNMENT((#11933,#11938));
#11933 = SURFACE_STYLE_USAGE(.BOTH.,#11934);
#11934 = SURFACE_SIDE_STYLE('',(#11935));
#11935 = SURFACE_STYLE_FILL_AREA(#11936);
#11936 = FILL_AREA_STYLE('',(#11937));
#11937 = FILL_AREA_STYLE_COLOUR('',#11876);
#11938 = CURVE_STYLE('',#11939,POSITIVE_LENGTH_MEASURE(0.1),#11879);
#11939 = DRAUGHTING_PRE_DEFINED_CURVE_FONT('continuous');
#11940 = STYLED_ITEM('color',(#11941),#1171);
#11941 = PRESENTATION_STYLE_ASSIGNMENT((#11942,#11947));
#11942 = SURFACE_STYLE_USAGE(.BOTH.,#11943);
#11943 = SURFACE_SIDE_STYLE('',(#11944));
#11944 = SURFACE_STYLE_FILL_AREA(#11945);
#11945 = FILL_AREA_STYLE('',(#11946));
#11946 = FILL_AREA_STYLE_COLOUR('',#11876);
#11947 = CURVE_STYLE('',#11948,POSITIVE_LENGTH_MEASURE(0.1),#11879);
#11948 = DRAUGHTING_PRE_DEFINED_CURVE_FONT('continuous');
#11949 = STYLED_ITEM('color',(#11950),#1613);
#11950 = PRESENTATION_STYLE_ASSIGNMENT((#11951,#11956));
#11951 = SURFACE_STYLE_USAGE(.BOTH.,#11952);
#11952 = SURFACE_SIDE_STYLE('',(#11953));
#11953 = SURFACE_STYLE_FILL_AREA(#11954);
#11954 = FILL_AREA_STYLE('',(#11955));
#11955 = FILL_AREA_STYLE_COLOUR('',#11876);
#11956 = CURVE_STYLE('',#11957,POSITIVE_LENGTH_MEASURE(0.1),#11879);
#11957 = DRAUGHTING_PRE_DEFINED_CURVE_FONT('continuous');
#11958 = STYLED_ITEM('color',(#11959),#2055);
#11959 = PRESENTATION_STYLE_ASSIGNMENT((#11960,#11965));
#11960 = SURFACE_STYLE_USAGE(.BOTH.,#11961);
#11961 = SURFACE_SIDE_STYLE('',(#11962));
#11962 = SURFACE_STYLE_FILL_AREA(#11963);
#11963 = FILL_AREA_STYLE('',(#11964));
#11964 = FILL_AREA_STYLE_COLOUR('',#11876);
#11965 = CURVE_STYLE('',#11966,POSITIVE_LENGTH_MEASURE(0.1),#11879);
#11966 = DRAUGHTING_PRE_DEFINED_CURVE_FONT('continuous');
#11967 = STYLED_ITEM('color',(#11968),#2467);
#11968 = PRESENTATION_STYLE_ASSIGNMENT((#11969,#11974));
#11969 = SURFACE_STYLE_USAGE(.BOTH.,#11970);
#11970 = SURFACE_SIDE_STYLE('',(#11971));
#11971 = SURFACE_STYLE_FILL_AREA(#11972);
#11972 = FILL_AREA_STYLE('',(#11973));
#11973 = FILL_AREA_STYLE_COLOUR('',#11876);
#11974 = CURVE_STYLE('',#11975,POSITIVE_LENGTH_MEASURE(0.1),#11879);
#11975 = DRAUGHTING_PRE_DEFINED_CURVE_FONT('continuous');
ENDSEC;
END-ISO-10303-21;
